39038,2869,2923,2864,2871,191740,320506
39041,2898,2957,2895,2954,302148,365986
39042,2946,2952,2899,2903,228434,370448
39043,2920,2924,2865,2906,271816,358266
39044,2902,2911,2879,2879,180970,370194
39045,2880,2896,2863,2892,188966,363850
39048,2955,2961,2932,2936,210814,370402
39049,2921,2937,2916,2927,117458,366456
39050,2938,2942,2869,2871,159100,354118
39051,2887,2898,2882,2893,91628,344086
39052,2894,2907,2853,2871,145666,328556
39055,2836,2849,2829,2841,145092,317428
39056,2801,2815,2798,2813,91380,301944
39057,2822,2830,2794,2800,85836,298970
39058,2789,2807,2786,2807,93126,296992
39059,2817,2820,2802,2810,55100,294420
39062,2804,2825,2803,2822,59840,293216
39063,2839,2854,2831,2843,101182,302898
39064,2834,2841,2813,2817,70416,299048
39065,2826,2848,2810,2842,93112,303318
39066,2837,2843,2818,2822,62858,301784
39069,2809,2811,2799,2806,55296,302692
39070,2789,2806,2789,2806,53948,306594
39071,2814,2815,2806,2808,28016,302576
39072,2802,2833,2791,2828,72700,302332
39073,2826,2843,2819,2826,59436,297918
39076,2841,2900,2836,2898,213562,347394
39077,2898,2919,2895,2910,183942,346424
39078,2928,2932,2905,2909,160330,352516
39079,2899,2937,2896,2934,196256,361916
39080,2929,2938,2917,2937,98114,365496
39086,2878,2883,2825,2833,153458,339778
39087,2846,2855,2828,2851,125126,324918
39090,2857,2859,2842,2853,66758,328092
39091,2844,2853,2834,2834,76430,336602
39092,2820,2854,2818,2853,74836,338804
39093,2845,2869,2845,2861,70404,348600
39094,2868,2869,2844,2847,59466,347338
39097,2965,2969,2961,2969,67466,360240
39098,2965,2965,2928,2951,148130,371038
39099,2938,2967,2938,2964,90314,377018
39100,3015,3030,3010,3015,128800,339112
39101,2989,2999,2950,2967,107780,337410
39104,2935,2977,2932,2971,58026,337362
39105,2979,3002,2973,2996,81082,346668
39106,3007,3020,2977,2977,146380,352216
39107,2983,2998,2974,2993,97680,355456
39108,2991,2991,2968,2974,77074,344460
39111,2982,2992,2980,2991,60554,353226
39112,2990,2992,2973,2977,52976,350262
39113,2996,3036,2993,3036,178298,399610
39114,3028,3047,3025,3047,181624,414024
39115,3031,3072,3024,3067,308582,455234
39118,3104,3121,3102,3114,308332,522924
39119,3104,3117,3095,3115,248222,533076
39120,3107,3115,3095,3113,197760,527392
39121,3108,3109,3091,3092,171526,511444
39122,3108,3111,3099,3104,136776,509132
39125,3108,3123,3105,3106,134132,514206
39126,3098,3104,3082,3088,156388,505454
39127,3109,3109,3098,3103,91846,506668
39128,3098,3113,3094,3111,77104,506382
39129,3112,3137,3111,3135,121348,507430
39139,3195,3239,3171,3219,318156,533052
39140,3201,3221,3195,3201,150030,529564
39141,3145,3178,3138,3172,179870,522002
39142,3185,3197,3161,3166,186044,525242
39143,3120,3151,3119,3150,178730,533732
39146,3132,3143,3119,3129,131914,528534
39147,3138,3172,3138,3167,154468,551910
39148,3157,3165,3149,3157,119504,549492
39149,3171,3177,3163,3168,139388,558434
39150,3166,3170,3144,3145,129286,537950
39153,3151,3160,3146,3156,89408,543434
39154,3167,3170,3163,3165,106994,545192
39155,3149,3158,3141,3145,151482,538956
39156,3158,3163,3157,3162,84342,543278
39157,3145,3153,3139,3147,123980,543454
39160,3154,3168,3154,3166,111036,564984
39161,3164,3169,3159,3165,79090,563736
39162,3180,3189,3176,3179,142016,568988
39163,3176,3179,3173,3175,95068,563902
39164,3182,3189,3179,3183,101762,572020
39167,3181,3182,3172,3172,74316,566294
39168,3151,3160,3148,3160,104330,548496
39169,3164,3168,3160,3167,57868,556208
39170,3182,3184,3176,3177,85874,555256
39171,3185,3224,3182,3221,223142,596488
39174,3166,3217,3158,3209,343654,621946
39175,3249,3252,3234,3244,360332,652562
39176,3221,3248,3221,3248,247026,652424
39177,3240,3244,3229,3230,161774,638210
39178,3228,3232,3203,3209,215444,623508
39181,3224,3240,3217,3229,207250,613360
39182,3198,3204,3176,3182,221748,600712
39183,3184,3197,3183,3189,180440,593078
39184,3183,3188,3144,3149,293482,618478
39185,3151,3151,3109,3115,254590,593030
39188,3106,3126,3099,3117,174496,588102
39189,3118,3130,3089,3099,175010,572224
39190,3082,3084,3036,3056,310154,546494
39191,3054,3075,3038,3067,283196,529654
39192,3069,3081,3054,3068,137180,518032
39195,3075,3090,3066,3089,88760,521678
39196,3068,3084,3065,3070,133780,525800
39197,3064,3089,3056,3083,147866,523808
39198,3107,3125,3101,3122,160530,526064
39199,3110,3119,3098,3114,121646,511720
39202,3104,3117,3096,3112,75970,507268
39210,3117,3118,3101,3105,65208,499302
39211,3113,3152,3110,3149,151338,504034
39212,3157,3159,3138,3146,108602,501978
39213,3153,3163,3136,3162,119622,509554
39216,3202,3230,3197,3227,217298,522862
39217,3226,3230,3207,3213,203314,524482
39218,3247,3255,3241,3242,172776,540236
39219,3270,3271,3234,3234,244072,550486
39220,3244,3255,3234,3245,150054,548944
39223,3233,3289,3222,3281,288612,552610
39224,3279,3304,3279,3281,247014,568504
39225,3270,3293,3270,3278,192456,580300
39226,3298,3305,3289,3291,192148,591898
39227,3296,3329,3287,3307,376088,626486
39230,3309,3342,3309,3339,334146,649252
39231,3331,3332,3292,3293,260582,647512
39232,3267,3278,3223,3239,358160,594016
39233,3274,3280,3261,3269,191710,605098
39234,3283,3283,3266,3269,126416,601256
39237,3294,3306,3288,3291,188880,617652
39238,3296,3304,3282,3304,161104,615682
39239,3327,3340,3311,3317,319016,629400
39240,3311,3317,3297,3309,212806,626476
39241,3334,3335,3285,3290,268852,614146
39244,3314,3323,3280,3305,271598,610086
39245,3291,3297,3255,3258,289270,619186
39246,3251,3254,3213,3220,346770,584100
39247,3243,3265,3234,3252,250378,578382
39248,3258,3261,3246,3252,143746,577068
39251,3319,3323,3299,3315,261662,565484
39252,3296,3300,3283,3283,188962,583150
39253,3256,3259,3243,3259,179372,587634
39254,3269,3272,3254,3260,115576,582184
39255,3217,3230,3216,3225,174718,569740
39258,3195,3226,3194,3225,153290,577108
39259,3229,3229,3186,3193,226668,557354
39260,3199,3213,3179,3207,260212,555244
39261,3206,3212,3189,3207,153760,544746
39262,3208,3225,3204,3214,117306,543076
39265,3298,3311,3276,3300,354652,536236
39266,3299,3300,3273,3273,184942,540244
39267,3261,3270,3253,3267,154660,545546
39268,3276,3283,3270,3275,144722,551352
39269,3270,3285,3265,3285,83054,551852
39272,3266,3273,3251,3252,142660,551784
39273,3266,3267,3251,3256,126554,538832
39274,3280,3337,3280,3317,292186,541796
39275,3328,3358,3319,3357,310436,561986
39276,3384,3384,3353,3355,298012,580704
39279,3321,3344,3316,3343,181676,594758
39280,3289,3314,3277,3304,188196,614818
39281,3281,3300,3281,3293,170164,642034
39282,3300,3301,3270,3270,142398,640428
39283,3285,3308,3273,3307,143076,634612
39286,3288,3292,3278,3288,97810,634276
39287,3261,3265,3256,3263,143654,643134
39288,3264,3277,3263,3277,81902,642704
39289,3268,3310,3266,3304,165056,655546
39290,3303,3306,3280,3285,169554,646250
39293,3299,3349,3297,3347,252686,637464
39294,3359,3372,3343,3368,313346,634238
39295,3393,3427,3377,3380,525434,669850
39296,3386,3393,3372,3389,356068,691496
39297,3391,3428,3390,3428,378396,701660
39300,3397,3456,3397,3443,560488,712988
39301,3438,3456,3412,3413,375528,705038
39302,3441,3461,3432,3459,359854,711140
39303,3474,3484,3459,3470,343764,703716
39304,3468,3497,3458,3496,329038,700048
39307,3515,3587,3509,3558,540226,702294
39308,3533,3580,3531,3571,526774,717214
39309,3542,3571,3541,3559,345398,720150
39310,3533,3539,3507,3520,310014,708288
39311,3461,3504,3445,3466,544210,693942
39314,3489,3516,3488,3514,242798,691706
39315,3528,3557,3527,3556,314688,718628
39316,3547,3558,3540,3548,238558,717292
39317,3582,3600,3581,3591,280476,712778
39318,3611,3625,3598,3611,349494,741950
39321,3605,3627,3598,3603,421340,736570
39322,3628,3651,3621,3651,374198,759210
39323,3633,3651,3629,3643,250750,757366
39324,3659,3711,3658,3703,355448,759904
39325,3723,3770,3715,3768,430664,785294
39328,3753,3797,3744,3783,325940,797322
39329,3810,3901,3810,3835,868592,754962
39330,3910,3911,3831,3863,754296,725948
39331,3843,3869,3835,3859,420568,716160
39332,3850,3906,3849,3882,694686,739060
39335,3926,3980,3924,3974,691200,774758
39336,3992,4004,3963,3975,703410,787132
39337,3991,4025,3982,4025,613170,799888
39338,4070,4089,4038,4056,971912,809940
39339,4063,4067,4014,4028,793822,834470
39342,4087,4150,4086,4145,849110,831260
39343,4142,4168,4127,4151,774764,846252
39344,4144,4162,4055,4083,1035290,843180
39345,4093,4102,4045,4069,860104,836564
39346,4126,4135,4053,4062,850730,840160
39349,4067,4067,4035,4051,678354,858754
39350,4037,4086,4023,4085,827594,897542
39351,4076,4149,4074,4144,881286,889322
39352,4178,4209,4167,4207,1041518,917840
39353,4232,4234,4149,4157,923078,866010
39363,4027,4089,4023,4051,713214,865784
39364,4037,4105,4037,4098,611230,873688
39365,4129,4195,4124,4192,699724,893850
39366,4207,4224,4171,4179,812526,915286
39367,4181,4210,4168,4205,736664,948332
39370,4192,4262,4192,4261,1028670,1005348
39371,4272,4288,4258,4275,865204,1002016
39372,4253,4258,4200,4204,860256,997740
39373,4223,4264,4207,4262,958504,1016538
39374,4289,4300,4275,4293,912338,1038288
39377,4244,4248,4217,4227,792944,1046728
39378,4266,4307,4260,4306,909912,1082880
39379,4314,4315,4280,4286,965736,1087194
39380,4282,4303,4246,4271,1012584,1106438
39381,4327,4358,4321,4353,838814,1110988
39384,4377,4428,4366,4401,885564,1116542
39385,4376,4381,4343,4360,789664,1116266
39386,4326,4366,4311,4311,999072,1072614
39387,4367,4385,4319,4359,901018,1068850
39388,4311,4336,4301,4336,830980,1070422
39391,4351,4365,4332,4346,743116,1066608
39392,4366,4408,4359,4408,673660,1077390
39393,4447,4474,4408,4414,1081656,1078188
39394,4403,4426,4390,4412,668658,1074060
39395,4412,4422,4364,4404,715706,1088994
39398,4400,4428,4399,4411,684428,1083028
39399,4412,4426,4375,4423,807418,1055992
39400,4427,4481,4427,4476,1027866,1086078
39401,4515,4525,4460,4471,973058,1074230
39402,4486,4497,4432,4449,971498,1052206
39405,4478,4486,4444,4464,575508,1039418
39406,4417,4417,4289,4290,999652,987288
39407,4340,4364,4271,4349,1188500,941308
39408,4339,4384,4324,4376,603654,913838
39409,4362,4404,4347,4381,588152,878440
39412,4433,4455,4420,4424,459088,871466
39413,4379,4394,4363,4377,417552,900358
39414,4368,4380,4299,4300,740688,897630
39415,4337,4347,4269,4273,1166736,837656
39416,4271,4278,4196,4236,1380346,765412
39419,4241,4275,4233,4262,761190,755548
39420,4279,4298,4250,4263,695814,750026
39421,4287,4307,4273,4306,495280,723360
39422,4281,4289,4240,4250,607928,732198
39423,4283,4353,4268,4347,1058730,766312
39426,4375,4411,4353,4399,935496,791316
39427,4391,4428,4386,4418,883496,802618
39428,4419,4420,4367,4379,656704,809752
39429,4430,4474,4427,4436,645362,814066
39430,4440,4445,4418,4441,437734,800854
39433,4511,4529,4482,4486,412750,794698
39434,4457,4469,4401,4409,554950,808308
39435,4415,4429,4391,4414,543144,762160
39436,4414,4431,4385,4406,450848,738060
39437,4357,4441,4355,4419,497242,726898
39440,4430,4470,4430,4433,519208,690062
39441,4404,4464,4404,4460,364754,684882
39442,4463,4553,4440,4549,775440,748758
39443,4585,4624,4549,4550,808324,706610
39444,4568,4638,4560,4635,807682,681646
39449,4630,4630,4555,4571,683932,629762
39450,4623,4696,4608,4657,1265032,729322
39451,4675,4707,4638,4650,1368090,726170
39454,4622,4635,4579,4626,819614,710396
39455,4621,4635,4555,4557,834876,686738
39456,4593,4608,4566,4596,798244,640096
39457,4567,4569,4539,4554,665890,664912
39458,4566,4626,4560,4619,780576,682684
39461,4694,4711,4654,4663,1162354,695892
39462,4631,4679,4610,4627,1180838,739052
39463,4638,4647,4575,4617,1402554,764194
39464,4590,4624,4564,4619,1029252,746932
39465,4538,4571,4468,4499,1496804,740904
39468,4523,4592,4500,4586,1011876,754512
39469,4483,4484,4399,4426,1524954,731936
39470,4514,4528,4411,4475,1084088,712142
39471,4410,4434,4372,4433,891658,698696
39472,4478,4506,4475,4490,780924,718088
39475,4638,4638,4459,4481,646460,742352
39476,4510,4527,4500,4522,493554,722354
39477,4544,4544,4502,4520,525804,740328
39478,4530,4538,4513,4522,412568,716506
39479,4566,4576,4532,4565,531294,702692
39482,4600,4631,4578,4627,403248,692230
39483,4669,4698,4659,4683,414256,656340
39491,4679,4683,4643,4652,405164,695762
39492,4696,4720,4660,4699,804256,743464
39493,4711,4777,4700,4729,583980,739310
39496,4722,4835,4722,4830,767780,765198
39497,4835,4860,4798,4840,621344,771584
39498,4865,4865,4786,4788,701584,761774
39499,4831,4900,4827,4897,657978,785706
39500,4893,4893,4851,4864,786860,781952
39503,5158,5158,4924,5009,834856,766750
39504,5035,5043,4888,4912,927248,748288
39505,5002,5013,4928,4956,822026,731424
39506,4950,4972,4918,4961,647440,757458
39507,5011,5069,5009,5064,778068,748466
39510,5105,5228,5105,5210,839212,774954
39511,5233,5259,5019,5117,1198820,728346
39512,5018,5060,4978,5046,1333658,808258
39513,5050,5131,4966,5058,1296830,788028
39514,4899,4961,4872,4924,1015968,772038
39517,4736,4789,4733,4746,307594,760986
39518,4821,4923,4821,4919,860566,739610
39519,4921,4940,4731,4791,1693862,809716
39520,4824,4850,4709,4823,1504344,776314
39521,4792,4839,4780,4818,895736,762664
39524,4696,4748,4664,4691,1255120,788116
39525,4529,4543,4526,4542,37806,768772
39526,4532,4602,4473,4523,1463740,737810
39527,4352,4494,4347,4452,917188,722262
39528,4371,4458,4343,4358,1191644,720082
39531,4416,4504,4412,4485,900372,710846
39532,4645,4657,4542,4637,1026220,717434
39533,4729,4734,4645,4650,1138702,735570
39534,4603,4629,4570,4575,831530,715230
39535,4605,4620,4467,4491,1075832,697300
39538,4414,4482,4405,4475,1188900,725714
39539,4222,4223,4219,4219,37442,704418
39540,4289,4291,4205,4207,1451346,692166
39541,4280,4300,4197,4231,1318824,684550
39545,4265,4351,4231,4346,1213148,687626
39546,4304,4317,4275,4309,1003170,683548
39547,4324,4405,4324,4367,1195458,670774
39548,4489,4507,4418,4447,1155760,696900
39549,4386,4448,4386,4416,1027788,702962
39552,4391,4543,4387,4521,1437316,671726
39553,4563,4618,4546,4617,1405658,676596
39554,4578,4592,4543,4562,1086874,668102
39555,4530,4571,4525,4558,830540,670534
39556,4554,4656,4542,4631,1192292,686072
39559,4612,4650,4481,4537,1841130,679562
39560,4512,4576,4510,4523,1571066,680402
39561,4629,4638,4565,4594,1110676,681446
39562,4565,4578,4547,4575,660584,664278
39563,4511,4534,4498,4527,609992,652600
39566,4506,4546,4506,4546,595800,682172
39567,4483,4492,4435,4464,787982,712522
39568,4462,4522,4460,4507,708376,710036
39573,4496,4572,4495,4556,557460,703392
39574,4530,4600,4529,4599,632016,708000
39575,4580,4615,4580,4597,626990,722120
39576,4652,4685,4627,4677,719834,741810
39577,4681,4686,4639,4685,700686,754318
39580,4769,4861,4757,4830,852002,730128
39581,4824,4851,4791,4793,1296944,733814
39582,4831,4862,4791,4823,1278918,796264
39583,4799,4818,4745,4792,871960,801746
39584,4775,4842,4762,4836,828604,814724
39587,4748,4806,4707,4750,946592,816304
39588,4730,4785,4698,4784,869162,843782
39589,4789,4847,4693,4699,1320594,870720
39590,4779,4813,4747,4812,1199884,810524
39591,4704,4835,4704,4805,786614,791528
39594,4863,4875,4789,4790,756272,760100
39595,4980,4980,4807,4815,707356,735896
39596,4826,4867,4821,4859,458034,726358
39597,4852,4862,4822,4835,417194,725724
39598,4776,4785,4722,4736,724648,740604
39601,4798,4803,4751,4762,420428,753748
39602,4760,4827,4758,4826,444880,750458
39603,4793,4809,4780,4787,493304,738962
39604,4855,4869,4831,4843,455626,733168
39605,4989,5000,4975,4982,497226,710054
39609,4987,5048,4983,5046,562798,728500
39610,5028,5067,5014,5061,662092,702702
39611,5247,5271,5137,5154,618180,683234
39612,5156,5170,5097,5106,602720,662344
39615,5160,5211,5160,5200,596546,657954
39616,5136,5152,5105,5141,523532,664370
39617,5180,5210,5142,5148,538702,655056
39618,5155,5169,5112,5139,481256,674146
39619,5100,5106,5065,5076,570148,670106
39622,5031,5045,5004,5027,421944,683308
39623,5015,5072,5015,5046,542658,683246
39624,5024,5132,5012,5132,607532,700232
39625,5164,5200,5150,5166,510258,661364
39626,5249,5254,5214,5240,581300,645468
39629,5235,5250,5213,5227,413906,631984
39630,5258,5259,5225,5232,392694,617398
39631,5279,5306,5277,5289,496344,618648
39632,5311,5311,5089,5169,787104,602040
39633,5205,5260,5169,5254,767578,611496
39636,5184,5198,5127,5169,651384,606952
39637,5000,5042,4976,4998,692664,603708
39638,5053,5078,5022,5052,575466,603530
39639,5093,5093,4994,5002,664272,647054
39640,5073,5134,5050,5122,876990,652146
39643,5049,5049,5011,5024,684942,673950
39644,5047,5069,5013,5051,661226,679936
39645,4979,5002,4975,5001,556986,668968
39646,5059,5069,5038,5046,511532,702892
39647,4950,4964,4909,4959,601004,709434
39650,4830,4843,4736,4752,848704,723798
39651,4720,4770,4719,4769,654778,706832
39652,4758,4761,4577,4610,1205744,747284
39653,4610,4685,4581,4661,1134360,730718
39654,4662,4680,4632,4676,787978,700122
39657,4734,4746,4709,4721,606624,699492
39658,4692,4697,4546,4560,1091288,748288
39659,4616,4626,4551,4608,1224118,738434
39660,4630,4656,4624,4642,627492,732110
39661,4590,4590,4469,4497,1038650,744182
39664,4382,4390,4274,4286,1247162,710920
39665,4163,4169,4120,4129,608514,623296
39666,4129,4207,4128,4134,1530350,488342
39667,4063,4139,4057,4139,1300386,469836
39668,4140,4145,4082,4089,1106932,443842
39671,3997,4009,3892,3892,921820,448464
39672,3917,3967,3837,3939,1631694,464428
39673,3981,4098,3970,4080,1408810,438848
39674,4198,4213,4134,4167,1255018,410208
39675,4046,4082,3975,3986,1190080,395108
39678,4095,4188,4093,4164,974096,397932
39679,4147,4178,4109,4151,1062448,381612
39680,4220,4305,4192,4265,1219428,413430
39681,4255,4314,4235,4262,1104520,403144
39682,4322,4331,4256,4257,1057122,383812
39685,4306,4346,4281,4338,996456,396748
39686,4291,4307,4156,4194,1583762,443528
39687,4308,4342,4281,4313,1167944,436944
39688,4268,4274,4233,4266,1003564,443950
39689,4220,4277,4217,4276,862928,458316
39692,4271,4346,4270,4330,887342,446444
39693,4186,4225,4181,4190,964524,418578
39694,4206,4239,4200,4207,943314,434358
39695,4142,4187,4133,4180,1055434,437006
39696,4099,4127,4078,4126,812694,410658
39699,4111,4147,4111,4115,835942,418882
39700,4088,4097,3981,4002,1335032,418986
39701,4003,4055,3985,4048,1067422,415050
39702,4007,4030,3973,3990,963952,421734
39703,4030,4105,4029,4098,919246,410630
39707,4003,4008,3866,3890,1405684,452316
39708,3907,3929,3817,3893,1726378,457956
39709,3947,3949,3811,3837,1806642,454996
39710,3848,3859,3799,3847,1354970,445314
39713,3973,4026,3943,4026,1310624,440658
39714,4105,4105,4030,4034,1391712,431454
39715,4024,4070,3990,4069,1494396,453438
39716,4014,4051,3999,4039,1231390,394318
39717,4019,4052,4018,4044,778708,360002
39727,3836,3836,3835,3835,5340,356146
39728,3645,3645,3644,3644,24254,335912
39729,3499,3528,3461,3462,1287886,257258
39730,3494,3510,3404,3487,2029272,340670
39731,3343,3351,3298,3298,381358,329542
39734,3170,3333,3153,3288,2677422,377136
39735,3378,3408,3310,3315,1531238,406866
39736,3189,3233,3172,3224,1385692,458604
39737,3054,3127,3034,3034,1694534,559388
39738,3219,3237,3158,3237,1249620,568778
39741,3362,3366,3348,3366,241882,592382
39742,3460,3461,3330,3344,2676320,668248
39743,3318,3352,3225,3237,1819228,642602
39744,3178,3269,3133,3241,1291472,635380
39745,3308,3319,3188,3203,2497342,622158
39748,3235,3291,3166,3211,1882292,657200
39749,3362,3393,3281,3386,1589688,596022
39750,3344,3385,3299,3362,1589534,593296
39751,3422,3447,3394,3409,1581366,594688
39752,3334,3406,3326,3373,1097856,576610
39755,3391,3443,3387,3426,1300772,588616
39756,3416,3432,3350,3370,1295992,590766
39757,3425,3432,3372,3389,1084534,578452
39758,3276,3309,3275,3286,748346,606470
39759,3291,3335,3266,3330,826138,589214
39762,3385,3399,3370,3382,737886,592964
39763,3339,3354,3303,3316,750138,600126
39764,3306,3328,3266,3316,810638,594464
39765,3258,3259,3215,3245,898698,616006
39766,3278,3289,3239,3258,848320,605618
39769,3258,3270,3245,3248,533076,602040
39770,3243,3262,3241,3248,354752,594644
39771,3262,3341,3243,3339,737692,636220
39772,3291,3325,3269,3301,1237226,609430
39773,3193,3278,3178,3266,1044192,606070
39776,3266,3288,3251,3268,593334,626846
39777,3319,3320,3267,3268,501636,608480
39778,3277,3286,3238,3258,595106,592162
39779,3264,3274,3245,3245,346838,593702
39780,3258,3263,3204,3209,544502,606510
39783,3190,3207,3172,3195,428546,603388
39784,3136,3158,3118,3120,584226,624188
39785,3117,3135,3095,3105,585334,629902
39786,3100,3110,2974,2977,1303290,694130
39787,2950,2953,2886,2893,283792,676674
39790,2877,3025,2856,2995,1520458,606046
39791,2996,3004,2899,2914,1276036,585880
39792,2935,2991,2923,2979,1071068,580792
39793,2976,3002,2961,2979,662848,556442
39794,3001,3031,2946,2962,789190,535912
39797,3019,3070,3019,3058,841004,518772
39798,3011,3028,2988,3020,552814,505036
39799,3063,3067,3034,3038,448178,491026
39800,3013,3037,2998,3029,327700,485906
39801,3022,3054,3019,3045,358798,467088
39804,3075,3187,3073,3169,941714,461872
39805,3155,3186,3134,3135,608624,454780
39806,3184,3209,3167,3202,641266,465356
39807,3224,3249,3210,3244,690434,454736
39808,3243,3256,3215,3242,544090,454426
39811,3359,3386,3322,3361,854460,412860
39812,3318,3354,3312,3324,691192,380858
39813,3308,3338,3292,3335,522716,366690
39818,3361,3390,3328,3356,959784,395768
39819,3342,3448,3296,3398,1493030,441428
39820,3425,3462,3373,3375,1367458,422278
39821,3308,3378,3299,3368,906088,378494
39822,3410,3468,3402,3420,967462,317402
39825,3454,3569,3450,3506,1004118,369976
39826,3371,3428,3353,3395,983474,359676
39827,3440,3465,3431,3463,632404,360562
39828,3416,3446,3410,3422,517034,357652
39829,3489,3496,3473,3477,422118,338338
39832,3501,3503,3475,3490,352898,339126
39833,3494,3505,3420,3453,479772,344804
39834,3438,3446,3415,3429,298356,323572
39835,3465,3473,3405,3438,294056,290366
39836,3415,3462,3411,3460,213566,258568
39846,3422,3444,3415,3430,204902,264872
39847,3415,3492,3412,3479,421176,297026
39848,3473,3519,3472,3489,368560,297560
39849,3484,3534,3473,3507,417434,307920
39850,3533,3563,3530,3540,516544,314732
39853,3546,3611,3542,3580,573550,311336
39854,3574,3599,3572,3580,296698,307948
39855,3547,3583,3473,3530,386382,315086
39856,3549,3572,3530,3568,295472,309386
39857,3572,3579,3553,3560,177812,299786
39860,3543,3545,3492,3494,339616,329552
39861,3500,3511,3464,3487,390948,340142
39862,3401,3408,3333,3353,527754,360798
39863,3367,3385,3338,3368,381344,352684
39864,3373,3449,3362,3435,458746,323594
39867,3413,3505,3404,3505,435482,328424
39868,3486,3501,3437,3480,508902,331736
39869,3523,3542,3485,3489,345374,319638
39870,3501,3508,3469,3472,278258,313904
39871,3451,3459,3354,3398,638596,343920
39874,3412,3434,3373,3399,411920,344184
39875,3351,3407,3342,3396,329388,347650
39876,3398,3446,3391,3442,312306,335568
39877,3465,3472,3426,3429,260528,332240
39878,3412,3461,3410,3451,233540,329084
39881,3491,3493,3445,3449,267598,341244
39882,3451,3467,3438,3451,219100,338426
39883,3464,3464,3406,3417,381506,360186
39884,3409,3451,3407,3430,317982,351634
39885,3452,3458,3432,3442,227190,331854
39888,3434,3491,3433,3485,267576,333306
39889,3506,3508,3484,3485,239832,325890
39890,3497,3506,3470,3473,249588,325188
39891,3505,3509,3487,3493,226906,326268
39892,3496,3524,3494,3520,336596,328562
39895,3556,3639,3549,3630,680966,347696
39896,3590,3598,3551,3569,336134,328280
39897,3575,3586,3521,3532,248456,316994
39898,3538,3561,3527,3550,183026,313870
39899,3537,3573,3494,3495,324206,321706
39902,3483,3494,3466,3471,201300,329016
39903,3474,3499,3466,3468,185702,320544
39904,3513,3547,3507,3511,316164,321884
39905,3529,3538,3518,3532,159644,322458
39906,3557,3560,3511,3524,205206,326248
39910,3535,3574,3532,3569,323102,326844
39911,3554,3559,3516,3528,238294,320700
39912,3566,3567,3541,3560,224546,311832
39913,3553,3589,3550,3561,442226,286472
39916,3552,3585,3540,3545,351678,309728
39917,3556,3570,3541,3546,212300,324158
39918,3558,3574,3545,3561,234562,312558
39919,3574,3590,3562,3565,228802,314420
39920,3589,3595,3555,3568,195126,315354
39923,3564,3564,3471,3479,263684,338856
39924,3446,3481,3426,3462,562046,367230
39925,3497,3514,3472,3478,241808,354148
39926,3478,3501,3450,3495,203708,347602
39927,3488,3492,3450,3453,168548,347512
39930,3396,3412,3297,3298,380166,345918
39931,3329,3339,3308,3323,248144,323500
39932,3328,3362,3326,3359,161554,307144
39933,3411,3429,3404,3427,174392,297778
39937,3576,3576,3542,3566,370548,303144
39938,3548,3548,3504,3527,228870,317784
39939,3527,3553,3513,3549,207826,313252
39940,3560,3566,3528,3534,221592,318852
39941,3532,3554,3525,3542,218672,319186
39944,3522,3526,3458,3481,269056,342358
39945,3516,3529,3499,3527,163702,333678
39946,3549,3549,3526,3531,206722,337330
39947,3500,3510,3478,3508,167070,346626
39948,3537,3558,3523,3530,313076,335914
39951,3482,3500,3471,3491,174652,341344
39952,3517,3525,3507,3522,125564,333088
39953,3528,3628,3524,3599,861864,389930
39954,3605,3619,3582,3585,728692,368790
39955,3608,3658,3608,3634,766232,389086
39958,3645,3681,3630,3672,758858,426114
39959,3694,3694,3642,3645,531104,371398
39960,3689,3703,3674,3685,583192,371116
39965,3736,3776,3733,3764,477058,381694
39966,3788,3788,3746,3754,368814,383576
39967,3753,3779,3748,3772,308612,369904
39968,3715,3756,3714,3755,345304,358336
39969,3810,3813,3766,3769,311088,346194
39972,3770,3787,3722,3723,254976,359616
39973,3742,3746,3698,3730,328022,351760
39974,3742,3761,3694,3705,458090,360782
39975,3708,3756,3708,3730,556516,369216
39976,3764,3764,3685,3691,414102,366056
39979,3669,3688,3642,3669,321028,367476
39980,3635,3667,3633,3665,233610,364060
39981,3658,3664,3651,3662,134914,359086
39982,3666,3676,3647,3656,155086,349016
39983,3669,3670,3652,3658,96404,344034
39986,3608,3625,3601,3611,131862,332402
39987,3592,3663,3591,3662,519508,377998
39988,3653,3656,3631,3637,246304,355312
39989,3633,3649,3622,3638,179186,348252
39990,3639,3677,3639,3658,282538,343924
39993,3646,3664,3631,3632,179428,338436
39994,3644,3663,3638,3652,175052,344070
39995,3665,3688,3664,3687,198356,340138
39996,3707,3713,3666,3671,142204,335268
39997,3668,3680,3623,3630,211274,345640
40000,3622,3630,3597,3597,173416,350380
40001,3591,3617,3591,3598,142902,352030
40002,3525,3528,3475,3514,182632,350288
40003,3521,3530,3512,3515,118572,348278
40004,3527,3552,3499,3528,207146,360770
40007,3541,3543,3496,3497,101498,355332
40008,3510,3517,3504,3511,79236,349918
40009,3510,3551,3510,3546,114178,349394
40010,3536,3542,3506,3514,122996,349624
40011,3500,3509,3475,3507,180146,359898
40014,3535,3563,3529,3562,147970,354852
40015,3547,3554,3528,3532,109122,357672
40016,3524,3574,3518,3565,301658,379458
40017,3572,3585,3554,3557,266122,376696
40018,3571,3574,3520,3526,221738,390586
40021,3520,3528,3498,3501,154786,389934
40022,3502,3543,3502,3539,157146,379034
40023,3535,3560,3510,3519,168676,366792
40024,3533,3546,3523,3545,119904,351998
40025,3606,3619,3583,3607,239986,331974
40028,3667,3709,3631,3699,335976,285132
40029,3704,3749,3683,3694,417230,272012
40030,3720,3748,3711,3723,273028,243256
40031,3729,3734,3676,3690,184902,234190
40032,3681,3687,3659,3668,126796,225644
40035,3668,3753,3668,3752,228004,225740
40036,3716,3812,3710,3797,349190,258808
40037,3814,3878,3800,3813,462954,267738
40038,3846,3871,3820,3835,307514,272592
40039,3813,3830,3759,3773,231282,269958
40042,3708,3709,3624,3646,369442,279576
40043,3671,3685,3643,3664,252140,295248
40044,3669,3675,3573,3599,328262,299906
40045,3617,3642,3603,3636,185484,298510
40046,3614,3651,3606,3626,144744,297078
40049,3701,3732,3687,3722,253250,299476
40050,3721,3745,3695,3718,340896,307150
40051,3716,3735,3710,3722,197430,306576
40052,3716,3724,3689,3706,141270,304406
40053,3719,3736,3713,3735,174148,296614
40056,3752,3752,3663,3670,206850,290884
40057,3660,3684,3660,3667,97244,290678
40058,3613,3625,3561,3575,185922,289430
40059,3581,3650,3576,3636,319876,306168
40060,3620,3625,3562,3571,231686,303740
40063,3545,3582,3529,3551,184774,297874
40064,3537,3601,3537,3596,151582,295848
40065,3595,3613,3573,3590,116536,286716
40066,3591,3630,3584,3611,302300,300488
40067,3605,3618,3576,3577,132728,293788
40070,3524,3572,3503,3550,213690,304708
40071,3566,3585,3560,3569,132968,302368
40072,3659,3664,3623,3636,175518,296754
40073,3629,3711,3625,3709,246264,322912
40074,3701,3757,3690,3710,860994,334786
40077,3697,3713,3670,3681,480024,327082
40078,3666,3718,3662,3692,790690,356520
40079,3710,3720,3658,3660,615912,357572
40080,3664,3673,3587,3594,500944,332836
40081,3594,3624,3594,3604,306928,322832
40084,3613,3620,3521,3544,275806,303416
40085,3551,3565,3527,3545,181716,293450
40086,3535,3553,3506,3530,188332,288576
40095,3588,3599,3568,3587,128256,281410
40098,3683,3689,3639,3659,286716,288580
40099,3663,3681,3644,3646,247988,280692
40100,3655,3682,3650,3667,182676,279826
40101,3664,3694,3657,3665,210710,274904
40102,3660,3702,3657,3699,164706,282340
40105,3693,3721,3678,3706,242078,288570
40106,3723,3747,3693,3702,194310,287134
40107,3707,3736,3683,3722,352476,296360
40108,3742,3746,3702,3703,248322,289946
40109,3727,3743,3721,3740,246888,283696
40112,3734,3753,3725,3752,230854,273342
40113,3720,3732,3711,3713,127638,272912
40114,3696,3723,3670,3678,162938,269032
40115,3664,3676,3656,3665,105066,266392
40116,3688,3696,3678,3680,100416,264374
40119,3657,3714,3657,3711,220574,275306
40120,3721,3754,3713,3726,356912,279532
40121,3748,3754,3731,3741,224936,277152
40122,3728,3739,3724,3725,121234,272052
40123,3709,3730,3708,3725,121644,271340
40126,3717,3733,3715,3725,135738,270156
40127,3732,3737,3709,3710,123140,264848
40128,3718,3731,3717,3722,94602,256728
40129,3729,3749,3724,3732,133628,251446
40130,3738,3771,3736,3768,312072,269892
40133,3771,3791,3760,3780,200590,266690
40134,3800,3801,3762,3763,155968,256650
40135,3789,3814,3778,3806,236868,259898
40136,3791,3814,3785,3801,160852,255840
40137,3815,3845,3804,3821,215886,254000
40140,3841,3907,3834,3906,287616,271994
40141,3875,3898,3824,3842,222972,255652
40142,3869,3912,3855,3904,300982,270726
40143,3912,3989,3909,3968,867876,322594
40144,3952,3986,3858,3897,1777864,346084
40147,3971,4060,3968,4054,1503122,504248
40148,4049,4058,4002,4020,956684,475452
40149,4020,4039,3990,4013,850838,482918
40150,3985,4006,3969,3992,846626,457658
40151,3983,4031,3978,4020,941582,443628
40154,4018,4127,4016,4082,1229530,441358
40155,4110,4132,4079,4118,1201002,456122
40156,4085,4103,4044,4047,835950,460682
40157,4029,4062,3959,4000,761586,413134
40158,4017,4033,4005,4016,530376,413360
40161,4026,4042,3951,3991,664606,401848
40162,4032,4044,4015,4025,544946,404938
40163,4022,4050,4016,4046,453068,408456
40164,4060,4081,4018,4029,641204,408950
40165,3966,3983,3951,3965,532796,399122
40168,3967,3978,3939,3958,389776,388248
40169,3942,3980,3938,3951,457414,383142
40170,3952,3964,3917,3948,402744,369890
40171,3962,3986,3947,3984,279956,364084
40172,3978,3985,3967,3971,187128,359470
40175,3979,4028,3973,4025,316532,355240
40176,4044,4055,4015,4021,326088,346466
40177,4030,4038,4016,4020,200074,344116
40178,4029,4051,4021,4049,239966,339308
40182,4089,4098,4061,4068,328320,346126
40183,4076,4091,4072,4077,257818,344944
40184,4074,4196,4068,4160,872612,414176
40185,4172,4191,3985,4054,719034,357986
40186,4046,4058,3965,3993,538484,328552
40189,4032,4060,4030,4041,321866,328970
40190,4009,4036,3992,4014,458026,330802
40191,3915,3950,3911,3923,311972,322768
40192,3951,3954,3933,3934,196318,322034
40193,3920,3960,3920,3929,318852,327784
40196,3923,3937,3906,3923,255578,333380
40197,3942,3948,3925,3933,171652,338602
40198,3926,3941,3875,3877,344834,355628
40199,3876,3916,3869,3914,278876,346748
40200,3899,3906,3853,3903,302436,336292
40203,3896,3937,3891,3924,343742,343444
40204,3917,3940,3896,3898,478104,345988
40205,3915,3946,3914,3932,625824,363584
40206,3903,3904,3855,3875,412590,345786
40207,3878,3894,3863,3865,264038,332242
40210,3851,3859,3775,3783,419504,352530
40211,3800,3811,3743,3748,394920,358614
40212,3786,3797,3758,3796,303682,353858
40213,3761,3772,3735,3768,259240,357624
40214,3744,3804,3744,3797,555946,369450
40217,3823,3833,3814,3827,233688,363122
40218,3832,3833,3813,3828,147514,358714
40219,3830,3836,3773,3788,325122,366068
40220,3824,3842,3805,3817,254948,341736
40221,3817,3826,3786,3799,140184,337108
40231,3834,3860,3822,3837,193280,340722
40232,3846,3888,3842,3884,386584,366320
40233,3868,3875,3860,3868,240154,357870
40234,3871,3883,3839,3850,220884,350210
40235,3846,3856,3835,3843,192002,350414
40238,3871,3909,3855,3890,442662,371130
40239,3892,3904,3875,3881,449794,371478
40240,3893,3914,3886,3899,403680,374014
40241,3893,3896,3846,3847,318296,372008
40242,3834,3852,3820,3848,227864,364762
40245,3853,3859,3837,3857,221448,371602
40246,3854,3867,3842,3859,229248,367196
40247,3855,3864,3849,3851,134932,365266
40248,3871,3884,3843,3861,498142,371360
40249,3836,3841,3820,3825,314146,370360
40252,3828,3829,3802,3813,234818,373138
40253,3818,3852,3818,3851,233728,362008
40254,3864,3868,3852,3857,205422,358302
40255,3863,3866,3842,3848,151276,353238
40256,3855,3883,3853,3873,276110,350704
40259,3865,3889,3864,3879,222592,346380
40260,3896,3901,3871,3878,219050,341672
40261,3880,3880,3859,3864,143632,341522
40262,3863,3879,3863,3869,108730,343982
40263,3854,3859,3844,3856,152900,346132
40266,3864,3878,3855,3871,119370,341862
40267,3881,3893,3864,3889,216394,335938
40268,3890,3909,3882,3884,336362,342256
40269,3848,3873,3848,3866,159674,330566
40270,3870,3879,3869,3875,93452,332400
40274,3868,3881,3867,3872,85204,330234
40275,3879,3900,3877,3894,201338,341294
40276,3895,3917,3882,3882,251656,341582
40277,3888,3898,3886,3897,119998,341548
40280,3911,3924,3902,3922,211922,341846
40281,3915,3925,3897,3924,395282,367522
40282,3935,3939,3917,3919,307580,358098
40283,3921,3924,3905,3907,169158,358338
40284,3925,3933,3921,3927,197450,360810
40287,3919,3924,3889,3897,221948,351138
40288,3915,3936,3912,3934,277802,361880
40289,3937,3951,3931,3946,301986,372064
40290,3954,3967,3953,3961,284532,382888
40291,3972,3986,3967,3981,321810,386038
40294,3988,3994,3974,3989,266228,383522
40295,3977,3978,3957,3968,230090,365190
40296,3937,3953,3916,3945,241342,359962
40297,3949,3959,3948,3950,111210,359222
40298,3956,3986,3948,3985,222990,365594
40302,3961,3965,3949,3955,179890,358872
40303,3950,4021,3945,4019,702884,437250
40304,4014,4018,3971,3974,588580,397970
40305,3936,3941,3899,3900,515680,351274
40308,3925,3948,3919,3944,331336,358596
40309,3938,3941,3914,3917,298682,352662
40310,3926,3958,3925,3946,305270,346926
40311,3943,3953,3934,3946,172814,343636
40312,3940,3945,3910,3917,201952,348294
40315,3898,3905,3806,3838,368874,348206
40316,3838,3868,3821,3865,253572,340402
40317,3830,3852,3826,3828,221204,334782
40318,3849,3857,3831,3842,199276,337966
40319,3838,3876,3836,3867,384884,337346
40322,3866,3883,3862,3880,193116,335640
40323,3868,3869,3839,3842,208342,333518
40324,3856,3873,3829,3866,323236,348048
40325,3869,3869,3853,3865,197852,335962
40326,3878,3884,3858,3860,255954,337650
40329,3842,3849,3822,3822,235132,350020
40330,3826,3832,3800,3805,208682,343016
40331,3801,3822,3800,3819,216664,340404
40332,3822,3831,3817,3822,160638,339004
40333,3845,3846,3825,3834,123562,330744
40336,3777,3789,3765,3779,143764,336366
40337,3781,3808,3781,3798,134944,339184
40338,3789,3789,3762,3788,188010,326366
40339,3796,3808,3784,3790,154650,313190
40340,3793,3798,3781,3785,89804,305386
40346,3825,3825,3806,3809,98660,303158
40347,3813,3827,3809,3820,122502,305440
40350,3839,3880,3835,3874,167482,312772
40351,3861,3865,3853,3860,75090,311190
40352,3843,3864,3842,3854,82708,307966
40353,3848,3860,3846,3852,60158,308182
40354,3840,3847,3831,3838,51666,307616
40357,3838,3849,3838,3845,68930,310082
40358,3845,3858,3819,3834,101850,306682
40359,3820,3824,3803,3813,62378,306468
40360,3820,3824,3803,3806,41308,305518
40361,3809,3834,3808,3829,69392,306444
40364,3826,3829,3816,3817,40046,306656
40365,3812,3814,3794,3809,84810,309436
40366,3806,3819,3805,3814,46722,309460
40367,3855,3859,3845,3849,82896,301182
40368,3860,3870,3849,3866,129582,303948
40371,3879,3879,3852,3853,83642,299990
40372,3859,3863,3834,3837,70298,299398
40373,3848,3854,3845,3850,48260,298242
40374,3855,3881,3849,3859,143546,297986
40375,3890,3908,3886,3902,182998,305158
40378,3892,3910,3887,3907,95754,301530
40379,3895,3926,3890,3919,139924,310274
40380,3924,3933,3912,3916,171542,312934
40381,3920,3924,3897,3910,138064,311584
40382,3914,3938,3909,3924,177594,314942
40385,3920,3946,3917,3939,183756,319246
40386,3920,3925,3895,3897,131436,312682
40387,3901,3909,3897,3909,93292,310868
40388,3927,3933,3909,3927,141314,302282
40389,3944,3956,3940,3949,156174,299022
40392,3974,4034,3974,4022,271392,315108
40393,4011,4017,3977,3981,212054,314136
40394,3996,4028,3987,3999,324178,332630
40395,4016,4021,3950,3956,101118,337344
40396,3973,3991,3949,3989,308830,346630
40399,3995,4074,3983,4051,690738,389138
40400,4028,4032,4002,4010,364338,388354
40401,4002,4033,4000,4004,352628,373438
40402,4003,4051,3985,4020,690240,408220
40403,4043,4088,4042,4087,644738,446084
40406,4098,4149,4090,4131,805390,505386
40407,4110,4123,4090,4121,566948,511074
40408,4143,4162,4075,4092,748248,491696
40409,4096,4102,4060,4078,580790,481076
40410,4039,4040,4002,4007,426022,454496
40413,4017,4034,3996,4005,396784,442712
40414,3997,4018,3984,3985,323202,440050
40415,3991,3999,3963,3970,294202,430398
40416,3982,3998,3982,3997,261432,432886
40417,4008,4024,4002,4014,256472,431262
40420,4043,4064,4034,4046,283092,414518
40421,4012,4016,3977,3980,267042,401018
40422,3985,4005,3971,3990,247240,402550
40423,3995,3999,3977,3991,325364,408646
40424,3997,4028,3991,4026,358082,401230
40427,4058,4078,4048,4063,336310,423846
40428,4070,4085,4049,4085,442512,435250
40429,4111,4111,4060,4070,300376,435718
40430,4077,4083,3978,4017,356634,405456
40431,4028,4035,4011,4029,230956,402064
40434,4015,4027,4008,4026,203102,394414
40435,4021,4030,4003,4007,225098,402526
40436,4021,4044,4011,4039,352742,405566
40437,4042,4056,4021,4032,272014,397224
40438,4046,4050,4029,4043,265612,390920
40441,4107,4191,4106,4148,854954,464884
40442,4133,4136,4089,4114,446188,422704
40448,4235,4250,4158,4175,429218,417298
40449,4157,4187,4149,4182,222346,402754
40450,4146,4154,4095,4121,226552,376836
40451,4109,4129,4100,4125,128756,371936
40459,4088,4130,4086,4096,126818,375388
40462,4274,4277,4271,4276,83262,392124
40463,4242,4286,4206,4259,471464,387456
40464,4283,4302,4259,4288,347966,401952
40465,4303,4304,4283,4292,287292,409964
40466,4301,4321,4253,4317,370930,412264
40469,4266,4285,4244,4256,261608,420374
40470,4278,4301,4262,4277,54490,412942
40471,4225,4286,4210,4276,248384,415694
40472,4331,4378,4317,4333,539832,447952
40473,4330,4369,4322,4351,327252,464702
40476,4370,4465,4370,4445,578034,489774
40477,4446,4448,4399,4408,449314,482962
40478,4443,4451,4299,4320,398298,471222
40479,4347,4371,4329,4360,242770,470282
40480,4339,4347,4276,4296,268702,447012
40483,4322,4410,4320,4390,434098,476322
40484,4375,4400,4364,4383,355984,480372
40485,4390,4404,4347,4362,345144,465216
40486,4395,4448,4382,4444,486210,470706
40487,4513,4596,4497,4594,730008,490562
40490,4557,4650,4541,4599,909694,489132
40491,4573,4659,4565,4630,676270,503468
40492,4690,4773,4645,4690,1082976,513848
40493,4704,4761,4667,4716,908784,520442
40494,4713,4719,4532,4537,894428,484586
40497,4503,4585,4409,4489,1116830,457396
40498,4508,4516,4413,4421,909218,466048
40499,4301,4310,4287,4290,213366,435094
40500,4342,4350,4220,4299,766500,423932
40501,4354,4354,4267,4319,234598,425760
40504,4258,4307,4257,4271,424960,419622
40505,4293,4339,4266,4309,1447678,478636
40506,4338,4372,4324,4343,833190,468062
40507,4353,4366,4325,4326,525800,452620
40508,4337,4337,4251,4279,521560,447696
40511,4252,4288,4219,4287,385184,422328
40512,4276,4279,4226,4262,246978,403814
40513,4254,4288,4244,4285,203928,402128
40514,4340,4359,4326,4343,250280,400122
40515,4337,4383,4328,4365,255100,401604
40518,4392,4395,4358,4369,210270,399790
40519,4349,4375,4343,4373,153022,397600
40520,4327,4341,4292,4293,163872,392512
40521,4326,4338,4305,4313,151242,387742
40522,4301,4317,4291,4316,101482,385680
40525,4291,4366,4288,4350,228024,379938
40526,4361,4392,4354,4379,53900,374752
40527,4371,4415,4356,4358,298444,377312
40528,4369,4387,4362,4372,174798,380824
40529,4371,4385,4370,4375,148124,379186
40532,4406,4418,4349,4376,212918,381918
40533,4394,4413,4379,4410,179078,396360
40534,4422,4422,4378,4380,183796,403806
40535,4392,4432,4386,4430,271576,407586
40536,4451,4515,4445,4501,524608,434770
40539,4480,4527,4476,4516,413822,448374
40540,4556,4583,4529,4534,435876,487344
40541,4533,4541,4463,4474,351482,476802
40542,4458,4502,4450,4499,244330,468624
40543,4475,4502,4471,4491,212122,458940
40547,4487,4515,4483,4507,195460,471912
40548,4485,4489,4461,4470,185604,451916
40549,4502,4533,4498,4528,217070,457344
40550,4479,4496,4418,4426,254602,443988
40553,4443,4459,4426,4436,155564,434676
40554,4465,4467,4436,4449,122062,424944
40555,4435,4458,4425,4437,191096,420996
40556,4536,4552,4486,4487,187272,409148
40557,4486,4515,4477,4512,155660,403376
40560,4509,4533,4503,4524,227848,408414
40561,4512,4574,4509,4572,338432,424144
40562,4577,4594,4561,4587,306034,434086
40563,4564,4574,4540,4548,198766,433438
40564,4533,4552,4511,4528,138864,424648
40567,4536,4582,4536,4562,196592,421768
40568,4537,4557,4508,4509,119320,417366
40569,4468,4473,4401,4434,171174,404392
40570,4460,4461,4428,4440,87602,399706
40571,4438,4452,4426,4434,78438,396282
40574,4439,4477,4434,4474,85286,392882
40575,4487,4497,4475,4496,67890,392676
40583,4512,4576,4499,4570,57880,380426
40584,4584,4651,4579,4623,253314,387324
40585,4612,4663,4603,4641,241888,384072
40588,4643,4671,4632,4654,37682,390044
40589,4635,4640,4599,4607,162672,394742
40590,4559,4589,4551,4588,149442,400586
40591,4591,4606,4552,4554,147522,393574
40592,4599,4606,4559,4561,136974,383812
40595,4537,4556,4528,4531,105426,382588
40596,4552,4572,4491,4552,142768,379362
40597,4417,4430,4382,4413,158848,379554
40598,4435,4435,4354,4360,150580,368882
40599,4377,4407,4370,4403,109006,352226
40602,4439,4451,4423,4440,99306,343150
40603,4435,4452,4424,4442,69146,340880
40604,4439,4558,4433,4541,312186,350326
40605,4536,4540,4491,4495,172890,341772
40606,4529,4579,4511,4533,230662,339716
40609,4514,4532,4499,4525,89944,338304
40610,4482,4498,4433,4445,127518,337404
40611,4449,4459,4431,4444,88544,334768
40612,4414,4425,4394,4399,88288,333116
40613,4410,4422,4384,4391,74948,333068
40616,4374,4436,4361,4382,155350,333486
40617,4395,4456,4376,4447,264932,357662
40618,4381,4430,4370,4420,248918,360540
40619,4419,4465,4400,4455,213496,366630
40620,4483,4486,4450,4457,160974,359768
40623,4475,4509,4452,4491,250064,371370
40624,4479,4517,4477,4499,202020,378042
40625,4503,4545,4499,4543,211820,387480
40626,4540,4541,4495,4508,162582,382466
40627,4524,4601,4523,4598,353224,419516
40630,4593,4649,4567,4630,696316,484312
40631,4612,4649,4596,4642,598650,523226
40632,4656,4660,4604,4619,428364,500420
40633,4623,4642,4582,4603,340238,490398
40634,4641,4648,4613,4626,309846,473382
40639,4610,4662,4606,4659,319452,500082
40640,4650,4656,4634,4640,195998,493474
40641,4628,4647,4602,4646,321284,499550
40644,4669,4732,4666,4672,602540,602976
40645,4631,4648,4609,4611,349340,574516
40646,4579,4602,4575,4599,317592,576716
40647,4584,4587,4533,4536,289954,572502
40648,4553,4564,4528,4532,240772,547760
40651,4519,4567,4510,4561,276350,568208
40652,4567,4573,4543,4546,230562,558866
40653,4567,4580,4562,4577,265814,602742
40654,4577,4579,4557,4562,190112,577204
40655,4585,4588,4557,4575,192094,579596
40658,4585,4588,4546,4554,162340,582868
40659,4530,4544,4521,4522,138444,569982
40660,4533,4545,4513,4520,158292,566560
40661,4529,4550,4528,4546,142540,570744
40662,4510,4510,4458,4463,194096,570356
40666,4490,4492,4471,4478,98478,572346
40667,4463,4473,4430,4435,158036,568010
40668,4427,4456,4409,4442,207142,580146
40669,4396,4405,4364,4369,244508,571464
40672,4391,4393,4377,4392,104360,567990
40673,4391,4417,4388,4416,145568,566520
40674,4416,4433,4408,4409,146872,571198
40675,4405,4433,4372,4378,240726,573568
40676,4403,4426,4395,4423,183970,572882
40679,4409,4417,4400,4400,114580,565040
40680,4397,4402,4341,4369,198658,579778
40681,4387,4401,4378,4383,150100,592798
40682,4418,4424,4401,4401,149346,595472
40683,4406,4426,4401,4424,157664,596718
40686,4441,4459,4421,4425,192122,579454
40687,4429,4455,4425,4453,158174,573750
40688,4447,4464,4444,4451,143096,582974
40689,4463,4478,4461,4477,128566,580706
40690,4487,4487,4459,4471,133008,575506
40693,4466,4487,4455,4476,201118,579260
40694,4482,4489,4463,4470,120336,584870
40695,4478,4480,4461,4465,85884,590856
40696,4468,4494,4465,4493,196194,599128
40697,4509,4537,4504,4536,185680,596434
40701,4508,4508,4489,4498,142904,568002
40702,4507,4508,4484,4494,120860,568458
40703,4508,4514,4495,4496,113498,562208
40704,4495,4503,4474,4483,107236,549004
40707,4479,4493,4478,4491,92538,559656
40708,4483,4496,4483,4493,72164,554712
40709,4489,4494,4474,4486,80606,551656
40710,4484,4488,4458,4462,85508,550588
40711,4453,4456,4425,4432,125118,542370
40714,4423,4429,4415,4418,64736,540034
40715,4427,4445,4427,4444,53004,536884
40716,4447,4453,4436,4442,59194,538304
40717,4431,4433,4405,4421,69552,533984
40718,4410,4446,4403,4440,94876,542514
40721,4425,4441,4406,4416,141882,558542
40722,4433,4452,4429,4438,128952,574560
40723,4451,4454,4444,4447,67058,573284
40724,4446,4462,4444,4461,90894,569370
40725,4434,4440,4422,4435,94436,564272
40728,4449,4467,4443,4464,50604,545530
40729,4465,4490,4463,4475,148288,549922
40730,4478,4491,4464,4467,116586,561830
40731,4467,4481,4466,4477,73132,558662
40732,4500,4515,4493,4515,151366,555688
40735,4515,4526,4511,4519,102488,561070
40736,4516,4517,4484,4504,105092,544736
40737,4523,4561,4523,4558,176184,505086
40738,4578,4590,4568,4579,130162,495494
40739,4577,4580,4566,4570,103636,491376
40742,4574,4583,4551,4553,124948,492686
40743,4563,4566,4538,4562,87382,483610
40744,4565,4571,4549,4561,113486,464112
40745,4554,4578,4551,4568,133318,445308
40746,4572,4576,4564,4569,46608,440064
40749,4552,4557,4526,4528,97876,416850
40750,4534,4550,4529,4550,50688,420862
40751,4561,4585,4558,4578,93170,427236
40752,4561,4570,4557,4559,42112,419934
40753,4546,4583,4545,4554,110520,419132
40756,4560,4624,4560,4619,159740,455636
40757,4611,4634,4600,4619,266592,472508
40758,4639,4654,4623,4625,230580,483470
40759,4615,4634,4586,4589,309166,486450
40760,4539,4539,4424,4501,360050,398506
40763,4454,4514,4454,4484,199730,406128
40764,4419,4459,4397,4451,282152,403296
40765,4475,4490,4470,4481,142192,402156
40766,4468,4524,4465,4518,194392,412172
40767,4551,4555,4521,4523,147708,412362
40770,4545,4601,4543,4584,307986,462880
40771,4592,4592,4543,4545,223126,454016
40772,4564,4579,4557,4570,165472,460492
40773,4587,4588,4565,4568,127266,465854
40774,4541,4563,4533,4554,165776,451140
40777,4572,4597,4570,4572,291968,473906
40778,4602,4617,4594,4616,227788,490502
40779,4614,4619,4597,4602,154450,480510
40780,4600,4600,4579,4590,136406,472596
40781,4600,4604,4573,4579,135260,466342
40784,4636,4731,4631,4719,620016,603332
40785,4715,4743,4696,4709,658028,658820
40786,4717,4743,4713,4724,481036,617682
40787,4724,4744,4706,4713,353002,610734
40788,4708,4732,4703,4728,276542,610302
40791,4729,4812,4709,4715,1169078,668494
40792,4700,4715,4662,4703,590248,632168
40793,4717,4758,4710,4753,384328,660650
40794,4739,4746,4716,4731,394200,682282
40795,4726,4764,4724,4763,503262,737492
40799,4698,4709,4655,4663,556488,685618
40800,4672,4685,4614,4620,472236,654288
40801,4637,4641,4608,4626,276288,643904
40802,4587,4620,4587,4619,340854,657574
40805,4599,4601,4535,4537,312014,643762
40806,4551,4575,4542,4564,253610,657690
40807,4545,4576,4519,4563,310058,674822
40808,4491,4517,4458,4484,435170,685686
40809,4420,4455,4281,4337,681876,651504
40812,4324,4351,4202,4218,531944,626516
40813,4292,4346,4284,4331,353570,622692
40814,4292,4297,4259,4280,271358,609184
40815,4148,4226,4136,4211,350742,593080
40816,4236,4291,4230,4290,216226,580754
40826,4208,4303,4205,4251,390902,630982
40827,4272,4302,4241,4250,438380,680702
40828,4318,4348,4291,4338,504780,693500
40829,4336,4358,4328,4353,294104,706714
40830,4375,4381,4362,4371,257806,701618
40833,4385,4385,4344,4347,267356,701150
40834,4330,4330,4257,4270,237460,681458
40835,4293,4323,4273,4295,201174,671226
40836,4231,4238,4186,4229,379336,651678
40837,4257,4280,4242,4280,206022,644618
40840,4290,4367,4255,4345,324758,644168
40841,4347,4376,4329,4355,275574,657580
40842,4337,4370,4326,4355,221178,647866
40843,4342,4406,4340,4401,354552,662666
40844,4424,4429,4375,4376,241606,655648
40847,4372,4374,4316,4326,204194,653720
40848,4345,4369,4334,4343,237014,648174
40849,4329,4405,4317,4394,212092,652968
40850,4362,4383,4345,4352,237052,658116
40851,4398,4402,4374,4380,197812,653670
40854,4373,4381,4333,4340,148928,653070
40855,4337,4345,4310,4328,173368,648792
40856,4348,4348,4313,4322,168992,635012
40857,4276,4280,4227,4246,237432,621086
40858,4244,4270,4242,4261,124880,614120
40861,4279,4309,4274,4306,161592,615324
40862,4293,4334,4276,4327,219710,604192
40863,4339,4344,4291,4296,164366,592984
40864,4299,4322,4276,4310,132826,589636
40865,4270,4291,4265,4291,123116,588734
40868,4282,4320,4279,4303,164620,584332
40869,4266,4291,4265,4276,173148,581096
40870,4287,4290,4232,4237,278884,590706
40871,4210,4245,4188,4221,235904,576716
40872,4205,4230,4180,4187,190478,583284
40875,4210,4223,4196,4204,141154,583314
40876,4207,4229,4204,4225,132204,573546
40877,4227,4228,4187,4191,101716,577676
40878,4256,4279,4241,4260,162814,548242
40879,4247,4256,4242,4249,76004,546686
40882,4257,4264,4251,4261,75560,544936
40883,4246,4248,4237,4246,40700,545386
40884,4258,4260,4249,4255,41134,542868
40885,4251,4252,4219,4230,81440,546522
40886,4223,4241,4217,4233,58382,545332
40889,4214,4226,4207,4208,76782,554316
40890,4214,4237,4211,4229,117978,553538
40891,4231,4247,4227,4240,91354,539952
40892,4217,4281,4216,4273,281000,529976
40893,4277,4291,4269,4289,160496,519538
40896,4298,4315,4287,4303,211012,506424
40897,4307,4308,4285,4291,126932,511560
40898,4300,4305,4275,4277,108964,515476
40899,4288,4291,4270,4284,97908,514240
40900,4292,4299,4285,4287,96214,507032
40903,4291,4316,4283,4293,192602,504840
40904,4295,4302,4276,4278,89014,500438
40905,4314,4316,4301,4311,133522,492636
40906,4298,4329,4297,4311,178040,485830
40907,4313,4322,4305,4312,97794,479616
40912,4335,4344,4324,4332,99164,458312
40913,4342,4363,4334,4343,126632,435608
40914,4324,4335,4321,4334,54840,432038
40917,4333,4344,4330,4341,76700,421064
40918,4366,4372,4358,4365,107442,418216
40919,4364,4368,4356,4364,59020,419472
40920,4350,4354,4342,4351,59422,420140
40921,4338,4340,4316,4320,67046,418504
40924,4301,4301,4262,4268,90262,415228
40925,4280,4297,4268,4293,106536,417362
40926,4291,4304,4281,4281,63568,412294
40927,4293,4304,4288,4296,52788,398040
40928,4306,4335,4304,4333,44326,386268
40938,4337,4343,4321,4322,58160,386746
40939,4306,4333,4304,4333,54428,387602
40940,4336,4402,4336,4392,310730,424002
40941,4395,4424,4394,4416,210806,431904
40942,4424,4433,4390,4398,149656,421172
40945,4421,4442,4416,4438,144258,421566
40946,4436,4459,4413,4420,175204,418152
40947,4430,4448,4416,4448,133052,424600
40948,4433,4453,4427,4434,147732,423126
40949,4430,4430,4399,4407,96354,418334
40952,4424,4445,4421,4440,113132,427744
40953,4454,4465,4436,4439,142250,431430
40954,4444,4453,4429,4433,87452,429112
40955,4439,4443,4409,4418,129890,421210
40956,4426,4447,4421,4440,143206,440640
40959,4459,4464,4446,4449,142042,425936
40960,4453,4482,4443,4473,266386,471362
40961,4468,4471,4454,4455,155888,474182
40962,4451,4458,4437,4455,119942,466312
40963,4452,4462,4451,4459,97040,452540
40966,4451,4481,4451,4470,117342,435994
40967,4484,4501,4481,4500,128392,433556
40968,4502,4505,4487,4490,91204,422442
40969,4479,4506,4466,4468,169382,408314
40970,4482,4496,4481,4492,103000,406612
40973,4501,4513,4482,4493,200652,432562
40974,4484,4487,4472,4476,99120,438936
40975,4470,4486,4458,4462,121320,444018
40976,4465,4483,4463,4474,119340,434476
40977,4486,4534,4485,4532,254476,473170
40980,4516,4522,4500,4508,147758,484254
40981,4505,4530,4500,4527,136916,489000
40982,4541,4562,4515,4526,232664,498430
40983,4535,4542,4504,4528,217028,517066
40984,4541,4549,4512,4523,145920,523718
40987,4538,4553,4534,4544,183942,526730
40988,4536,4539,4487,4488,166868,517394
40989,4475,4501,4475,4501,85608,506700
40990,4507,4517,4501,4506,77672,501952
40991,4515,4542,4510,4540,137312,497362
40994,4549,4589,4545,4580,304884,499430
40995,4582,4587,4568,4583,134746,491034
40996,4569,4587,4559,4566,181804,484500
40997,4566,4591,4548,4553,261936,479226
40998,4547,4550,4522,4525,99286,471764
41004,4582,4645,4582,4640,238298,442228
41005,4644,4725,4644,4706,502878,476528
41008,4729,4730,4698,4715,214934,463872
41009,4708,4750,4707,4746,382384,484094
41010,4706,4706,4618,4665,240228,464902
41011,4666,4678,4651,4670,186864,465218
41012,4705,4710,4677,4678,229462,471848
41015,4629,4665,4629,4658,205242,477278
41016,4662,4669,4649,4658,141550,476806
41017,4669,4674,4616,4632,211380,472742
41018,4630,4644,4620,4638,124660,471190
41019,4637,4643,4623,4637,118470,473974
41022,4690,4690,4659,4662,144742,482514
41023,4651,4666,4639,4643,137446,482926
41024,4673,4701,4659,4660,249916,494952
41025,4657,4658,4639,4642,125610,494696
41026,4661,4666,4644,4656,149964,491494
41031,4669,4673,4637,4637,135528,501790
41032,4632,4635,4605,4607,212046,517572
41033,4612,4626,4594,4625,156542,513308
41036,4612,4615,4565,4576,182072,529150
41037,4576,4591,4571,4573,110894,532274
41038,4556,4556,4520,4527,210524,540204
41039,4532,4559,4523,4556,138384,546526
41040,4564,4566,4489,4497,246348,558600
41043,4473,4477,4384,4408,366334,540468
41044,4389,4412,4370,4405,212722,529034
41045,4390,4415,4314,4319,225688,541900
41046,4359,4369,4329,4355,241628,555014
41047,4335,4353,4307,4330,272574,570486
41050,4343,4383,4340,4371,209934,553794
41051,4363,4369,4350,4356,102164,557060
41052,4316,4316,4285,4296,160814,552532
41053,4306,4334,4305,4334,141174,549544
41054,4332,4333,4310,4328,83666,547288
41057,4337,4359,4329,4355,123664,543102
41058,4347,4372,4338,4368,130760,533424
41059,4357,4380,4350,4357,159644,541090
41060,4344,4363,4335,4343,118152,547784
41061,4320,4331,4306,4319,153278,562154
41064,4313,4326,4282,4302,202764,554646
41065,4317,4369,4310,4348,202652,552824
41066,4350,4398,4347,4365,206182,545946
41067,4391,4403,4364,4381,216088,524226
41068,4408,4411,4354,4374,203910,524170
41071,4390,4443,4390,4442,237434,519288
41072,4414,4460,4412,4454,375986,551080
41073,4445,4452,4425,4429,221588,553704
41074,4408,4410,4373,4374,185026,554782
41075,4377,4403,4374,4401,152132,535454
41078,4417,4427,4401,4413,147916,535614
41079,4454,4500,4450,4489,279500,526770
41080,4527,4534,4506,4520,229388,512070
41081,4492,4512,4468,4506,263518,469158
41085,4558,4599,4549,4556,340472,476694
41086,4563,4581,4547,4570,264060,461408
41087,4566,4592,4559,4567,223764,456382
41088,4543,4572,4515,4517,230146,439984
41089,4526,4543,4500,4543,212380,432682
41092,4601,4601,4535,4548,223010,425810
41093,4553,4583,4543,4582,199532,428808
41094,4579,4650,4579,4645,375738,465430
41095,4635,4679,4635,4665,347406,446622
41096,4674,4681,4533,4618,316998,408746
41099,4634,4804,4633,4796,1320764,646142
41100,4766,4774,4706,4717,1294266,544342
41101,4731,4833,4677,4693,1612360,543470
41102,4673,4690,4631,4636,626898,534412
41103,4675,4722,4659,4720,854160,597204
41106,4789,4870,4789,4859,1242346,679694
41107,4869,4875,4674,4758,1229796,639276
41108,4771,4794,4724,4743,909514,642346
41109,4803,4805,4752,4787,960780,670432
41110,4780,4820,4756,4797,1159340,666322
41113,4743,4849,4709,4776,2411202,763660
41114,4590,4651,4589,4603,1171860,595374
41115,4567,4632,4550,4582,921362,496024
41116,4609,4624,4580,4591,582924,481442
41117,4580,4625,4562,4623,821678,464782
41120,4692,4753,4673,4738,1037760,497520
41121,4708,4730,4679,4724,685984,496808
41122,4731,4750,4679,4680,669826,520260
41123,4667,4692,4663,4687,592442,533198
41124,4665,4769,4665,4702,1745044,574528
41127,4666,4699,4661,4696,872530,567362
41128,4702,4729,4694,4728,694292,555412
41129,4704,4710,4661,4664,683402,563390
41130,4689,4711,4687,4697,502154,554272
41131,4746,4749,4711,4720,481054,546276
41134,4717,4719,4691,4692,301564,550932
41135,4666,4694,4650,4692,395402,545500
41136,4687,4743,4679,4733,603160,561332
41137,4738,4746,4710,4713,356214,558122
41138,4723,4727,4708,4718,230174,547506
41141,4726,4752,4725,4739,283922,540556
41142,4769,4822,4768,4820,449498,525774
41143,4855,4883,4847,4865,420358,539714
41144,4892,4932,4844,4865,689878,530968
41145,4853,4901,4847,4900,315192,526314
41148,4958,4972,4926,4941,385658,522494
41149,4905,4915,4871,4873,341078,500766
41150,4881,4914,4857,4913,345580,492604
41151,4925,4937,4899,4931,291974,503774
41152,4919,4919,4893,4901,210716,494046
41155,4901,5015,4901,4989,481176,498948
41156,4993,5042,4982,5030,593004,539742
41157,4994,5020,4993,5002,335446,532192
41158,4945,4951,4888,4910,377236,509570
41159,4919,4939,4884,4886,278804,502980
41162,4876,4943,4876,4929,309146,521092
41163,4910,4939,4866,4880,386280,501704
41164,4878,4914,4873,4903,253232,491756
41165,4948,4952,4918,4921,233634,482146
41166,4951,4991,4930,4949,247308,474110
41169,4911,4926,4855,4858,368068,478282
41170,4791,4833,4778,4791,432068,446670
41171,4817,4838,4812,4831,202078,453000
41172,4836,4847,4805,4823,233200,452560
41173,4799,4865,4793,4862,523122,477810
41176,4829,4868,4791,4856,824838,498406
41177,4873,4938,4856,4934,612366,525688
41178,4922,4959,4874,4885,691206,502138
41179,4862,4892,4845,4864,538108,457070
41180,4878,4902,4840,4873,318478,427022
41190,4848,4863,4736,4737,529362,422818
41191,4758,4771,4724,4758,600756,457312
41192,4726,4752,4691,4741,500236,480970
41193,4711,4787,4711,4760,486758,484182
41194,4778,4807,4725,4731,583924,492796
41197,4697,4745,4688,4732,447786,494536
41198,4740,4762,4724,4727,317292,474420
41199,4709,4740,4707,4729,318580,452106
41200,4742,4775,4734,4761,258834,450538
41201,4779,4783,4753,4763,177384,435094
41204,4763,4806,4754,4802,252558,436832
41205,4799,4803,4756,4757,231418,424880
41206,4775,4848,4771,4842,607162,476736
41207,4841,4856,4820,4837,390090,471496
41208,4832,4867,4822,4858,600640,484846
41211,4842,4863,4800,4806,510368,465478
41212,4795,4804,4772,4795,380736,461272
41213,4794,4830,4784,4830,352410,465914
41214,4831,4949,4828,4928,1103444,573206
41215,4912,4954,4895,4936,1278654,672976
41218,4886,4950,4856,4883,1598334,651886
41219,4900,4925,4893,4904,922852,671274
41220,4914,4914,4853,4862,1030168,597280
41221,4849,4873,4839,4858,488784,586800
41222,4847,4871,4778,4781,963214,577640
41225,4723,4733,4637,4731,2368684,736144
41226,4720,4759,4714,4755,1257670,767966
41227,4764,4784,4746,4762,964784,725076
41228,4763,4763,4716,4718,869448,727576
41229,4714,4754,4714,4749,762132,718326
41232,4758,4776,4732,4751,663256,697486
41233,4753,4759,4727,4745,610934,696484
41234,4762,4774,4748,4762,499746,676614
41235,4763,4764,4741,4757,433762,650868
41236,4753,4790,4749,4777,438766,629708
41239,4783,4785,4760,4766,264502,631804
41240,4772,4777,4746,4747,342130,628744
41241,4768,4775,4743,4752,333272,624016
41242,4757,4775,4741,4774,405580,607704
41243,4768,4778,4759,4772,292158,596116
41246,4777,4806,4774,4785,379776,572108
41247,4774,4780,4739,4760,518746,594020
41248,4767,4775,4754,4770,302776,579064
41249,4789,4793,4766,4771,302558,545676
41250,4762,4790,4749,4788,350818,526744
41253,4765,4782,4760,4776,212310,517982
41254,4781,4796,4769,4769,207770,507438
41255,4767,4775,4753,4757,222592,514964
41256,4761,4782,4761,4770,171028,505398
41257,4774,4787,4768,4783,191700,489152
41260,4802,4852,4798,4847,421708,485028
41261,4839,4872,4824,4825,352244,492652
41262,4805,4820,4782,4796,291812,483894
41263,4774,4774,4743,4764,258110,465204
41264,4753,4785,4753,4777,223538,469422
41267,4787,4795,4766,4767,125698,475618
41268,4774,4779,4760,4765,163210,470930
41269,4764,4776,4760,4770,107246,464274
41270,4760,4781,4756,4777,118860,446292
41271,4772,4782,4750,4752,137238,446552
41274,4750,4762,4736,4747,149494,429324
41278,4727,4759,4710,4749,128592,433648
41281,4732,4776,4731,4740,168130,433526
41282,4759,4759,4717,4750,165730,433686
41283,4750,4764,4745,4747,74800,436324
41284,4751,4759,4747,4757,54424,432360
41285,4754,4797,4751,4763,204240,437878
41288,4790,4816,4784,4812,178656,434544
41289,4832,4840,4793,4804,120444,421548
41290,4815,4821,4802,4820,78842,423820
41291,4835,4837,4799,4800,69898,415692
41292,4807,4821,4796,4819,100366,411194
41295,4819,4856,4819,4830,104250,409934
41296,4828,4838,4821,4837,73608,402300
41297,4839,4840,4822,4827,52974,396332
41298,4810,4819,4790,4799,88958,385724
41299,4805,4830,4805,4807,90174,378420
41302,4820,4832,4810,4831,56730,368240
41303,4825,4837,4819,4824,45488,367166
41304,4822,4853,4820,4843,69346,360584
41305,4864,4869,4835,4840,81190,352286
41306,4835,4855,4832,4851,66602,346812
41309,4853,4858,4839,4841,55540,339200
41310,4844,4847,4833,4835,47606,327004
41311,4837,4847,4837,4842,28482,318618
41312,4836,4841,4822,4827,42850,298090
41313,4828,4862,4828,4841,36970,287816
41323,4805,4805,4779,4795,66384,277820
41324,4786,4804,4786,4797,60022,281228
41325,4814,4832,4808,4826,59950,279850
41326,4824,4824,4797,4809,82144,282182
41327,4809,4908,4806,4856,268632,288538
41330,4817,4831,4781,4807,155950,277534
41331,4798,4832,4763,4763,160242,298872
41332,4777,4799,4746,4753,158766,316196
41333,4775,4778,4749,4750,116622,318682
41334,4763,4774,4747,4769,99072,306126
41337,4762,4772,4757,4759,62092,306660
41338,4773,4791,4773,4779,70090,293348
41339,4780,4781,4769,4779,52662,296562
41340,4775,4788,4772,4782,49064,299012
41341,4788,4798,4782,4793,46990,295046
41344,4790,4794,4772,4773,47764,297888
41345,4780,4784,4742,4744,82732,319204
41346,4745,4755,4715,4749,136264,325890
41347,4722,4740,4714,4736,129814,336642
41348,4739,4788,4739,4778,140376,324094
41351,4749,4753,4729,4747,106578,326430
41352,4758,4760,4740,4753,74744,320880
41353,4748,4766,4746,4757,63682,305872
41354,4767,4797,4761,4791,98566,309078
41355,4801,4824,4782,4814,156092,335986
41358,4806,4858,4805,4842,229120,368790
41359,4843,4857,4834,4852,129318,367090
41360,4859,4860,4818,4831,151748,353432
41361,4837,4851,4817,4825,158370,350360
41362,4793,4815,4763,4809,168826,341642
41365,4803,4821,4781,4788,137566,344570
41366,4793,4804,4773,4792,100144,337722
41367,4777,4784,4760,4771,115702,338270
41372,4755,4790,4745,4790,127682,342614
41373,4778,4800,4778,4786,84138,345474
41374,4800,4812,4787,4810,102072,346428
41375,4800,4816,4799,4807,108270,356920
41376,4812,4815,4795,4811,73966,344744
41379,4802,4802,4776,4788,114556,354532
41380,4763,4805,4758,4791,176502,363632
41381,4794,4812,4784,4791,125692,348712
41382,4782,4806,4777,4797,100010,343272
41383,4802,4815,4783,4784,96122,340738
41386,4770,4783,4760,4766,117142,355686
41387,4764,4778,4759,4776,133224,358856
41388,4770,4776,4720,4724,282432,395442
41389,4718,4736,4701,4704,193860,395274
41390,4735,4735,4700,4713,191622,371108
41396,4696,4721,4689,4719,130320,370012
41397,4720,4733,4713,4731,76804,361956
41400,4730,4760,4723,4759,116550,355408
41401,4743,4750,4739,4739,65996,355562
41402,4746,4759,4743,4754,58160,348412
41403,4751,4757,4742,4744,48368,344010
41404,4754,4768,4744,4753,74144,341474
41407,4738,4747,4718,4719,76846,350942
41408,4728,4738,4717,4717,82944,359528
41409,4706,4727,4706,4725,70098,358402
41410,4706,4742,4706,4742,101092,348736
41411,4753,4755,4740,4753,84110,339338
41414,4760,4784,4753,4756,118458,333432
41415,4763,4773,4744,4756,54568,338538
41416,4758,4766,4751,4765,34756,335216
41417,4780,4780,4744,4748,55636,329772
41418,4737,4751,4730,4731,82708,336030
41421,4719,4734,4714,4732,34016,332324
41422,4732,4742,4730,4742,30060,329690
41423,4753,4770,4738,4746,104150,321274
41424,4751,4751,4727,4735,58124,313558
41425,4738,4744,4727,4736,55730,307546
41428,4745,4774,4739,4768,105022,295096
41429,4771,4771,4749,4755,51844,291524
41430,4764,4777,4758,4762,55274,287864
41431,4749,4760,4745,4754,38840,276272
41432,4753,4762,4736,4740,46788,261960
41438,4744,4748,4719,4723,39316,260638
41439,4724,4725,4714,4725,30996,260420
41442,4716,4720,4703,4712,40568,260062
41443,4711,4725,4711,4714,23682,257390
41444,4708,4720,4705,4708,27818,257436
41445,4710,4718,4696,4698,40502,257912
41446,4688,4697,4662,4667,90622,259882
41449,4640,4667,4640,4649,37510,261214
41450,4666,4680,4658,4676,44536,253420
41451,4667,4681,4664,4669,27090,250972
41452,4662,4672,4648,4664,43230,249968
41453,4657,4668,4654,4656,20720,248000
41456,4634,4634,4607,4620,60986,256906
41457,4610,4637,4603,4637,33514,252818
41458,4633,4643,4631,4639,24754,251240
41459,4636,4654,4636,4650,27894,244440
41460,4651,4658,4647,4651,17952,243658
41463,4637,4640,4628,4631,22690,246340
41464,4637,4663,4637,4655,41234,241334
41465,4663,4673,4657,4664,25212,237068
41466,4668,4677,4661,4672,30680,229954
41467,4673,4683,4660,4660,25492,228030
41470,4648,4648,4635,4641,24590,231194
41471,4647,4664,4647,4661,18288,229256
41472,4666,4670,4659,4664,23172,226346
41473,4656,4656,4639,4646,30120,226460
41474,4638,4644,4621,4622,48692,227064
41477,4628,4639,4622,4635,35252,225504
41478,4641,4651,4634,4651,31952,219740
41479,4627,4634,4609,4614,57704,224612
41480,4598,4599,4522,4526,192144,250634
41481,4488,4488,4362,4364,343796,308212
41484,4355,4358,4303,4335,408606,333320
41485,4337,4340,4291,4303,306610,359038
41486,4265,4394,4252,4392,616568,346152
41487,4383,4413,4360,4392,476960,342482
41488,4374,4397,4362,4397,373258,339940
41491,4376,4390,4347,4378,306810,343214
41492,4368,4385,4364,4385,127866,332052
41493,4355,4362,4293,4302,425422,366716
41494,4304,4357,4304,4333,216056,335662
41495,4346,4367,4328,4331,153870,337668
41498,4340,4375,4334,4372,122292,323324
41499,4417,4432,4405,4419,130780,306378
41500,4410,4416,4379,4380,124960,312630
41501,4415,4422,4389,4391,115366,304818
41502,4421,4452,4402,4405,109992,299506
41505,4452,4452,4418,4420,80620,301302
41506,4449,4449,4411,4419,135344,301730
41507,4413,4438,4407,4420,102280,301034
41508,4417,4434,4416,4429,81820,302546
41509,4422,4439,4415,4428,108750,303626
41512,4482,4598,4482,4583,716072,311400
41513,4589,4589,4514,4527,288528,274602
41514,4527,4527,4490,4493,96936,270838
41515,4511,4535,4451,4489,165454,260978
41516,4473,4482,4452,4470,68356,255700
41519,4469,4503,4467,4502,58452,252792
41520,4520,4520,4480,4505,69550,247036
41521,4488,4491,4472,4484,36314,246020
41522,4469,4495,4463,4485,56892,241796
41523,4489,4507,4485,4505,49126,235310
41526,4503,4513,4492,4505,30326,232448
41527,4482,4504,4473,4502,44552,230130
41528,4509,4548,4509,4540,132258,239694
41529,4528,4550,4524,4537,95572,237088
41530,4570,4582,4537,4538,96364,207816
41533,4511,4518,4490,4491,62674,199972
41534,4481,4508,4473,4502,63612,198438
41535,4491,4530,4490,4528,52080,194022
41540,4505,4526,4491,4516,50818,197154
41541,4512,4546,4512,4543,74286,194228
41542,4543,4552,4533,4536,38444,187640
41543,4539,4548,4527,4535,25512,180832
41544,4535,4539,4520,4532,49240,169306
41547,4526,4579,4526,4553,64604,164542
41555,4560,4605,4560,4598,44628,164514
41556,4585,4595,4576,4585,23540,166944
41557,4591,4621,4591,4614,75390,173938
41558,4612,4629,4593,4594,38548,173592
41561,4580,4619,4575,4599,57290,176104
41562,4593,4621,4579,4588,69642,165446
41563,4587,4616,4581,4583,110130,173844
41564,4587,4600,4556,4566,65802,168594
41565,4581,4594,4569,4584,37560,167934
41568,4592,4594,4576,4586,39348,161714
41569,4587,4590,4545,4546,67660,170252
41570,4548,4559,4513,4535,72500,166408
41571,4544,4544,4502,4507,63494,168580
41572,4494,4523,4491,4493,60332,167808
41575,4499,4499,4473,4484,36082,171302
41576,4469,4480,4441,4450,43356,172586
41577,4454,4474,4450,4450,35918,168448
41578,4452,4477,4438,4470,54072,169982
41579,4461,4496,4456,4473,69040,170372
41582,4458,4470,4455,4466,30528,168620
41583,4464,4485,4455,4470,37796,164970
41584,4465,4474,4447,4448,48868,164466
41585,4447,4476,4445,4476,46614,167744
41586,4478,4489,4463,4474,62048,166096
41589,4489,4536,4481,4499,66592,167026
41590,4504,4511,4484,4492,44142,167592
41591,4494,4504,4492,4494,31314,161302
41592,4498,4503,4486,4503,26126,159412
41593,4505,4509,4490,4493,34112,160642
41596,4500,4500,4466,4474,53812,157006
41597,4479,4485,4443,4443,52412,159408
41598,4442,4446,4418,4428,65800,161376
41599,4427,4432,4405,4410,52684,166132
41600,4426,4429,4413,4418,36274,164390
41603,4435,4435,4402,4403,46134,160708
41604,4414,4415,4378,4383,52232,159312
41605,4392,4407,4384,4398,42564,155768
41606,4390,4392,4353,4354,72098,167352
41607,4356,4367,4351,4360,40334,168526
41610,4366,4394,4364,4388,62744,162384
41611,4381,4404,4370,4396,64200,153226
41612,4395,4414,4395,4410,42272,154040
41613,4415,4426,4403,4413,33746,151600
41614,4423,4423,4393,4401,35104,151332
41617,4403,4424,4398,4424,40052,147038
41618,4430,4436,4412,4418,29180,148428
41619,4425,4426,4412,4426,16634,147898
41620,4429,4434,4407,4418,31722,146710
41621,4413,4430,4408,4417,45100,143716
41624,4417,4471,4417,4450,81664,145672
41625,4458,4479,4451,4462,62788,143812
41626,4472,4474,4439,4447,37296,143878
41627,4434,4456,4430,4449,26488,145272
41628,4454,4457,4436,4451,25460,145880
41631,4447,4470,4447,4464,22924,144936
41632,4456,4462,4426,4441,42932,145422
41633,4442,4449,4428,4438,32406,145674
41634,4444,4450,4428,4428,16516,145672
41635,4421,4443,4412,4437,27656,145560
41638,4404,4415,4275,4313,509446,209768
41639,4306,4340,4305,4328,141188,205822
41641,4317,4329,4292,4326,90186,207602
41642,4307,4342,4305,4338,80314,203018
41645,4345,4352,4316,4346,104472,212882
41646,4350,4379,4348,4368,105464,206966
41647,4378,4395,4320,4361,157058,207636
41648,4353,4405,4345,4387,88390,209232
41649,4398,4483,4391,4465,250036,232420
41652,4445,4457,4413,4416,121806,210178
41653,4426,4440,4420,4433,52432,204052
41654,4439,4478,4439,4471,100138,213314
41655,4470,4493,4454,4487,93046,220042
41656,4490,4515,4468,4501,118114,230894
41659,4493,4554,4469,4540,156686,251992
41660,4541,4546,4515,4538,138848,244438
41661,4512,4535,4495,4515,132310,243188
41662,4537,4556,4526,4532,114740,246740
41663,4528,4539,4504,4520,101384,246932
41666,4527,4537,4523,4530,48596,241764
41667,4541,4541,4508,4517,46428,232620
41668,4517,4534,4512,4515,40578,224476
41669,4515,4515,4488,4494,46420,213404
41677,4538,4554,4520,4524,54246,206324
41680,4531,4550,4524,4547,114288,242942
41681,4552,4578,4530,4543,169354,277374
41682,4556,4577,4551,4557,87370,290438
41683,4548,4565,4546,4564,61876,297834
41684,4586,4588,4550,4559,57922,293784
41687,4551,4558,4527,4537,58896,292656
41688,4537,4552,4516,4517,64494,284928
41689,4535,4542,4483,4501,110078,283742
41690,4503,4522,4495,4518,78194,280562
41691,4526,4529,4495,4510,105790,295046
41694,4518,4547,4507,4538,109148,302964
41695,4546,4550,4519,4519,58874,300858
41696,4531,4533,4513,4515,52556,299752
41697,4521,4526,4499,4502,57130,300430
41698,4490,4492,4466,4467,88774,305248
41701,4475,4491,4475,4484,61236,310228
41702,4485,4485,4460,4471,66596,309164
41703,4478,4492,4469,4488,58136,309186
41704,4482,4488,4476,4480,30710,308846
41705,4492,4495,4469,4470,64234,304914
41708,4454,4454,4369,4378,191088,273362
41709,4366,4431,4358,4431,119372,244652
41710,4416,4429,4412,4418,43670,242416
41711,4410,4413,4395,4412,61434,241170
41712,4418,4420,4402,4407,47462,234912
41715,4392,4401,4379,4396,38754,231634
41716,4398,4408,4376,4390,47306,225636
41717,4404,4406,4387,4388,31542,224706
41718,4386,4390,4356,4365,72486,227480
41719,4361,4374,4359,4367,26912,227298
41722,4365,4371,4356,4362,19784,225258
41723,4360,4373,4355,4361,42838,224822
41724,4362,4372,4340,4348,50842,233670
41725,4365,4365,4337,4338,64606,243228
41726,4334,4343,4306,4310,58426,249948
41729,4304,4317,4292,4298,53608,256524
41730,4305,4342,4305,4326,92890,251288
41731,4328,4346,4296,4297,99028,262900
41732,4291,4296,4275,4284,74998,265334
41733,4291,4320,4280,4305,122346,277888
41737,4302,4325,4297,4312,63184,274480
41738,4325,4337,4308,4312,76516,275160
41739,4315,4329,4312,4313,50776,273820
41740,4307,4313,4298,4306,38032,275750
41743,4315,4361,4298,4360,175148,286868
41744,4359,4383,4355,4379,195906,316284
41745,4397,4400,4367,4383,107766,323292
41746,4391,4399,4372,4391,99910,327800
41747,4381,4416,4378,4391,191520,368510
41750,4391,4399,4339,4344,165258,370638
41751,4339,4363,4327,4357,109604,371744
41752,4347,4373,4341,4352,100340,367930
41753,4358,4380,4351,4380,57184,375500
41754,4376,4432,4376,4418,318072,413118
41757,4448,4454,4423,4433,171116,423812
41758,4420,4463,4404,4452,183756,442748
41759,4459,4471,4436,4438,134224,428098
41764,4410,4446,4406,4430,99868,430188
41765,4429,4429,4347,4351,350778,488044
41766,4346,4366,4331,4336,187020,496120
41767,4329,4368,4326,4346,267840,500950
41768,4362,4362,4337,4337,102170,486080
41771,4348,4355,4330,4337,132732,473076
41772,4337,4395,4328,4393,279102,491412
41773,4395,4468,4395,4460,340770,543158
41774,4457,4525,4443,4507,450874,565864
41775,4497,4531,4483,4520,349890,572910
41778,4522,4567,4490,4543,437172,593788
41779,4560,4587,4513,4573,530864,588416
41780,4566,4626,4540,4568,840300,638312
41781,4598,4614,4569,4579,519674,644030
41782,4576,4586,4551,4561,340590,639026
41785,4562,4582,4548,4558,300078,647608
41786,4555,4572,4533,4550,351264,627950
41787,4547,4659,4539,4639,965258,763262
41788,4641,4656,4615,4617,447670,754284
41789,4619,4642,4517,4553,642962,692138
41793,4545,4569,4537,4563,235672,694382
41794,4544,4589,4540,4551,358190,693080
41795,4557,4568,4503,4504,369278,668520
41796,4501,4504,4462,4481,366656,637368
41799,4483,4534,4480,4519,276024,634884
41800,4514,4530,4478,4478,292050,620688
41801,4486,4506,4476,4486,153892,610256
41802,4473,4515,4457,4494,244630,619732
41803,4479,4498,4470,4485,141796,609360
41806,4495,4537,4489,4522,273128,624960
41807,4528,4528,4487,4494,219924,615856
41808,4480,4513,4473,4498,177204,618352
41809,4498,4515,4498,4500,113928,613370
41810,4509,4521,4500,4509,148068,608360
41813,4518,4553,4516,4535,217300,605224
41814,4526,4530,4506,4512,134550,596036
41815,4509,4521,4489,4497,137940,598192
41816,4495,4502,4486,4491,68416,600722
41817,4502,4515,4483,4485,115570,593764
41820,4478,4488,4462,4465,87544,594360
41821,4370,4408,4343,4370,367826,540260
41822,4382,4393,4352,4377,124838,541720
41823,4352,4372,4352,4364,81888,539678
41824,4356,4363,4331,4331,70408,536194
41827,4334,4336,4305,4317,87742,535054
41828,4320,4395,4315,4367,263998,541708
41829,4353,4373,4325,4334,116320,531380
41830,4328,4340,4317,4329,86820,518240
41831,4325,4346,4302,4334,103758,511302
41834,4305,4350,4281,4348,172074,505764
41835,4350,4360,4334,4342,70018,493642
41836,4348,4359,4345,4350,77950,485792
41837,4350,4357,4341,4341,54624,478272
41838,4340,4359,4327,4337,81770,473910
41841,4329,4359,4317,4337,107068,474782
41842,4335,4384,4335,4383,183224,477126
41843,4373,4410,4365,4366,212288,452422
41844,4386,4392,4361,4372,86914,450388
41845,4372,4381,4359,4367,60186,448352
41848,4380,4422,4380,4418,135624,454578
41849,4433,4456,4426,4437,173622,434450
41850,4422,4434,4395,4433,78470,434886
41851,4422,4460,4417,4452,91994,440188
41852,4450,4477,4438,4475,172426,458202
41855,4474,4533,4473,4529,394318,507764
41856,4540,4558,4517,4557,266688,511816
41857,4548,4554,4537,4544,151600,517256
41858,4557,4566,4529,4537,166366,515218
41859,4531,4567,4531,4558,156236,529398
41862,4563,4599,4563,4593,199170,539368
41863,4590,4605,4573,4581,200956,529434
41864,4581,4648,4579,4647,338444,552604
41865,4645,4663,4542,4590,697470,523540
41866,4599,4621,4584,4619,293730,548988
41869,4608,4621,4586,4610,190094,553400
41870,4608,4612,4557,4574,325736,541092
41871,4577,4581,4530,4548,271608,549620
41872,4538,4550,4498,4507,285464,556326
41873,4508,4547,4495,4528,242130,562000
41876,4533,4537,4508,4537,137174,561612
41877,4528,4617,4521,4614,386430,616144
41878,4616,4632,4596,4625,443476,642274
41879,4621,4628,4586,4600,502716,625168
41880,4606,4621,4589,4597,349794,623956
41883,4597,4616,4593,4610,247332,627322
41884,4610,4657,4609,4637,512702,654446
41885,4637,4651,4622,4627,253106,656848
41886,4618,4618,4581,4582,291410,642720
41887,4584,4604,4567,4597,315544,630806
41891,4583,4622,4549,4557,339890,622222
41892,4544,4572,4527,4571,251266,627552
41893,4567,4576,4534,4550,225992,624592
41894,4541,4640,4536,4636,570432,694448
41897,4620,4655,4605,4630,596764,747362
41898,4633,4803,4610,4638,1035078,704602
41899,4628,4661,4621,4655,357836,710182
41900,4655,4680,4622,4642,315774,703350
41901,4623,4643,4594,4599,409526,682802
41904,4581,4594,4532,4571,611444,649360
41905,4557,4573,4526,4545,425710,618950
41906,4550,4595,4533,4563,376652,637352
41907,4573,4622,4573,4599,331116,621012
41908,4583,4639,4575,4612,382164,608164
41911,4625,4664,4596,4608,280116,578288
41912,4631,4633,4588,4594,214324,547982
41920,4617,4617,4554,4565,254340,537332
41921,4568,4588,4549,4554,271234,562190
41922,4541,4563,4422,4434,758938,584016
41925,4433,4463,4369,4403,746298,679342
41926,4434,4443,4394,4398,814752,666414
41927,4408,4448,4379,4432,431502,624224
41928,4417,4437,4381,4413,455328,674916
41929,4432,4453,4410,4424,281444,677240
41932,4412,4412,4344,4394,536192,691458
41933,4404,4454,4390,4424,411242,673992
41934,4443,4458,4415,4429,261976,670226
41935,4408,4440,4398,4437,234872,674218
41936,4460,4487,4445,4446,357308,660066
41939,4420,4433,4404,4431,237394,682006
41940,4471,4473,4417,4420,260830,668488
41941,4424,4448,4418,4441,202342,668236
41942,4464,4474,4435,4452,275538,674970
41943,4443,4532,4435,4526,561008,675366
41946,4526,4551,4499,4499,331844,656976
41947,4493,4515,4480,4489,237234,648734
41948,4487,4517,4480,4491,249212,654824
41949,4508,4524,4381,4431,806768,712852
41950,4443,4479,4442,4468,345342,701496
41953,4482,4482,4448,4466,254580,704450
41954,4446,4459,4409,4424,327206,712408
41955,4454,4464,4393,4399,419966,685892
41956,4393,4433,4379,4421,354954,672704
41957,4411,4435,4403,4429,284028,663068
41960,4422,4436,4412,4424,184900,652200
41961,4436,4451,4400,4420,216144,618740
41962,4413,4417,4393,4402,161218,619958
41963,4361,4414,4361,4408,193580,616004
41964,4421,4428,4406,4417,132876,608356
41967,4424,4433,4361,4366,312588,637882
41968,4365,4378,4340,4366,289426,657308
41969,4361,4370,4344,4358,196952,659666
41970,4358,4402,4351,4397,281928,632326
41971,4396,4411,4382,4403,231766,601170
41974,4370,4407,4367,4403,180620,605310
41975,4411,4430,4388,4396,163312,604498
41976,4375,4409,4371,4403,276202,620254
41977,4395,4424,4394,4408,224470,617044
41978,4427,4470,4413,4464,391778,609708
41981,4484,4484,4438,4450,190272,599948
41982,4451,4451,4421,4423,155714,581038
41983,4427,4461,4414,4453,186242,547112
41984,4434,4452,4420,4440,131778,522386
41985,4440,4458,4432,4442,113938,506200
41988,4429,4449,4424,4439,94490,485748
41989,4424,4427,4394,4401,157394,468728
41990,4396,4416,4387,4392,91036,460590
41991,4397,4409,4372,4392,112562,447838
41992,4396,4411,4386,4402,128736,424338
41995,4409,4409,4386,4386,84952,421684
41996,4386,4414,4367,4380,134808,412516
41997,4383,4430,4366,4425,241342,416832
41998,4418,4458,4416,4454,271186,438066
41999,4458,4476,4448,4473,172444,431198
42002,4472,4536,4459,4534,487776,418136
42003,4529,4543,4511,4521,201260,405936
42004,4517,4530,4497,4514,167852,382772
42009,4491,4507,4457,4501,92822,373468
42010,4501,4544,4489,4503,202610,361126
42011,4512,4523,4480,4502,115532,360862
42012,4506,4518,4487,4500,109268,356056
42013,4503,4514,4484,4503,121954,353824
42016,4506,4530,4493,4504,145412,351134
42017,4496,4496,4459,4475,125684,338916
42018,4466,4475,4443,4456,109734,334252
42019,4451,4489,4444,4483,111060,332842
42020,4479,4504,4454,4487,129888,323030
42023,4492,4498,4457,4477,119714,319188
42024,4480,4496,4439,4439,103700,317228
42025,4439,4472,4393,4437,176490,302784
42026,4432,4449,4413,4419,84454,299064
42027,4426,4433,4395,4403,68388,294280
42030,4398,4421,4370,4371,100146,295256
42031,4375,4439,4373,4416,81582,285620
42032,4416,4427,4392,4399,59018,285956
42033,4394,4401,4338,4354,246662,296416
42034,4345,4373,4335,4341,113056,288044
42037,4343,4393,4341,4389,134084,279692
42038,4390,4420,4390,4417,105446,267782
42039,4401,4437,4397,4401,84010,259730
42040,4402,4412,4370,4402,74788,256242
42041,4409,4420,4399,4416,50650,257836
42044,4421,4424,4373,4400,84904,255324
42045,4390,4410,4382,4386,43774,256514
42046,4387,4396,4379,4391,32246,254798
42047,4393,4414,4381,4397,48960,251272
42048,4391,4415,4391,4396,69178,242146
42051,4400,4402,4347,4356,100164,227398
42052,4352,4365,4351,4359,30678,225152
42060,4370,4377,4288,4290,89700,230878
42061,4292,4293,4242,4287,153798,246944
42062,4288,4338,4258,4319,141062,238166
42065,4323,4335,4282,4291,139098,258076
42066,4278,4306,4268,4294,114674,256030
42067,4290,4302,4279,4294,54576,253068
42068,4286,4289,4196,4202,208238,297484
42069,4201,4216,4186,4194,99972,297374
42072,4199,4233,4179,4211,118802,286874
42073,4207,4224,4144,4147,161044,326718
42074,4154,4224,4137,4209,211722,293114
42075,4213,4214,4186,4198,61126,288924
42076,4194,4211,4181,4182,72394,288786
42079,4179,4206,4167,4203,80876,282074
42080,4204,4250,4192,4194,96770,278786
42081,4189,4216,4186,4191,100332,277068
42082,4200,4211,4177,4197,106550,277612
42083,4192,4209,4171,4192,112570,287856
42086,4191,4215,4185,4187,90474,295404
42087,4190,4213,4132,4188,243610,300022
42088,4184,4186,4108,4111,216098,322880
42089,4108,4128,4064,4110,328974,350638
42090,4104,4111,4084,4090,116994,348912
42093,4091,4097,4045,4089,179162,355162
42094,4080,4091,4068,4072,85668,345668
42095,4070,4115,4067,4092,157844,331378
42096,4087,4110,4075,4075,96742,331822
42097,4062,4080,4024,4055,174638,336558
42101,4042,4058,4015,4017,86238,354396
42102,4011,4024,3993,4009,123626,358636
42103,4007,4012,3981,3989,113856,363294
42104,3990,4023,3988,3999,88492,354138
42107,4005,4059,4000,4054,161008,344778
42108,4050,4134,4042,4127,255670,363734
42109,4121,4187,4121,4159,274850,350350
42110,4160,4185,4144,4151,151376,349304
42111,4155,4155,4055,4057,263220,360348
42114,4038,4063,3957,3982,474022,365712
42115,3954,4035,3944,4030,265966,354090
42116,4023,4165,4023,4150,393364,313340
42117,4146,4168,4115,4145,225446,304434
42118,4154,4212,4143,4209,281446,307202
42121,4209,4245,4193,4225,246474,290442
42122,4222,4233,4194,4222,136476,283030
42123,4234,4241,4215,4229,119528,276338
42124,4227,4341,4225,4327,290626,283200
42128,4310,4314,4268,4281,138172,267242
42129,4284,4304,4247,4287,117820,255516
42130,4293,4334,4271,4322,151842,253662
42131,4313,4323,4280,4305,100304,252480
42132,4309,4315,4262,4297,119874,245470
42135,4307,4381,4294,4379,239378,264024
42136,4370,4402,4361,4382,179732,266618
42137,4385,4396,4367,4391,145540,263972
42138,4397,4404,4348,4384,135178,253884
42139,4383,4399,4378,4388,80510,246304
42142,4389,4397,4364,4388,88008,238348
42143,4395,4396,4354,4355,81422,235680
42144,4351,4352,4304,4329,159098,227724
42145,4334,4362,4313,4333,117382,222198
42146,4334,4508,4326,4481,402084,257280
42149,4478,4495,4434,4450,284236,242602
42150,4458,4480,4439,4446,139672,238958
42151,4437,4455,4406,4423,142052,228948
42152,4426,4472,4415,4434,170704,233800
42153,4440,4451,4413,4447,97018,229570
42156,4446,4456,4353,4368,158744,231976
42157,4381,4412,4365,4397,103030,224274
42158,4404,4431,4396,4408,93894,220574
42159,4405,4410,4352,4376,111652,212916
42160,4373,4386,4300,4305,124736,209560
42163,4304,4334,4291,4299,100422,209624
42164,4302,4348,4300,4304,115652,216202
42165,4307,4327,4298,4318,83420,212892
42166,4327,4341,4303,4312,80298,214398
42167,4303,4316,4209,4216,235450,207274
42170,4232,4240,4191,4199,104728,203384
42171,4197,4271,4187,4247,140020,197324
42172,4246,4304,4221,4298,135310,195978
42173,4293,4343,4287,4303,145040,191716
42174,4295,4312,4263,4294,103090,186880
42178,4323,4341,4307,4320,79772,189100
42179,4313,4319,4262,4282,110906,188690
42180,4284,4314,4264,4277,78544,187258
42181,4287,4308,4242,4252,133252,183920
42184,4278,4290,4214,4234,128458,181234
42185,4234,4249,4185,4191,95132,173220
42186,4192,4305,4166,4241,181102,179196
42187,4239,4242,4204,4220,77464,168814
42188,4220,4231,4201,4205,85114,174876
42191,4216,4216,4135,4149,117472,172374
42192,4152,4160,4109,4114,93606,167930
42193,4116,4116,3966,3977,235854,168246
42194,3982,4173,3980,4162,202100,159230
42195,4171,4273,4167,4256,239136,166822
42198,4264,4281,4213,4250,134218,164574
42199,4241,4280,4227,4257,128784,165586
42200,4259,4262,4204,4219,73090,164866
42201,4209,4227,4134,4196,109830,164334
42202,4198,4231,4164,4193,94540,165034
42205,4186,4203,4120,4140,76816,162058
42206,4137,4169,4130,4141,55470,163988
42207,4142,4147,4096,4132,93646,171606
42208,4118,4150,4093,4138,138760,176156
42209,4142,4175,4127,4154,108044,175958
42212,4150,4166,4112,4119,96156,181670
42213,4117,4163,4068,4160,154848,176458
42214,4169,4231,4160,4228,178300,172266
42215,4226,4271,4214,4226,195220,172634
42216,4239,4255,4222,4244,138538,174836
42219,4249,4261,4182,4217,134596,174292
42220,4249,4261,4182,4249,135878,179552
42221,4253,4264,4226,4243,100208,180712
42222,4256,4339,4245,4327,280248,197430
42223,4320,4342,4282,4323,203744,197916
42226,4311,4377,4311,4360,165968,206148
42227,4351,4394,4350,4379,154490,206606
42228,4368,4393,4354,4389,108644,200624
42229,4402,4421,4303,4347,184278,190468
42230,4343,4378,4336,4363,95060,193006
42233,4364,4397,4353,4377,93400,196152
42234,4378,4397,4318,4320,137286,195272
42235,4322,4346,4299,4328,165056,184442
42236,4335,4341,4271,4291,147186,186260
42237,4289,4327,4282,4295,125984,181172
42240,4292,4298,4189,4211,187232,173692
42241,4190,4259,4174,4225,153176,164686
42242,4261,4287,4214,4222,117042,161516
42243,4227,4243,4181,4232,141800,156406
42244,4228,4275,4158,4171,296216,186766
42247,4165,4207,4148,4178,199874,182580
42248,4175,4215,4163,4201,154972,180016
42249,4196,4227,4188,4214,103604,169628
42254,4204,4204,4151,4153,94176,180640
42255,4153,4180,4120,4173,161072,178520
42256,4179,4200,4148,4150,144352,181766
42257,4150,4191,4138,4184,130984,177172
42258,4168,4226,4160,4198,129130,171522
42261,4196,4213,4170,4173,101008,171980
42262,4175,4203,4164,4169,116620,168022
42263,4166,4197,4144,4194,134724,162102
42264,4195,4201,4175,4180,90668,160064
42265,4176,4197,4152,4157,107006,165370
42268,4153,4166,4079,4128,196796,178116
42269,4130,4136,4085,4099,124372,179962
42270,4087,4102,4062,4092,112814,179212
42271,4090,4111,4067,4075,114040,183312
42272,4068,4097,4030,4061,236476,180152
42275,4079,4088,4043,4049,63530,181124
42276,4049,4107,4016,4105,191076,174370
42277,4109,4128,4080,4086,154442,163308
42285,4109,4128,3905,3936,183878,203636
42286,3935,3977,3871,3922,656916,207202
42289,3933,3993,3902,3987,415540,200024
42290,3979,3989,3955,3980,323006,203960
42291,3979,4017,3969,4001,341054,198142
42292,4009,4017,3986,3996,192382,198426
42293,3990,3995,3941,3952,294986,228852
42296,3944,3954,3922,3938,201892,236308
42297,3923,3950,3900,3926,231304,249304
42298,3928,3941,3907,3908,151772,247836
42299,3908,3968,3893,3957,291586,233740
42300,3960,3983,3914,3952,233476,215232
42304,3894,3894,3848,3888,233854,245402
42305,3886,3896,3849,3853,152286,252430
42306,3850,3876,3840,3854,164680,254290
42307,3849,3868,3836,3850,210072,262310
42310,3851,3865,3846,3851,115138,260710
42311,3848,3862,3836,3852,115834,260860
42312,3849,3892,3848,3876,221584,240952
42313,3868,3878,3839,3859,129408,245456
42314,3858,3868,3824,3868,167740,248466
42317,3864,3885,3841,3851,166678,251450
42318,3851,3858,3828,3840,109812,254148
42319,3838,3860,3791,3847,213416,259808
42321,3858,3887,3858,3866,129404,246544
42324,3858,3873,3849,3853,46098,248714
