39027,19849,20189,19827,20185,145616,190092
39028,20212,20421,20209,20378,126300,191862
39029,20343,20459,20221,20278,169800,194182
39030,19826,19966,19758,19888,137044,187248
39031,20578,20609,20304,20361,159778,193764
39034,19652,19980,19652,19971,183032,190030
39035,20005,20177,19833,19936,175988,183548
39036,19909,20056,19657,19880,193522,188048
39037,20003,20054,19810,19938,140794,179804
39038,19703,19778,19563,19601,167156,175650
39041,19580,19646,19503,19594,94510,173990
39042,19627,19741,19627,19675,66054,169606
39043,19874,19909,19792,19843,59424,164220
39044,19772,19882,19686,19868,70230,165692
39045,19919,20070,19902,20052,68394,161868
39048,20220,20278,20078,20085,88046,161040
39049,20027,20117,19962,19985,62884,155116
39050,20074,20074,19909,20030,50420,155650
39051,19963,20085,19777,20082,52024,155678
39052,20217,20252,19956,19967,71328,152570
39055,20275,20301,20208,20267,85730,151678
39056,20217,20244,20111,20120,53958,149832
39057,20286,20292,20125,20142,60926,151056
39058,19947,20075,19935,20033,53342,150752
39059,20095,20151,20040,20149,56090,156080
39062,20136,20190,20107,20129,36710,157106
39063,20097,20194,20089,20166,33112,156024
39064,20131,20384,20131,20374,93244,162164
39065,20279,20359,20261,20271,67976,157324
39066,20487,20503,20342,20349,66686,157786
39069,20155,20315,20155,20285,45978,156952
39070,20251,20342,20248,20292,48296,156960
39071,20304,20391,20268,20358,57006,158360
39072,20326,20332,20230,20243,45026,154262
39073,20254,20254,19911,19956,88628,152726
39076,20010,20136,20010,20079,44626,153580
39077,20111,20176,20075,20166,34530,153798
39078,20212,20306,20176,20247,40410,155204
39079,20302,20416,20289,20402,77102,161864
39080,20386,20446,20290,20361,50842,154058
39086,19928,20077,19531,19554,146272,154370
39087,19425,19830,19425,19748,153580,152848
39090,19214,19330,19092,19219,216536,156032
39091,19356,19622,19325,19526,119410,150386
39092,19672,19809,19631,19728,88326,150006
39093,19950,19979,19547,19609,101176,150074
39094,19657,19706,19557,19563,80956,152754
39097,19563,19733,19527,19615,67662,153398
39098,19597,19597,19208,19301,111166,151936
39099,19398,19428,19061,19212,109856,148920
39100,19189,19337,19096,19326,82656,147042
39101,19177,19285,19130,19216,72822,147004
39104,19358,19427,19286,19351,76420,145570
39105,19538,19539,19391,19399,49648,147012
39106,19612,19645,19542,19582,66720,148556
39107,19535,19561,19429,19480,40058,147366
39108,19455,19471,19309,19352,40604,144350
39111,19367,19498,19335,19461,45956,145654
39112,19051,19205,19049,19159,73140,146184
39113,19251,19292,19178,19268,45880,145130
39114,19359,19416,19339,19406,45512,146508
39115,19445,19496,19388,19415,45140,145904
39118,19312,19449,19273,19438,45202,146318
39119,19507,19588,19437,19539,71460,147450
39120,19552,19581,19419,19425,46700,146536
39121,19255,19413,19253,19363,46658,143440
39122,19458,19501,19372,19407,32404,142172
39125,19406,19438,19339,19384,30020,142436
39126,19360,19418,19339,19415,23218,138538
39127,19684,19730,19640,19667,74898,146098
39128,19593,19712,19581,19681,45390,144364
39129,19599,19848,19599,19814,40880,145388
39139,20063,20260,20048,20117,92702,155644
39140,20115,20154,19769,19777,76030,154216
39141,19606,19832,19595,19785,63218,151094
39142,19710,19813,19671,19706,37866,148722
39143,19732,19732,19593,19702,41888,146730
39146,19718,19718,19428,19453,58508,142374
39147,19423,19603,19339,19591,69008,144282
39148,19533,19608,19477,19579,42504,143064
39149,19719,19719,19635,19636,33950,141640
39150,19682,19683,19525,19551,32928,136916
39153,19497,19585,19474,19555,24084,134482
39154,19652,19663,19547,19547,30516,134402
39155,19484,19511,19422,19481,43430,134574
39156,19481,19588,19420,19577,37576,136356
39157,19718,19722,19586,19672,57386,133720
39160,19663,19663,19544,19583,43492,129096
39161,19600,19631,19573,19615,24560,128174
39162,19561,19569,19492,19546,28566,126216
39163,19562,19582,19512,19528,17598,125498
39164,19537,19577,19503,19516,16474,126140
39167,19494,19515,19474,19493,17238,125818
39168,19469,19469,19262,19266,30094,129120
39169,19334,19346,19220,19299,24872,130276
39170,19290,19306,19246,19259,14742,129562
39171,19328,19345,19238,19242,21642,132196
39174,19200,19265,19147,19168,21544,131676
39175,19155,19210,19149,19210,19070,131208
39176,19342,19429,19309,19359,50334,133638
39177,19370,19421,19348,19352,27374,135414
39178,19344,19553,19322,19544,33936,135926
39181,19531,20047,19531,19865,125988,149712
39182,19873,20219,19712,19825,176532,148792
39183,19710,19842,19610,19648,70898,144386
39184,19683,19873,19656,19774,71866,147842
39185,19588,19725,19580,19686,37706,145082
39188,19716,19810,19708,19759,37000,144324
39189,19660,19903,19660,19771,46008,142840
39190,19991,20169,19931,20096,125808,156098
39191,20005,20088,19663,19784,104816,144530
39192,19792,20113,19715,20086,98126,148894
39195,20178,20194,19905,20019,76740,147816
39196,20139,20201,20053,20121,63540,152178
39197,20003,20053,19914,19996,57718,142832
39198,20034,20049,19986,20022,49636,143514
39199,19959,20001,19888,19922,62510,140004
39202,20033,20116,19878,20108,68312,143506
39210,20431,20662,20360,20563,144492,160942
39211,20596,20612,20265,20384,110918,156268
39212,20289,20490,20245,20444,100410,160420
39213,20194,20386,20194,20258,73782,156584
39216,20458,20506,20286,20336,82360,160828
39217,20203,20272,19930,19990,150708,155520
39218,20071,20082,19956,20056,60158,150282
39219,19916,19934,19789,19831,74302,146198
39220,19761,19925,19665,19832,84388,140228
39223,19867,20086,19852,20053,78454,142832
39224,20105,20119,19912,19946,52618,142892
39225,19801,19929,19799,19877,37198,139492
39226,19868,19914,19850,19914,22128,140922
39227,19707,19790,19676,19790,49098,137258
39230,19956,20002,19881,19893,27808,137906
39231,19858,19876,19765,19767,24690,136428
39232,19681,19760,19673,19710,18916,133284
39233,19712,19897,19712,19881,26646,127224
39234,19932,19932,19784,19837,14526,125940
39237,19806,19866,19761,19761,12004,125536
39238,19861,19940,19819,19882,27272,126608
39239,19855,19913,19848,19864,14780,124190
39240,19758,19862,19756,19854,17698,123676
39241,19876,19899,19814,19826,24252,125090
39244,19810,19839,19748,19821,18608,123672
39245,19860,19874,19757,19776,19632,122832
39246,19754,19789,19740,19773,13000,121810
39247,19834,19834,19344,19394,54846,131948
39248,19446,19514,19407,19498,52910,131672
39251,19554,19557,19438,19483,22972,129484
39252,19406,19478,19399,19450,15084,127842
39253,19384,19492,19356,19440,26428,128286
39254,19473,19473,19406,19424,14236,129028
39255,19394,19488,19383,19462,15556,129620
39258,19518,19518,19380,19396,13072,129550
39259,19454,19464,19226,19310,34694,131974
39260,19210,19270,19039,19170,52574,133804
39261,19216,19257,19180,19214,21830,132818
39262,19280,19303,19224,19274,21456,129698
39265,19190,19317,19190,19306,14898,128974
39266,19401,19468,19383,19451,34602,130702
39267,19454,19454,19321,19323,21098,128830
39268,19381,19423,19367,19404,11170,128514
39269,19351,19480,19351,19469,14372,128248
39272,19462,19704,19462,19696,33070,128690
39273,19645,19725,19523,19526,30840,126178
39274,19500,19557,19490,19555,16886,126000
39275,19636,19677,19573,19587,20238,124862
39276,19503,19550,19445,19524,22802,123316
39279,19491,19535,19471,19515,14474,121098
39280,19467,19523,19390,19481,18608,115258
39281,19487,19533,19468,19471,9824,114952
39282,19450,19495,19410,19410,18574,113052
39283,19504,19605,19416,19583,45272,116144
39286,19554,19706,19509,19635,36980,111174
39287,19448,19659,19448,19619,24632,105624
39288,19631,19771,19626,19745,27410,106274
39289,19629,19776,19594,19692,24932,105266
39290,19633,19703,19589,19597,23920,101988
39293,19580,19668,19577,19614,11108,101536
39294,19661,19671,19591,19629,15884,101156
39295,19589,19620,19452,19493,21642,100448
39296,19526,19563,19506,19545,15008,101562
39297,19503,19534,19503,19526,14970,103270
39300,19421,19456,19373,19414,24192,105996
39301,19456,19484,19417,19454,16084,107422
39302,19476,19515,19476,19480,9100,107162
39303,19505,19513,19467,19509,8096,107684
39304,19447,19458,19397,19430,21576,108328
39307,19516,19555,19413,19433,16090,107956
39308,19446,19451,19415,19430,10494,106896
39309,19381,19414,19360,19377,16068,106786
39310,19335,19385,19221,19257,28906,106600
39311,19008,19148,18790,19024,67568,116572
39314,19127,19241,19122,19234,22006,116520
39315,19202,19268,19172,19227,19868,117702
39316,19244,19313,19238,19312,17194,116948
39317,19384,19444,19354,19444,21110,116994
39318,19444,19446,19366,19375,12248,115968
39321,19485,19495,19439,19452,15114,115622
39322,19446,19446,19372,19381,11172,115372
39323,19326,19350,19317,19337,11862,116686
39324,19379,19417,19373,19383,10784,117184
39325,19384,19434,19366,19429,9766,117186
39328,19452,19452,19386,19389,11646,117368
39329,19349,19392,19349,19353,10214,117918
39330,19353,19363,19305,19325,13926,118924
39331,19299,19321,19265,19314,11520,119542
39332,19331,19358,19326,19341,10636,119042
39335,19327,19342,19287,19302,15104,118118
39336,19293,19334,19282,19320,13752,117094
39337,19361,19385,19216,19343,13984,117530
39338,19332,19332,19285,19285,11430,118512
39339,19307,19349,19291,19302,11498,117784
39342,19298,19300,19214,19259,16472,122172
39343,19241,19315,19185,19248,17066,118274
39344,19284,19324,19280,19301,8122,118324
39345,19377,19377,19326,19341,15814,117554
39346,19342,19354,19322,19351,12412,117396
39349,19347,19352,19313,19338,10336,117554
39350,19340,19340,19312,19320,12548,117602
39351,19332,19345,19303,19309,14586,117282
39352,19314,19334,19298,19334,9120,117164
39353,19334,19482,19333,19482,21576,118706
39363,19337,19357,19246,19256,16650,118856
39364,19179,19247,19168,19223,17016,116656
39365,19278,19292,19224,19252,13104,119180
39366,19321,19331,19233,19236,12836,120420
39367,19251,19269,19192,19203,15712,121802
39370,19232,19258,19192,19215,27036,123350
39371,19181,19219,19101,19165,34242,119852
39372,19159,19178,19087,19087,22816,120676
39373,19132,19133,18941,19062,29820,120786
39374,19084,19121,19039,19068,27308,120280
39377,19005,19042,18901,18901,21800,120510
39378,18961,18961,18719,18796,24046,122558
39379,18787,18808,18550,18557,29424,125082
39380,18470,18487,18109,18112,53788,128652
39381,18183,18449,18147,18438,77814,132456
39384,18479,18500,18377,18408,41328,138372
39385,18331,18345,18244,18292,28596,138652
39386,18329,18339,18247,18320,21466,137620
39387,18342,18483,18218,18482,50252,134772
39388,18418,18443,18320,18414,44706,138402
39391,18512,18679,18512,18677,40206,138780
39392,18686,18782,18587,18770,37234,140410
39393,18808,18891,18716,18722,34438,142334
39394,18608,18692,18520,18567,29918,138392
39395,18623,18708,18583,18707,24970,134886
39398,18593,18625,18518,18577,31656,130210
39399,18513,18513,18311,18415,50574,125224
39400,18401,18469,18401,18456,18038,125104
39401,18564,18610,18370,18387,27848,124350
39402,18114,18285,18102,18194,61554,120796
39405,18215,18337,18152,18198,46358,117936
39406,17945,18071,17549,18050,126852,118180
39407,18161,18161,17846,17961,53462,115894
39408,17755,18202,17743,18193,44262,112264
39409,18173,18266,18038,18239,50248,111476
39412,18191,18351,18063,18100,46826,110376
39413,18127,18205,18063,18203,38770,107598
39414,18206,18239,18115,18182,30502,107044
39415,18207,18368,18135,18299,46560,107772
39416,18217,18259,18128,18178,35350,104408
39419,18218,18261,18128,18136,30182,102274
39420,17939,18104,17911,18072,43980,101174
39421,18102,18166,18090,18142,31462,98342
39422,18103,18164,18099,18134,18094,97522
39423,18146,18194,18111,18175,14882,96784
39426,18213,18239,18124,18128,25538,96778
39427,18108,18125,18080,18102,18186,96926
39428,18102,18102,17955,18019,26438,96304
39429,18041,18182,17990,18172,34700,96824
39430,18091,18169,18070,18144,26842,96252
39433,18054,18285,18054,18169,20798,96540
39434,17974,18215,17974,18191,14884,90372
39435,18109,18136,18074,18135,5574,90322
39436,18171,18254,18110,18179,19088,91196
39437,18141,18275,18071,18175,17082,88754
39440,18220,18707,18220,18604,94302,97366
39441,18488,18503,18259,18286,33952,91934
39442,18288,18347,18266,18341,8682,90580
39443,18404,18547,18297,18340,18116,88958
39444,18324,18336,18196,18207,14496,86032
39449,18151,18228,18119,18143,9374,87870
39450,18226,18226,18130,18191,9788,88334
39451,18408,18609,18389,18461,63612,91880
39454,18234,18342,18204,18322,22946,87724
39455,18302,18376,18302,18376,10112,87288
39456,18559,18649,18362,18403,30516,87010
39457,18344,18443,18316,18359,17108,85358
39458,18332,18415,18314,18408,9994,85194
39461,18440,18446,18299,18338,10736,85582
39462,18400,18410,18292,18296,13516,85356
39463,18239,18305,18185,18289,20584,81538
39464,18293,18322,18243,18315,8986,81004
39465,18221,18332,18221,18332,7864,80080
39468,18385,18385,18310,18319,7280,79870
39469,18171,18301,18126,18259,19278,78928
39470,18299,18472,18299,18472,18058,77500
39471,18389,18708,18389,18641,39760,82362
39472,18643,18823,18643,18762,31412,88376
39475,18902,18918,18712,18748,38566,94588
39476,18822,19229,18786,19197,55386,104732
39477,19413,19643,19309,19374,150108,105018
39478,19367,19567,19361,19518,82694,104888
39479,19679,19745,19479,19530,87682,105814
39482,19497,19611,19474,19531,37784,106888
39483,19532,19536,19327,19422,36832,110070
39491,19401,19496,19046,19077,37418,111556
39492,19233,19714,19217,19702,140218,124488
39493,19650,19767,19504,19529,74394,128166
39496,19616,19723,19558,19603,105874,143062
39497,19645,19657,19426,19472,58310,138942
39498,19527,19618,19403,19422,45438,140854
39499,19480,19652,19461,19591,93124,157092
39500,19647,20029,19647,19780,113390,172458
39503,19902,19936,19762,19892,94340,182258
39504,19790,19818,19532,19666,70438,176098
39505,19857,20104,19857,19889,88560,195000
39506,20148,20328,20057,20221,121640,205674
39507,20249,20296,20182,20184,58518,206612
39510,20082,20485,20046,20458,80582,213136
39511,20355,20916,20355,20707,140974,222608
39512,20550,21029,20483,20889,214908,251016
39513,21098,21424,21098,21364,168552,257244
39514,21213,21511,21133,21347,233142,269438
39517,21259,21385,20553,20757,272114,266668
39518,20681,20691,20448,20465,123200,269336
39519,20352,20377,19715,19755,194184,256978
39520,20039,20078,19808,19884,119774,257462
39521,19874,20069,19691,19922,120364,262730
39524,19794,20030,19757,19946,116708,262896
39525,19357,19459,19149,19154,143612,235256
39526,19250,19430,19064,19346,92314,225728
39527,18964,19133,18841,19094,133980,219980
39528,19079,19474,19041,19450,66284,220834
39531,19426,19515,19288,19366,68848,217170
39532,19400,19788,19371,19749,91264,219218
39533,19719,19922,19562,19563,127926,226950
39534,19740,19757,19542,19583,119500,227936
39535,19733,19835,19551,19578,98160,231818
39538,19634,19649,19383,19408,92294,236440
39539,19301,19332,19090,19267,111124,224196
39540,19364,19420,19247,19328,67236,222622
39541,19377,19393,19276,19320,50118,219588
39545,19391,19401,19284,19374,54314,214692
39546,19401,19402,19312,19384,41206,213610
39547,19357,19536,19218,19446,74998,217650
39548,19684,19701,19518,19530,64674,222822
39549,19480,19512,19402,19421,43214,215724
39552,19304,19337,19071,19220,54564,212542
39553,19182,19265,19180,19223,37892,210066
39554,19147,19190,19112,19167,27398,194968
39555,19261,19311,19211,19213,31582,196406
39556,19174,19174,19117,19156,21042,193852
39559,19177,19222,18862,18877,33580,192990
39560,18857,19081,18762,19006,58446,186994
39561,19040,19100,18919,19089,57276,186100
39562,19092,19189,19048,19119,56060,189800
39563,18916,19064,18907,18996,37354,186692
39566,19029,19093,18992,19071,25654,188594
39567,19097,19097,18974,19001,29930,186000
39568,18914,18969,18875,18959,37734,183126
39573,18941,18942,18816,18816,29882,184014
39574,18852,18951,18829,18945,44774,181642
39575,18959,19023,18916,19001,56016,178664
39576,18954,19017,18944,18995,44686,175308
39577,18967,19009,18913,18930,30974,172598
39580,18919,18940,18853,18855,23316,170668
39581,18974,19002,18891,18996,30760,172720
39582,19035,19087,18994,19012,50678,175630
39583,19012,19028,18938,18975,27988,169590
39584,19031,19438,19031,19429,82980,168180
39587,19499,19511,19276,19284,62268,170890
39588,19247,19295,19195,19232,41088,170404
39589,19237,19245,18891,18951,47976,160916
39590,19012,19225,18977,19216,38922,159352
39591,19060,19280,18973,19041,56534,159656
39594,19133,19361,19114,19240,69032,164538
39595,19160,19324,19056,19100,39872,160914
39596,19102,19234,19091,19134,41456,161626
39597,19104,19129,18919,18982,45584,158484
39598,18856,18940,18734,18937,49210,155626
39601,18937,18983,18833,18836,28154,155372
39602,18901,18927,18798,18868,30990,154906
39603,18846,18862,18763,18819,25020,154392
39604,18793,18861,18735,18847,24836,152876
39605,18944,18975,18905,18928,24032,153392
39609,18932,19051,18889,18968,45216,151324
39610,18976,19042,18937,19010,37214,152768
39611,19007,19086,18995,19027,52126,151832
39612,19047,19047,18955,18961,21248,148068
39615,18965,18998,18861,18883,24018,144224
39616,18945,19022,18939,18956,17972,131458
39617,19087,19247,19053,19246,56526,140524
39618,19280,19286,19086,19093,34746,139942
39619,19150,19309,19139,19306,66576,149788
39622,19315,19378,19235,19299,53294,149572
39623,19264,19298,19136,19144,37030,143496
39624,19113,19136,19046,19101,26540,142560
39625,19110,19174,19095,19099,20778,142494
39626,19153,19160,19070,19085,22672,141644
39629,19135,19161,19041,19148,29610,142952
39630,19125,19193,19107,19175,18892,140588
39631,19177,19500,19172,19472,51958,147542
39632,19548,19721,19358,19514,105928,150778
39633,19441,19484,19373,19394,53256,149100
39636,19274,19773,19274,19722,93498,159104
39637,19740,19929,19709,19753,141056,168244
39638,19513,19592,19455,19497,83300,160814
39639,19537,19664,19529,19579,69748,162674
39640,19705,19829,19691,19738,117982,185168
39643,19716,19781,19613,19715,88170,181170
39644,19702,19724,19522,19524,64136,182646
39645,19476,19526,19436,19465,43462,168274
39646,19427,19467,19238,19246,61982,166982
39647,19286,19298,19201,19256,35950,163072
39650,19140,19226,19109,19136,41870,158534
39651,19154,19253,19150,19251,21776,157894
39652,19197,19232,19042,19095,32676,158074
39653,19114,19179,19073,19134,33116,153548
39654,19089,19169,19053,19136,28172,151304
39657,19054,19201,19054,19163,17698,149816
39658,19191,19253,19109,19114,18054,149668
39659,19104,19205,19053,19183,42874,145862
39660,19170,19211,19153,19171,19318,145812
39661,19153,19190,19030,19038,30700,143050
39664,19010,19081,18930,19071,38596,142902
39665,18957,18961,18720,18784,85262,142826
39666,18850,18933,18849,18920,23806,138364
39667,18876,18924,18866,18916,18732,135562
39668,18893,18918,18846,18848,13498,135306
39671,18749,18819,18620,18642,29606,133054
39672,18702,18715,18321,18375,52304,134092
39673,18316,18496,18149,18469,57522,129780
39674,18485,18676,18423,18629,54910,127780
39675,18423,18466,18314,18318,38570,125662
39678,18526,18580,18443,18484,34986,117144
39679,18420,18420,17929,17960,87484,126518
39680,18113,18153,17830,18120,97392,125806
39681,18014,18182,18003,18166,42350,123398
39682,18322,18361,18176,18213,34022,122938
39685,18045,18105,17957,18056,25862,124216
39686,18050,18087,17982,18001,29878,123872
39687,18030,18103,17962,18046,27484,123018
39688,18041,18050,17894,17909,33390,124212
39689,17816,17834,17725,17757,34740,127142
39692,17743,17787,17489,17509,44558,131216
39693,17556,17556,17219,17245,74516,132086
39694,17348,17348,17113,17201,90738,135494
39695,17208,17238,17123,17238,58532,139602
39696,17073,17406,17073,17278,82034,141578
39699,17257,17382,17253,17314,53088,142072
39700,17296,17327,16965,17032,81232,145968
39701,17010,17014,16694,16718,95634,148958
39702,16787,16813,16645,16738,88310,148996
39703,16755,16879,16733,16848,69142,146304
39707,16484,16561,16152,16158,73880,147346
39708,16236,16241,15865,15980,101602,138162
39709,16085,16092,15601,15669,124134,137414
39710,15770,15849,15521,15811,116510,140184
39713,15897,16133,15848,16108,130110,139244
39714,16035,16046,15668,15675,151540,148604
39715,15502,15518,15231,15426,153118,148738
39716,15224,15560,15207,15534,151608,147898
39717,15495,15667,15483,15650,107090,143888
39727,15013,15013,14941,14941,2166,142522
39728,14259,14485,14186,14467,167714,150986
39729,14357,14615,14211,14263,217394,153750
39730,14298,14338,13951,14205,275280,161606
39731,13702,13727,13529,13539,126172,170252
39734,13688,14232,13487,14232,366198,166134
39735,14539,14594,14308,14458,199134,150380
39736,14258,14450,13941,14418,343388,163812
39737,13612,13965,13585,13585,448488,171298
39738,14388,14407,13872,14296,369356,151920
39741,14407,14723,14287,14717,277064,153336
39742,14502,14502,13995,14149,333302,167038
39743,13826,13923,13630,13750,335236,200352
39744,13244,14013,13197,13949,451956,220538
39745,13973,13985,13709,13788,345452,198626
39748,13925,14193,13574,13726,468184,209920
39749,14211,14236,13728,14186,379938,189474
39750,14426,14426,14150,14200,236758,177806
39751,14338,14571,14260,14455,425622,189936
39752,13981,14066,13896,13941,197718,175042
39755,14117,14245,14023,14138,182852,168956
39756,14079,14152,13908,13917,137668,166294
39757,14100,14128,13781,13806,203478,179440
39758,13680,13771,13581,13633,218330,197994
39759,13443,13797,13400,13766,274074,191954
39762,13874,13988,13783,13897,189228,182760
39763,13741,13812,13697,13727,122646,183384
39764,13686,13818,13683,13775,102194,178544
39765,13729,13731,13542,13647,137842,179912
39766,13708,13795,13682,13722,92514,179634
39769,13669,13762,13595,13759,143442,182316
39770,13689,13817,13689,13746,115118,174184
39771,13802,13865,13789,13829,67960,173560
39772,13723,13747,13382,13428,187804,188372
39773,13160,13360,13020,13260,268170,205350
39776,13240,13269,13111,13168,117046,202998
39777,13340,13357,13266,13278,108768,198340
39778,13288,13353,13173,13241,100142,197174
39779,13307,13347,12921,12972,149764,210488
39780,12994,13002,12651,12656,221588,230090
39783,12519,12713,12396,12595,299058,215544
39784,12370,12411,12061,12073,326488,233696
39785,12058,12061,11705,11714,251330,224158
39786,11371,11371,11245,11245,73628,215444
39787,10683,10722,10597,10599,119808,215358
39791,10824,10909,10180,10226,491696,242826
39792,10308,10792,10207,10762,654722,220768
39793,10671,10954,10591,10884,500296,211598
39794,10948,10973,10392,10547,623492,237620
39797,10689,10948,10665,10811,460030,224314
39798,10536,10637,10382,10444,380160,252288
39799,10557,10789,10294,10615,843950,255060
39800,10545,10747,10526,10638,444900,244372
39801,10504,10747,10465,10740,433784,245128
39804,10856,11050,10828,11011,639832,240936
39805,11014,11032,10879,10961,252338,233524
39806,10939,11300,10931,11286,379510,247994
39807,11219,11479,11195,11361,407844,246270
39808,11414,11436,11083,11165,387198,228386
39811,11386,11436,11040,11284,426860,230054
39812,11211,11350,11131,11300,262956,221996
39813,11291,11671,11285,11571,303708,218302
39818,11956,12079,11653,11987,603814,238572
39819,11845,12255,11756,12138,764248,248692
39820,12255,12638,12064,12201,891186,253056
39821,11941,12208,11776,11777,384682,235438
39822,11780,12269,11780,12065,537596,219776
39825,12104,12359,11892,11892,459870,245602
39826,11665,11894,11602,11675,423584,241070
39827,11925,12045,11825,12000,318468,226278
39828,11922,12000,11804,11896,240522,221770
39829,11921,12072,11904,12028,173300,208382
39832,12006,12201,11982,12105,158674,206598
39833,11949,11957,11499,11578,305064,222936
39834,11484,11551,11349,11434,347616,216526
39835,11333,11522,11160,11406,402838,207366
39836,11329,11650,11277,11645,199632,204064
39846,11521,11573,11390,11460,136428,208728
39847,11595,11787,11568,11769,202052,216890
39848,11845,11921,11715,11720,221682,221498
39849,11796,11846,11705,11737,165686,219670
39850,11755,11883,11744,11861,126754,216518
39853,11945,12332,11942,12224,299122,233876
39854,12096,12173,11971,12114,179280,227578
39855,11899,11935,11691,11782,198838,220696
39856,11866,12106,11838,12080,249424,225252
39857,12025,12055,11948,12029,143558,218046
39860,11995,12123,11851,11927,164354,217502
39861,11873,12179,11839,12116,207950,216492
39862,11915,12173,11856,11998,363208,214272
39863,12099,12155,11921,12001,254272,214114
39864,12020,12108,11624,11632,371676,250568
39867,11518,11694,11432,11627,339340,231750
39868,11421,11594,11386,11508,257826,236630
39869,11789,11840,11711,11791,154964,215510
39870,11854,11895,11743,11743,125318,207300
39871,11824,11833,11670,11687,103696,206854
39874,11657,11737,11633,11700,85608,207478
39875,11638,11714,11594,11685,60646,209102
39876,11693,11743,11660,11740,78952,216032
39877,11911,11911,11767,11771,87238,209278
39878,11753,11781,11735,11747,50636,209268
39881,11753,11756,11507,11532,155494,238088
39882,11564,11680,11537,11647,120256,231384
39883,11669,11700,11639,11644,64608,230042
39884,11637,11758,11630,11738,73304,230490
39885,11749,11880,11736,11858,121750,236966
39888,11857,12051,11840,11975,128288,242344
39889,11998,12028,11913,11941,128972,231858
39890,11980,12124,11963,12074,120312,237128
39891,12162,12469,12157,12406,217850,256690
39892,12539,12598,12468,12574,266414,253594
39895,12536,13125,12467,12979,519870,272220
39896,12898,13100,12616,12747,336732,264582
39897,12704,12844,12653,12773,230650,281790
39898,12799,13045,12773,13041,236764,296190
39899,13116,13172,12823,12859,226532,303500
39902,12786,12928,12752,12759,151380,316390
39903,12731,12814,12633,12800,138828,315454
39904,12790,12847,12645,12668,129796,323992
39905,12737,12745,12488,12663,270680,341878
39906,12740,12804,12695,12785,159272,347004
39910,12815,13244,12814,13188,251266,358492
39911,13067,13113,12874,12913,189400,358502
39912,13049,13219,13022,13194,235686,359930
39913,13347,13513,13327,13453,326564,361420
39916,13501,13708,13213,13281,443988,367450
39917,13302,13317,12965,13017,249108,358940
39918,12988,13151,12669,12792,386664,375588
39919,12983,13037,12721,12839,497988,367792
39920,12714,12968,12713,12921,364864,360040
39923,12889,13040,12889,12947,210104,361740
39924,12775,12775,12549,12584,520328,383806
39925,12791,12888,12664,12732,224178,346024
39926,12767,12925,12709,12925,164774,343026
39927,12793,12854,12756,12790,136772,332578
39930,12814,12841,12579,12591,174150,335216
39931,12614,12626,12360,12377,174020,332058
39932,12398,12527,12295,12513,143580,321382
39933,12534,12662,12528,12610,131078,313696
39937,12890,12986,12832,12922,359878,332674
39938,12918,12923,12712,12726,171940,301020
39939,12741,12864,12739,12838,104356,295204
39940,12957,12969,12810,12852,118878,291240
39941,12870,12943,12805,12943,91304,282254
39944,12858,12877,12759,12765,87630,275904
39945,12796,12890,12791,12878,69478,272276
39946,12862,12930,12859,12912,59832,269020
39947,12810,12823,12687,12774,101580,265018
39948,12837,12839,12736,12781,60614,263674
39951,12709,12768,12645,12724,69190,256902
39952,12737,12904,12732,12877,101784,259836
39953,12779,12816,12739,12752,72252,259302
39954,12733,12807,12685,12777,99724,263068
39955,12643,12711,12643,12688,86096,267692
39958,12697,12725,12684,12716,46646,263774
39959,12730,12741,12662,12667,36914,264768
39960,12720,12720,12682,12709,32166,261164
39965,12755,12912,12723,12851,117710,267364
39966,12904,12950,12858,12868,93300,267414
39967,12882,13123,12874,13114,127554,288178
39968,13010,13062,13000,13045,114500,288078
39969,13464,13587,13436,13446,283038,299836
39972,13421,13465,13256,13330,114144,294124
39973,13482,13503,13329,13431,179798,287974
39974,13589,13592,13492,13534,145314,287484
39975,13489,13570,13385,13471,111006,282534
39976,13570,13577,13476,13483,106806,271434
39979,13423,13431,13194,13313,132914,269718
39980,13235,13374,13231,13360,87748,251802
39981,13305,13460,13305,13449,74902,253184
39982,13424,13480,13408,13462,68870,252036
39983,13466,13485,13420,13453,50260,247530
39986,13407,13490,13390,13427,73952,245028
39987,13241,13319,13188,13314,82936,242314
39988,13304,13445,13294,13439,49080,242072
39989,13452,13496,13412,13434,72170,238372
39990,13475,13539,13448,13533,70126,237454
39993,13476,13514,13421,13430,54470,231420
39994,13450,13483,13435,13440,40934,235446
39995,13415,13439,13400,13436,26954,233914
39996,13464,13494,13453,13479,37910,231950
39997,13445,13665,13427,13505,206096,237910
40000,13476,13505,13415,13427,53476,237818
40001,13472,13510,13472,13494,33072,235780
40002,13470,13480,13405,13455,53404,237838
40003,13389,13436,13371,13409,54134,241990
40004,13420,13450,13414,13417,27614,240402
40007,13415,13462,13342,13344,55026,243014
40008,13368,13403,13349,13387,35828,240718
40009,13420,13526,13409,13516,56022,233670
40010,13531,13641,13523,13539,60004,210012
40011,13610,13660,13585,13656,94146,214842
40014,13724,13960,13718,13946,140624,232178
40015,13905,13917,13834,13844,78148,226180
40016,13853,13879,13784,13832,54820,225344
40017,13877,13953,13875,13911,67624,226734
40018,13944,14240,13935,14208,209338,256962
40021,14300,14836,14274,14834,308280,292662
40022,14730,14871,14653,14746,400764,296140
40023,14697,14707,14062,14236,302566,279994
40024,14255,14679,14222,14612,310430,300382
40025,14882,15185,14832,15125,531660,332978
40028,15214,15333,14784,14971,624588,321370
40029,15272,15283,14866,15054,393168,309620
40030,15254,15407,15120,15204,405024,309716
40031,15197,15424,15148,15338,470574,326336
40032,15176,15235,14961,14969,309976,320988
40035,15049,15302,15042,15299,210682,322584
40036,15201,15249,15059,15161,219644,315942
40037,15086,15100,14888,14906,194198,320660
40038,15139,15315,15139,15266,229716,312510
40039,15383,15421,15174,15255,185690,309018
40042,15004,15019,14582,14590,430530,313218
40043,14857,15096,14773,15085,305060,280518
40044,15059,15172,14708,14853,320078,274782
40045,14965,15031,14794,14974,228852,268112
40046,14793,14854,14717,14825,192840,275722
40049,15155,15284,15037,15167,318140,301278
40050,15034,15047,14895,14985,174382,283452
40051,14947,15075,14917,15028,119740,284716
40052,14942,14949,14851,14940,120130,284776
40053,15101,15117,15012,15025,100644,282252
40056,15052,15056,14820,14893,106288,279162
40057,14906,14991,14879,14955,105054,275328
40058,14817,14867,14722,14789,111904,273340
40059,14816,14920,14807,14916,73840,270376
40060,14927,15148,14907,15036,218820,277456
40063,15028,15057,14951,14987,97084,273324
40064,14989,15128,14975,15123,136630,285068
40065,15138,15217,15088,15104,142966,294366
40066,15115,15157,15047,15109,86244,294374
40067,14999,15052,14967,14970,85806,281490
40070,14696,14801,14385,14801,193588,274408
40071,14833,14924,14812,14869,68836,270798
40072,14930,14936,14907,14921,43218,253684
40073,15076,15102,14999,15007,105368,255812
40074,15024,15032,14910,14925,49286,252780
40077,14881,14988,14863,14974,53202,248784
40078,14945,14951,14909,14926,31780,246528
40079,14947,14997,14865,14875,77988,244136
40080,14882,14894,14829,14874,47476,243548
40081,14691,14779,14691,14745,65196,245250
40084,14745,14779,14524,14529,68870,242280
40085,14639,14713,14550,14703,47184,234856
40086,14689,14845,14689,14839,50996,227858
40095,15095,15117,14813,14829,59530,227310
40098,14877,14934,14842,14893,49310,227278
40099,14925,14961,14914,14925,47726,229664
40100,14903,14957,14894,14954,46038,229422
40101,14940,14980,14893,14899,38708,227626
40102,14932,14943,14887,14921,22108,211752
40105,14884,14984,14884,14965,49460,215468
40106,15067,15071,14992,15018,63922,221644
40107,14976,14995,14925,14955,39522,219498
40108,15054,15054,14960,14964,64022,221184
40109,14999,15074,14994,15074,56550,224496
40112,15031,15259,15031,15229,198100,261708
40113,15152,15212,15105,15180,120442,263252
40114,15157,15488,15154,15260,373928,286774
40115,15103,15126,15042,15113,150668,260750
40116,15238,15294,15190,15217,79770,257310
40119,15130,15191,15103,15177,55664,253164
40120,15167,15255,15163,15169,50922,252132
40121,15199,15256,15168,15210,91040,257348
40122,15209,15209,15164,15178,36250,254646
40123,15202,15212,15177,15202,39502,252656
40126,15185,15204,15149,15193,42636,252648
40127,15212,15222,15120,15137,59734,244528
40128,15172,15176,15139,15150,30966,240968
40129,15172,15175,15118,15167,36064,239990
40130,15140,15187,15119,15184,40742,238402
40133,15205,15354,15203,15321,151594,254898
40134,15468,15474,15340,15349,98624,238294
40135,15413,15477,15406,15474,106496,248592
40136,15431,15608,15410,15554,129712,262970
40137,15575,15678,15550,15612,128920,270444
40140,15660,15848,15643,15843,170554,290064
40141,15759,15780,15520,15570,144734,277790
40142,15641,15678,15588,15671,63658,277158
40143,15715,15753,15620,15671,74842,273148
40144,15588,15618,15422,15480,117116,251478
40147,15573,15657,15556,15603,60542,247592
40148,15726,15728,15617,15653,57000,245092
40149,15731,15788,15688,15734,91588,252854
40150,15782,15914,15775,15852,138574,267120
40151,15784,15852,15772,15837,61538,258772
40154,15836,16072,15828,16058,161440,277616
40155,16106,16219,16089,16155,274762,294246
40156,15996,16092,15939,15964,133248,273468
40157,16066,16205,15972,16164,232008,288802
40158,16200,16299,16182,16246,245102,304316
40161,16365,16562,16365,16533,312252,334018
40162,16455,16536,16407,16427,169020,326222
40163,16428,16489,16381,16433,118726,304420
40164,16534,16540,16401,16405,114250,297562
40165,16337,16364,16271,16319,92830,290950
40168,16329,16367,16250,16289,84006,287998
40169,16322,16418,16269,16316,124796,294604
40170,16288,16328,16233,16327,78342,287562
40171,16386,16476,16347,16468,107088,296178
40172,16444,16541,16408,16537,95024,294412
40175,16532,16897,16516,16836,212450,312920
40176,16804,17114,16804,17082,306108,342402
40177,17037,17121,17001,17118,174246,346026
40178,17093,17300,17072,17293,181030,353256
40182,17323,17332,17112,17145,177326,356512
40183,17199,17488,17196,17465,269260,378462
40184,17473,18217,17464,18092,536446,403994
40185,18313,18607,17253,17773,645760,395998
40186,17766,17834,17307,17489,451058,383444
40189,17748,18217,17748,18214,484602,424944
40190,18131,18268,17921,18199,702438,458326
40191,17440,17608,17218,17398,559814,418382
40192,17729,17776,17545,17581,267614,415300
40193,17633,17806,17485,17608,344712,419564
40196,17425,17733,17420,17710,214718,404842
40197,17686,17921,17683,17807,426532,410110
40198,17821,17833,17495,17500,289404,401530
40199,17457,17562,17373,17540,213798,390620
40200,17326,17440,17034,17138,372486,377478
40203,17142,17383,17063,17288,201832,377958
40204,17276,17318,17060,17063,199276,375476
40205,17151,17189,17057,17090,154060,372400
40206,16741,16754,16373,16404,317272,366224
40207,16162,16297,16007,16117,285314,350384
40210,16160,16299,15947,16281,451726,356850
40211,16318,16417,16223,16325,239262,343742
40212,16450,16702,16397,16694,337518,350086
40213,16423,16594,16302,16492,270628,338554
40214,16203,16279,16129,16260,227794,332110
40217,16293,16343,16198,16297,174488,335154
40218,16278,16463,16235,16446,173848,339536
40219,16472,16637,16458,16592,111002,333118
40220,16522,16740,16522,16613,94136,333020
40221,16623,16871,16623,16791,105896,331270
40231,17371,17373,16939,16990,97476,317200
40232,17019,17094,16968,17040,112924,329748
40233,16871,16939,16835,16858,94330,328118
40234,16908,17002,16838,16875,122182,325300
40235,16860,16879,16756,16776,92628,324690
40238,17086,17086,16841,16900,103178,324820
40239,16876,16880,16608,16613,82198,323270
40240,16742,16805,16724,16732,75430,316392
40241,16798,16838,16700,16740,65238,314692
40242,16776,16814,16740,16802,86180,313010
40245,16834,17030,16817,16987,182704,328608
40246,16921,16925,16832,16860,88434,322210
40247,16900,17029,16897,16988,113286,318930
40248,16955,16955,16806,16839,100368,311808
40249,16881,16895,16785,16845,66302,309188
40252,16877,16877,16596,16617,118946,308520
40253,16608,16688,16518,16667,93518,285870
40254,16707,16818,16652,16789,96776,289510
40255,16809,16837,16605,16648,103062,291850
40256,16684,16912,16648,16823,174874,304536
40259,16752,16781,16657,16660,85472,297182
40260,16704,16739,16550,16588,99730,303880
40261,16600,16711,16458,16513,137376,305110
40262,16435,16507,16318,16376,161622,316002
40263,16414,16575,16353,16549,154766,308616
40266,16570,16635,16559,16612,96546,304392
40267,16676,16684,16615,16653,111576,291334
40268,16667,16675,16514,16568,69638,293358
40269,16624,16755,16619,16681,158234,294626
40270,16734,16771,16675,16734,85000,295210
40274,16747,16903,16736,16858,137990,309552
40275,16865,16882,16765,16832,100620,310052
40276,16753,16761,16653,16671,89240,303162
40277,16725,16760,16700,16745,64838,302928
40280,16874,16999,16852,16956,216448,340240
40281,16925,17053,16855,16929,340858,357432
40282,17054,17084,17000,17006,158218,359206
40283,17059,17068,16961,16983,126672,365824
40284,17061,17066,16963,16973,100462,338814
40287,16829,16829,16526,16530,170686,311150
40288,16593,16663,16566,16648,85668,307842
40289,16638,16664,16587,16645,78044,307534
40290,16565,16629,16549,16593,76610,300632
40291,16567,16594,16494,16520,77174,301278
40294,16618,16676,16578,16590,76286,311962
40295,16584,16584,16398,16427,92236,310968
40296,15750,16166,15747,16083,215342,296868
40297,16140,16240,16116,16133,119578,299888
40298,16244,16244,16124,16219,95560,289628
40302,16158,16159,16024,16101,71840,289678
40303,15835,15941,15807,15933,100040,294390
40304,15929,16019,15818,15831,127430,292150
40305,15781,15831,15491,15512,186586,291778
40308,15723,15764,15600,15762,123004,293008
40309,15765,15795,15681,15705,129938,287236
40310,15684,15758,15633,15652,81360,286022
40311,15712,15743,15686,15741,70916,287316
40312,15680,15778,15642,15716,98114,289058
40315,15558,15609,14986,15079,256098,287702
40316,15050,15202,14856,15172,231888,259996
40317,15001,15191,14752,15110,194968,257612
40318,15160,15230,15075,15154,103526,258468
40319,15027,15126,14922,15090,104880,258380
40322,15188,15312,15159,15292,111814,264492
40323,15216,15278,15154,15171,86408,264216
40324,15258,15261,15164,15230,77070,265820
40325,15193,15260,15135,15258,74672,270374
40326,15316,15472,15296,15375,125194,276740
40329,15335,15376,15261,15293,96934,275958
40330,15250,15317,15160,15160,68236,280176
40331,15156,15190,14765,14948,203372,286290
40332,15009,15063,14870,14973,147310,283256
40333,14817,14896,14663,14783,216402,296654
40336,14170,14275,14030,14032,137860,304014
40337,13971,14219,13971,14214,159012,280484
40338,14214,14609,14171,14607,164736,282934
40339,14447,14620,14389,14458,155998,273930
40340,14537,14632,14521,14628,93894,269426
40346,14742,14781,14523,14553,70908,269056
40347,14610,14613,14478,14524,95216,244800
40350,14606,15168,14592,14983,257714,263076
40351,14785,14863,14705,14765,156532,255612
40352,14685,14916,14677,14812,145092,251028
40353,14810,14957,14810,14886,118206,250578
40354,14918,14959,14793,14819,96828,248360
40357,14931,15021,14895,14909,95164,249294
40358,14909,15012,14757,14792,156850,254792
40359,14694,14750,14643,14712,94684,249332
40360,14694,14750,14608,14626,74760,252888
40361,14663,14818,14658,14807,74084,250104
40364,14765,14879,14756,14835,69104,248766
40365,14784,14869,14759,14847,57574,248390
40366,14906,14941,14842,14843,49042,251268
40367,14959,14980,14902,14924,73010,253000
40368,14935,14950,14860,14927,47668,252890
40371,14927,14957,14844,14847,49728,252714
40372,14876,14878,14757,14760,58172,251590
40373,14858,14905,14824,14857,61462,247164
40374,14849,14896,14813,14856,50588,247146
40375,14903,14964,14835,14964,57642,235380
40378,14867,14918,14853,14880,59626,230682
40379,14891,15028,14889,15003,85798,235274
40380,15003,15042,14944,14994,59124,232046
40381,14837,15041,14835,15022,61288,232070
40382,15133,15315,15104,15257,116738,242872
40385,15212,15431,15200,15385,136288,248780
40386,15362,15395,15283,15297,106934,243440
40387,15300,15510,15298,15487,94004,248042
40388,15456,15511,15360,15398,113300,249400
40389,15424,15437,15339,15362,105738,254604
40392,15539,15726,15538,15649,288274,299696
40393,15816,15821,15621,15623,197180,302914
40394,15618,15639,15520,15615,147194,300694
40395,15658,15742,15572,15600,39492,301642
40396,15569,15631,15533,15619,83432,302392
40399,15630,15701,15630,15687,104426,309788
40400,15632,15653,15472,15486,124468,309140
40401,15500,15531,15400,15431,112946,300474
40402,15398,15410,15210,15312,113250,290226
40403,15349,15509,15331,15502,90498,281986
40406,15387,15525,15369,15480,105268,284958
40407,15490,15561,15456,15524,64542,274266
40408,15569,15621,15495,15501,120454,279478
40409,15518,15526,15422,15509,87658,278968
40410,15438,15449,15315,15324,106382,269046
40413,15326,15424,15282,15337,97080,264154
40414,15315,15393,15304,15319,65036,261222
40415,15304,15358,15253,15336,70140,261886
40416,15359,15407,15319,15350,73972,268858
40417,15384,15386,15330,15352,50136,268820
40420,15401,15578,15400,15564,169440,287430
40421,15511,15513,15392,15407,91666,267858
40422,15435,15547,15433,15515,95458,271150
40423,15584,15638,15530,15585,108720,276638
40424,15638,15645,15582,15627,92036,286976
40427,15644,15794,15644,15763,149272,311316
40428,15784,15935,15733,15805,292190,333296
40429,15770,15782,15709,15765,104056,328678
40430,15786,15812,15033,15542,160654,293042
40431,15552,15745,15535,15739,107310,295122
40434,15832,15832,15702,15731,99776,299782
40435,15740,15746,15594,15605,69062,295676
40436,15656,15670,15555,15584,58888,294116
40437,15621,15645,15560,15605,45698,272072
40438,15621,15680,15612,15671,48116,276386
40441,15697,15770,15680,15749,104966,278968
40442,15752,15755,15646,15704,55766,268822
40448,15912,15966,15821,15947,121544,275328
40449,15879,16027,15845,15908,108166,277918
40450,15963,16022,15886,15976,94800,275324
40451,15951,15954,15448,15896,94020,266578
40459,15879,16069,15877,16005,99488,274006
40462,16256,16601,16256,16547,298638,325906
40463,16432,16471,16337,16380,150542,323306
40464,16521,16587,16462,16516,152880,337426
40465,16567,16581,16443,16527,175634,338808
40466,16368,16529,16299,16513,140760,345964
40469,16380,16466,16347,16347,97972,314894
40470,16481,16561,16416,16447,30234,313908
40471,16138,16372,16118,16295,97942,299330
40472,16358,16441,16286,16299,100260,299066
40473,16315,16569,16307,16516,167998,305424
40476,16637,16865,16605,16756,308346,345332
40477,16718,16832,16647,16662,237498,342424
40478,16764,16766,16447,16450,173630,335888
40479,16461,16516,16379,16447,114910,329672
40480,16434,16620,16327,16445,267292,330720
40483,16593,16695,16542,16612,192750,354646
40484,16623,16670,16515,16576,105816,351208
40485,16718,16775,16582,16601,159016,354448
40486,16672,16756,16617,16751,113868,357524
40487,16891,17168,16891,17108,353900,393150
40490,17057,17088,16893,16950,172896,368180
40491,16906,17126,16873,17034,188344,375374
40492,17083,17272,16882,17019,300246,383520
40493,17052,17244,16958,17111,327470,392704
40494,17078,17078,16378,16641,770386,360684
40497,16537,16912,16533,16742,408490,332790
40498,16837,16858,16634,16642,159092,297918
40499,15998,16344,15932,15948,465402,289626
40500,16316,16486,16260,16391,205866,267468
40501,16479,16564,16358,16504,41812,265750
40504,16387,16484,16368,16411,68102,264216
40505,16359,16423,16148,16195,167140,258004
40506,16237,16318,16207,16316,60954,251398
40507,16352,16352,16256,16267,38542,250082
40508,16307,16334,16055,16213,69110,247126
40511,16216,16278,16198,16259,47274,245184
40512,16242,16260,16139,16252,43874,243418
40513,16238,16271,16207,16258,39150,241052
40514,16433,16492,16408,16409,71346,250612
40515,16421,16449,16349,16380,38996,247630
40518,16408,16441,16383,16410,25922,245852
40519,16389,16406,16332,16406,25186,243964
40520,16363,16370,16287,16288,34292,243314
40521,16465,16472,16361,16377,46466,246406
40522,16314,16377,16294,16377,26538,243624
40525,16340,16500,16340,16438,63076,249924
40526,16471,16480,16425,16441,16150,247614
40527,16460,16605,16450,16486,105338,254176
40528,16536,16555,16503,16518,33982,234750
40529,16528,16570,16524,16545,34982,234446
40532,16577,16628,16509,16530,55534,232780
40533,16572,16610,16540,16607,35884,232224
40534,16689,16726,16638,16665,64300,230022
40535,16720,16790,16692,16760,60180,237808
40536,16751,16751,16652,16727,40352,237628
40539,16669,16726,16662,16687,31294,234762
40540,16702,16733,16665,16702,33582,233480
40541,16722,16757,16700,16755,53320,235060
40542,16742,16826,16712,16821,61328,240750
40543,16771,16869,16752,16856,45070,237290
40547,16883,17008,16837,16941,66638,243440
40548,16880,16908,16847,16889,43276,243144
40549,16911,17050,16909,17002,64534,252220
40550,17012,17202,16587,16920,178712,259890
40553,17033,17071,16932,16961,61032,256792
40554,16961,16969,16899,16929,48196,257362
40555,16961,17024,16926,16960,44958,257774
40556,17007,17015,16944,16949,38346,257508
40557,16934,16936,16846,16893,35654,254764
40560,16876,16924,16813,16815,43476,256300
40561,16762,16822,16726,16781,49730,246390
40562,16795,16880,16784,16877,31964,247682
40563,16806,16878,16781,16812,37150,241396
40564,16772,16895,16757,16838,36424,236988
40567,16827,16881,16827,16852,24140,237186
40568,16838,16856,16770,16791,33114,231202
40569,16745,16783,16728,16730,40008,223454
40570,16764,16781,16735,16781,25368,219974
40571,16770,16856,16764,16804,34312,218746
40574,16835,16970,16817,16948,49910,217782
40575,17013,17158,16982,17151,53618,230076
40583,17128,17134,16955,17031,7888,234556
40584,17018,17097,17007,17091,52788,247384
40585,17090,17195,17087,17137,57080,246538
40588,17132,17204,17083,17189,21584,253824
40589,17186,17204,17121,17123,48844,256580
40590,17073,17189,17073,17183,46728,245966
40591,17167,17214,17113,17122,38344,247060
40592,17165,17180,17080,17089,37152,250686
40595,17146,17313,17133,17305,160146,288286
40596,17324,17389,17137,17156,121196,293906
40597,17051,17086,16993,17009,76876,291674
40598,17056,17078,16935,17058,49328,287124
40599,17063,17109,17050,17106,56290,292690
40602,17152,17158,17098,17136,41558,294926
40603,17176,17181,17009,17023,65406,307182
40604,17051,17055,16959,17015,50794,308954
40605,17008,17056,16973,16977,44540,313036
40606,17008,17074,17008,17018,53014,326050
40609,17000,17013,16915,16919,35434,324166
40610,16830,16830,16725,16755,56736,320042
40611,16814,16908,16812,16898,39206,316058
40612,16806,16928,16762,16869,64644,317508
40613,16872,16953,16830,16849,53992,315858
40616,16785,16842,16664,16755,58804,310582
40617,16759,16779,16306,16545,53620,312728
40618,16671,16671,16562,16643,45394,287766
40619,16578,16593,16437,16539,66988,276364
40620,16604,16684,16603,16634,41900,268834
40623,16642,16719,16617,16700,36658,272962
40624,16696,16805,16690,16759,50948,278668
40625,16770,16819,16769,16818,33998,282120
40626,16844,16871,16797,16848,54426,281172
40627,16853,16902,16844,16897,35410,279700
40630,16895,16941,16752,16771,77244,288572
40631,16783,16861,16745,16851,36230,285354
40632,16879,16913,16857,16860,35294,283980
40633,16835,16844,16783,16803,30380,281522
40634,16808,16829,16786,16790,17666,280716
40639,16811,16861,16799,16858,21998,283362
40640,16888,16903,16866,16871,28238,286830
40641,16875,16915,16868,16912,32950,287822
40644,16919,16983,16914,16918,51332,300106
40645,16913,16913,16820,16821,28634,295910
40646,16827,16835,16771,16832,22866,294732
40647,16793,16808,16771,16771,21448,292922
40648,16776,16805,16757,16757,26058,291202
40651,16800,16836,16785,16834,19874,265168
40652,16805,16816,16692,16692,35878,263624
40653,16758,16832,16757,16830,28188,266636
40654,16823,16860,16780,16801,27954,266676
40655,16822,16847,16747,16793,32348,265796
40658,16798,16831,16741,16796,31058,266032
40659,16760,16837,16740,16818,53000,264412
40660,16831,16877,16786,16797,28856,265408
40661,16834,16853,16805,16828,37046,264188
40662,16822,16854,16811,16830,31020,268134
40666,16835,16845,16812,16830,20798,270924
40667,16850,16865,16831,16838,29200,275362
40668,16789,16812,16739,16741,40182,278328
40669,16568,16684,16507,16619,59104,272194
40672,16622,16709,16621,16706,28800,271262
40673,16672,16755,16663,16711,30172,272252
40674,16754,16759,16704,16716,24732,270950
40675,16677,16684,16621,16633,37018,270206
40676,16669,16739,16661,16737,30706,267618
40679,16664,16699,16651,16655,25772,266222
40680,16665,16687,16643,16671,22076,234060
40681,16638,16654,16562,16574,52660,237570
40682,16627,16665,16621,16623,26300,230526
40683,16592,16624,16583,16624,21142,228806
40686,16613,16621,16564,16565,16914,230154
40687,16551,16712,16549,16700,46472,226838
40688,16689,16733,16667,16702,27030,227052
40689,16723,16763,16719,16743,22152,228132
40690,16741,16754,16713,16730,26758,234120
40693,16739,16772,16739,16756,32916,235720
40694,16786,16929,16786,16839,49830,243074
40695,16841,16859,16810,16841,23386,248716
40696,16801,16835,16794,16835,20494,249622
40697,16820,16943,16820,16940,33008,253390
40701,16921,17252,16903,17214,143556,294310
40702,17187,17239,17053,17140,125384,312066
40703,17145,17236,17125,17130,80792,317086
40704,17162,17177,17111,17131,45068,311770
40707,17098,17120,17068,17068,35368,307672
40708,17063,17110,17046,17093,51072,307974
40709,17131,17149,17074,17083,49010,298568
40710,17049,17062,16900,16906,57796,259322
40711,16955,16965,16926,16939,26188,260280
40714,16957,16965,16882,16896,28212,257618
40715,16915,17037,16915,17027,35848,257072
40716,17005,17051,16992,17010,29436,253874
40717,16948,17052,16948,17033,27358,253900
40718,17005,17067,16995,17055,36828,254786
40721,17029,17034,16992,16995,32506,251596
40722,17014,17080,17014,17058,27518,252064
40723,17079,17115,17077,17114,27792,253842
40724,17122,17195,17111,17191,45942,257914
40725,17152,17379,17133,17256,101476,282564
40728,17274,17378,17270,17366,22262,300406
40729,17353,17372,17266,17304,44226,298430
40730,17377,17438,17368,17389,80830,320696
40731,17358,17410,17336,17365,56576,321818
40732,17407,17486,17371,17380,55426,322792
40735,17346,17387,17313,17315,43694,319302
40736,17283,17296,17222,17237,44112,316594
40737,17273,17393,17273,17373,44996,321216
40738,17386,17402,17341,17350,42266,324248
40739,17337,17577,17323,17453,124154,349454
40742,17476,17657,17474,17648,174292,368112
40743,17661,17692,17602,17644,98004,382748
40744,17714,17723,17567,17621,78748,382752
40745,17621,17642,17486,17507,67806,387002
40746,17561,17629,17498,17629,58738,396816
40749,17650,17719,17596,17598,110392,407254
40750,17649,17999,17629,17992,248548,461084
40751,17977,18321,17904,18253,391548,549578
40752,18210,18495,18200,18292,700744,618462
40753,18310,18371,18097,18198,379038,599152
40756,18332,18552,18325,18462,344322,633396
40757,18292,18374,18205,18285,295820,622328
40758,18257,18511,18249,18484,454894,703006
40759,18429,18586,17807,18099,745714,641262
40760,17836,17846,17453,17453,209378,600220
40763,16979,17305,16711,17015,670600,515546
40764,16475,17273,16410,17174,657782,518844
40765,17266,17535,17266,17515,375288,497508
40766,17459,17683,17286,17561,508060,477898
40767,17613,17633,17350,17380,353722,463530
40770,17541,17589,17345,17388,283200,448072
40771,17373,17441,17176,17201,266042,404386
40772,17217,17371,17217,17333,162670,396310
40773,17368,17440,17224,17228,202034,387890
40774,17099,17294,17061,17286,175226,386074
40777,17276,17323,17200,17239,89050,383162
40778,17266,17330,17230,17316,76276,380508
40779,17341,17357,17274,17307,40332,379302
40780,17296,17375,17287,17342,70790,381168
40781,17337,17461,17331,17401,109318,381092
40784,17392,17402,17363,17391,47396,377716
40785,17396,17504,17396,17466,66670,371128
40786,17525,17536,17454,17498,45044,365492
40787,17526,17560,17466,17486,57302,363372
40788,17494,17501,17410,17469,42342,365836
40791,17443,17494,17360,17382,67520,369588
40792,17380,17382,17259,17328,65200,370120
40793,17339,17458,17244,17437,67956,361544
40794,17434,17472,17417,17452,41126,358946
40795,17447,17510,17437,17497,35602,357660
40799,17455,17459,17384,17403,46766,351942
40800,17413,17425,17248,17283,58002,349040
40801,17306,17373,17305,17329,41722,350658
40802,17337,17372,17297,17318,39134,339160
40805,17236,17236,17063,17067,84388,343538
40806,17104,17183,17092,17145,58770,344192
40807,17106,17250,17100,17236,66208,337550
40808,17109,17150,16964,17060,106924,339700
40809,16811,16811,16365,16541,284454,343540
40812,16474,16702,15952,16085,353750,329130
40813,16393,16667,16393,16598,219592,309164
40814,16657,16702,16477,16656,141300,300334
40815,16280,16602,16154,16518,177406,292976
40816,16541,16680,16522,16677,86126,286194
40826,16650,16735,16615,16705,65044,275590
40827,16800,16830,16690,16715,46058,272586
40828,16675,16775,16655,16755,55840,267580
40829,16730,16755,16645,16670,39526,263162
40830,16650,16720,16600,16700,39876,256064
40833,16695,16750,16635,16640,31508,250412
40834,16560,16580,16325,16405,95956,237532
40835,16440,16545,16365,16430,61682,232216
40836,16295,16305,15955,16125,230172,245984
40837,16045,16295,16040,16240,103758,236886
40840,16320,16640,16300,16520,125198,228676
40841,16625,16665,16350,16400,210972,214266
40842,16375,16455,16345,16400,63988,211652
40843,16405,16520,16395,16455,49476,210152
40844,16540,16670,16480,16510,55640,207270
40847,16525,16525,16370,16400,39054,206890
40848,16370,16435,16320,16355,41326,206310
40849,16125,16300,16090,16295,57140,211734
40850,16225,16245,16160,16165,43940,217440
40851,16245,16395,16245,16395,52374,214936
40854,16340,16365,16280,16300,28034,214336
40855,16305,16310,16245,16255,30614,216616
40856,16285,16325,16270,16295,20974,213828
40857,16115,16115,15880,15980,147488,233144
40858,16130,16190,16125,16165,52934,224308
40861,16255,16360,16085,16335,57890,221762
40862,16280,16320,16245,16245,40758,221276
40863,16245,16270,16130,16150,47186,211794
40864,16190,16200,16140,16175,30628,209280
40865,15990,16105,15920,16030,69398,215452
40868,16060,16080,16015,16030,38244,214062
40869,15930,16000,15925,15985,50458,225876
40870,15990,16010,15900,15900,46146,236370
40871,15865,15915,15730,15905,81652,245918
40872,15840,15870,15790,15830,46268,250846
40875,15855,15905,15840,15860,46750,254962
40876,15885,15945,15875,15925,32930,255718
40877,15880,15890,15810,15855,64614,268052
40878,16300,16420,16145,16205,103104,243458
40879,16245,16265,16210,16250,42246,242048
40882,16250,16280,16215,16220,23490,239852
40883,16220,16220,16130,16170,28708,241264
40884,16185,16205,16160,16190,24910,244000
40885,16125,16160,16110,16150,25632,245340
40886,16080,16160,16080,16130,33108,247688
40889,16145,16160,16110,16120,29442,251588
40890,16035,16065,15995,16005,48242,245800
40891,15955,15955,15865,15865,37172,252424
40892,15650,15735,15645,15685,54182,263512
40893,15700,15880,15700,15865,31934,255828
40896,15815,15850,15735,15750,40484,259950
40897,15775,15775,15715,15770,35552,263344
40898,15840,15865,15810,15850,28662,259826
40899,15835,15840,15785,15810,32016,266608
40900,15840,15925,15835,15920,34744,258368
40903,15900,15910,15820,15820,20640,257818
40904,15850,15895,15835,15880,14966,256180
40905,15875,15940,15860,15925,25872,252944
40906,15845,15885,15820,15870,30328,249856
40907,15885,15915,15835,15870,35554,249894
40912,15990,16030,15900,15920,46788,236336
40913,15955,15965,15930,15955,29110,232194
40914,15930,15950,15910,15925,24932,230992
40917,15920,15965,15810,15945,27788,227774
40918,16020,16095,16005,16085,55144,220216
40919,16140,16235,16140,16235,54680,212576
40920,16225,16235,16170,16205,32080,207280
40921,16210,16210,16135,16205,28616,201276
40924,16160,16205,16120,16200,27020,198536
40925,16205,16380,16205,16370,48872,192852
40926,16400,16445,16330,16375,39996,191602
40927,16390,16405,16335,16375,18334,187004
40928,16370,16415,16370,16380,25688,185404
40938,16420,16440,16275,16280,29918,185524
40939,16340,16350,16285,16310,32164,190630
40940,16280,16290,16220,16230,22872,190380
40941,16275,16290,16220,16275,23268,190702
40942,16225,16235,16200,16205,23696,191360
40945,16245,16280,16230,16235,30046,197082
40946,16225,16235,16165,16170,29082,196718
40947,16220,16275,16200,16275,40148,197824
40948,16245,16260,16200,16210,27456,198158
40949,16235,16280,16230,16255,30370,198376
40952,16245,16245,16215,16220,28252,196498
40953,16205,16210,16155,16160,27208,195056
40954,16200,16205,16150,16170,25204,196510
40955,16180,16185,16100,16105,26484,183504
40956,16145,16185,16135,16150,21486,180700
40959,16175,16190,16120,16120,17814,180714
40960,16125,16165,16120,16165,17690,180542
40961,16210,16235,16185,16230,45048,181540
40962,16225,16230,16190,16205,20372,182852
40963,16205,16225,16155,16155,15840,183278
40966,16220,16250,16210,16240,40178,189754
40967,16235,16255,16220,16250,24006,191348
40968,16250,16255,16215,16235,18594,193794
40969,16205,16220,16180,16180,19860,191194
40970,16215,16265,16215,16260,23594,192912
40973,16240,16255,16210,16220,16634,193246
40974,16200,16215,16165,16175,21032,195282
40975,16130,16160,16130,16160,25582,194022
40976,16160,16185,16150,16150,13948,192030
40977,16170,16210,16150,16195,19126,191422
40980,16210,16240,16090,16090,18780,188440
40981,16195,16215,16180,16210,21146,187670
40982,16235,16240,16170,16180,32226,182024
40983,16205,16205,16165,16190,14996,180914
40984,16235,16245,16210,16210,11660,160768
40987,16205,16230,16205,16225,14242,157674
40988,16230,16240,16205,16225,18662,157322
40989,16200,16240,16190,16225,15184,158308
40990,16215,16220,16170,16175,17228,159880
40991,16175,16185,16150,16180,17304,161776
40994,16175,16225,16170,16210,22692,160606
40995,16220,16230,16200,16220,11396,161170
40996,16195,16220,16175,16175,14816,162342
40997,16175,16175,16150,16160,25310,168684
40998,16160,16175,16145,16155,17380,166088
41004,16115,16120,16040,16090,33342,172764
41005,16095,16195,16095,16190,24226,175132
41008,16180,16200,16165,16175,17372,175388
41009,16172,16190,16145,16145,24708,172818
41010,16100,16160,16050,16065,43076,184744
41011,16084,16140,16084,16095,21466,186232
41012,16144,16150,16110,16120,24266,184998
41015,16053,16065,16030,16035,45972,200086
41016,16064,16090,16045,16050,21154,183962
41017,16073,16120,16065,16110,29104,185048
41018,16074,16085,16045,16075,34008,196070
41019,16073,16105,16065,16085,15696,199556
41022,16098,16110,16085,16090,19514,202394
41023,16072,16160,16070,16145,41330,209964
41024,16136,16165,16130,16145,32970,211752
41025,16145,16175,16135,16175,20730,212674
41026,16188,16195,16160,16170,17906,212316
41031,16178,16295,16178,16295,28988,209446
41032,16262,16370,16262,16305,69428,220950
41033,16281,16305,16275,16295,28570,224998
41036,16262,16265,16220,16245,28354,225226
41037,16257,16260,16215,16215,27552,227910
41038,16194,16195,16125,16140,45780,240608
41039,16139,16150,16115,16135,37916,253692
41040,16119,16125,16055,16070,43634,264340
41043,16091,16125,15995,16000,39096,266662
41044,15961,16025,15935,16020,43908,267334
41045,15972,16015,15915,15920,41958,260520
41046,15971,16075,15965,16045,34518,257468
41047,16022,16070,16015,16025,23932,255968
41050,16037,16150,16037,16130,27448,251090
41051,16112,16125,16060,16060,17104,251086
41052,16038,16038,15975,16000,37590,261034
41053,15966,15985,15940,15965,41024,266358
41054,15966,16025,15966,16025,29012,267228
41057,16014,16055,16014,16045,23796,266000
41058,16030,16050,16010,16035,16228,265052
41059,16020,16025,15985,15985,20090,268182
41060,15973,15980,15950,15970,24796,273196
41061,15962,15975,15940,15945,24266,276928
41064,15911,15925,15835,15870,42446,276582
41065,15896,15965,15896,15945,20212,272236
41066,15939,15945,15890,15915,24424,277360
41067,15904,15940,15875,15895,22640,275474
41068,15895,15900,15855,15875,21942,276488
41071,15900,15940,15900,15925,21554,273224
41072,15879,15890,15855,15870,20084,278284
41073,15863,15890,15863,15890,16468,278904
41074,15862,15880,15850,15865,28580,284854
41075,15864,15880,15855,15880,22910,288344
41078,15871,15905,15835,15835,30450,287352
41079,15810,15820,15670,15680,51100,300828
41080,15722,15765,15660,15760,71906,308792
41081,15661,15690,15560,15570,78986,320950
41085,15558,15615,15495,15530,41274,326300
41086,15545,15560,15040,15100,172298,360920
41087,15136,15160,14975,15090,181856,369912
41088,15170,15410,15170,15395,154962,367520
41089,15317,15495,15245,15410,121690,363506
41092,15570,15570,15430,15455,76966,355968
41093,15477,15535,15415,15525,96962,353306
41094,15610,15695,15590,15665,91284,343104
41095,15685,15785,15635,15690,74476,335458
41096,15673,15695,15570,15620,58858,336524
41099,15542,15585,15505,15540,48572,339622
41100,15571,15635,15535,15535,37876,338258
41101,15548,15555,15480,15510,35084,338458
41102,15510,15540,15480,15485,34612,338928
41103,15475,15535,15460,15525,41380,337984
41106,15557,15620,15557,15605,33330,334394
41107,15601,15625,15575,15585,25164,319626
41108,15586,15590,15525,15565,23062,317058
41109,15575,15625,15555,15615,27672,315462
41110,15620,15655,15590,15590,31928,311718
41113,15521,15535,15335,15370,64988,322848
41114,15361,15425,15355,15400,27782,324656
41115,15367,15375,15215,15265,68258,334308
41116,15280,15375,15280,15350,52866,330718
41117,15377,15480,15365,15470,44838,322072
41120,15474,15485,15410,15435,27386,318844
41121,15435,15480,15435,15480,29912,316680
41122,15423,15435,15385,15405,24884,315798
41123,15357,15360,15305,15340,42086,323592
41124,15253,15330,15235,15325,42428,332714
41127,15400,15465,15345,15345,25210,328182
41128,15388,15390,15345,15350,24344,324926
41129,15429,15435,15400,15410,36486,318304
41130,15445,15485,15435,15480,27278,313202
41131,15452,15460,15395,15410,21666,314656
41134,15401,15415,15380,15385,21410,314738
41135,15345,15395,15330,15375,32772,316172
41136,15353,15375,15340,15355,22426,316184
41137,15297,15310,15215,15215,50272,317870
41138,15261,15305,15260,15295,26210,316308
41141,15281,15325,15190,15235,38156,318116
41142,15204,15260,15200,15250,24450,316056
41143,15299,15305,15240,15275,33030,310572
41144,15294,15365,15294,15360,31910,303078
41145,15379,15385,15330,15360,26856,298296
41148,15415,15465,15365,15375,28758,295326
41149,15388,15435,15375,15400,32090,290370
41150,15399,15430,15399,15420,29262,289622
41151,15390,15420,15375,15410,22094,291764
41152,15374,15374,15335,15355,25276,291124
41155,15367,15435,15367,15430,25760,290106
41156,15473,15500,15445,15490,33360,286060
41157,15498,15510,15460,15505,53506,284820
41158,15557,15625,15555,15625,58886,284622
41159,15598,15630,15570,15625,47822,282744
41162,15749,15755,15700,15755,53100,281292
41163,15741,15785,15685,15735,49128,271440
41164,15743,15765,15730,15740,49556,268650
41165,15741,15755,15670,15670,40448,265160
41166,15914,15925,15805,15850,78526,262688
41169,15905,15905,15790,15795,42392,261088
41170,15805,15820,15730,15745,28564,233660
41171,15760,15820,15740,15820,26602,236368
41172,15770,15775,15670,15685,28258,234074
41173,15705,15745,15700,15720,24950,231812
41176,15720,15720,15635,15640,25776,228370
41177,15655,15660,15600,15610,29776,219746
41178,15595,15705,15590,15665,35004,213402
41179,15635,15705,15635,15670,21742,212430
41180,15680,15755,15680,15740,32724,209738
41190,15705,15715,15605,15635,21624,205330
41191,15635,15655,15595,15595,30774,209456
41192,15585,15600,15530,15535,35656,206644
41193,15505,15545,15470,15480,34280,203068
41194,15510,15520,15445,15465,34082,202234
41197,15445,15475,15430,15450,30106,195858
41198,15445,15485,15445,15475,15778,179632
41199,15475,15475,15440,15460,21736,184382
41200,15505,15525,15485,15520,21246,180750
41201,15520,15525,15485,15490,18704,181470
41204,15475,15480,15430,15435,18850,181676
41205,15435,15435,15375,15380,29130,182916
41206,15390,15415,15380,15410,15742,182764
41207,15400,15415,15380,15380,13470,183646
41208,15380,15385,15300,15320,25016,186680
41211,15325,15385,15325,15355,22794,186486
41212,15315,15315,15255,15275,33450,189118
41213,15290,15330,15285,15330,19798,190406
41214,15295,15325,15270,15320,19648,191702
41215,15355,15365,15325,15345,17872,189342
41218,15305,15310,15265,15280,23098,191680
41219,15290,15295,15275,15285,17646,193934
41220,15310,15315,15285,15315,22254,193562
41221,15265,15270,15250,15260,17878,193000
41222,15265,15270,15220,15225,30276,196528
41225,15220,15230,15170,15220,26516,198604
41226,15290,15345,15235,15255,55084,191224
41227,15295,15320,15280,15315,43640,186874
41228,15290,15405,15275,15390,41586,188842
41229,15385,15410,15370,15395,20578,171198
41232,15395,15400,15340,15350,15048,169272
41233,15380,15395,15305,15325,29296,172330
41234,15320,15330,15290,15290,14412,172210
41235,15285,15310,15265,15310,19782,175700
41236,15300,15325,15275,15310,12768,174036
41239,15355,15370,15330,15350,23370,171216
41240,15375,15390,15345,15360,25832,167166
41241,15370,15390,15355,15355,25410,163896
41242,15360,15370,15345,15355,12084,164948
41243,15410,15470,15395,15470,41494,169220
41246,15445,15455,15420,15430,26562,171974
41247,15455,15460,15360,15370,31858,172154
41248,15395,15395,15325,15375,38244,174730
41249,15375,15380,15300,15300,24390,174468
41250,15295,15310,15280,15305,26058,171984
41253,15310,15345,15300,15330,27878,177018
41254,15335,15350,15265,15270,25120,176884
41255,15280,15280,15245,15270,21812,174180
41256,15295,15305,15245,15300,30168,174250
41257,15280,15305,15270,15305,35072,181014
41260,15315,15325,15290,15305,25362,181864
41261,15345,15345,15245,15245,30018,168444
41262,15240,15260,15220,15240,20740,170130
41263,15220,15225,15180,15215,24042,175640
41264,15170,15220,15165,15220,13642,175424
41267,15210,15280,15210,15235,15356,173188
41268,15245,15260,15215,15260,11020,172008
41269,15265,15270,15240,15245,20124,171794
41270,15255,15300,15255,15285,24092,169250
41271,15290,15295,15265,15295,14840,168064
41274,15265,15315,15260,15315,16000,167498
41278,15354,15365,15280,15290,22626,171342
41281,15282,15295,15240,15240,17612,172864
41282,15261,15270,15215,15215,20250,173462
41283,15228,15230,15215,15215,16600,171858
41284,15229,15250,15220,15240,29674,175630
41285,15266,15285,15230,15230,27488,177344
41288,15248,15250,15210,15215,26202,178338
41289,15194,15225,15120,15125,56222,182764
41290,15168,15220,15160,15190,26310,162196
41291,15153,15195,15150,15190,26778,165144
41292,15197,15235,15195,15230,19348,164440
41295,15246,15265,15200,15200,15070,164542
41296,15215,15230,15195,15215,21282,167070
41297,15228,15230,15200,15205,15286,169054
41298,15202,15205,15165,15175,17622,171086
41299,15184,15190,15175,15180,16920,172934
41302,15168,15170,15125,15135,16892,177024
41303,15109,15140,15105,15140,21132,179256
41304,15144,15210,15140,15185,34428,181648
41305,15221,15245,15210,15240,34610,185618
41306,15217,15225,15165,15195,23948,185280
41309,15213,15255,15205,15220,45392,193848
41310,15216,15216,15120,15170,30770,196482
41311,15175,15185,15130,15140,22522,197552
41312,15137,15145,15085,15115,32848,203202
41313,15112,15150,15095,15150,19630,206672
41323,15194,15210,15070,15075,41924,198912
41324,15105,15120,15030,15040,45626,210916
41325,15073,15100,15020,15045,35258,217194
41326,14998,15010,14860,14930,64038,227100
41327,14896,14935,14895,14930,40960,235338
41330,14886,14886,14810,14820,51744,241690
41331,14776,14835,14776,14800,35844,246794
41332,14833,14865,14825,14840,32492,243020
41333,14841,14850,14780,14805,45904,249376
41334,14781,14781,14640,14680,53526,256714
41337,14647,14675,14530,14585,46972,260438
41338,14616,14685,14605,14680,40898,259310
41339,14679,14815,14679,14810,81448,271238
41340,14776,14910,14735,14905,101280,272018
41341,14919,14940,14840,14920,52028,273928
41344,14900,14915,14820,14830,36252,278132
41345,14844,14845,14765,14765,49562,279164
41346,14806,14875,14790,14865,53232,278872
41347,14834,14850,14750,14820,46068,276374
41348,14809,14830,14750,14785,41514,279356
41351,14773,14775,14600,14665,58582,247338
41352,14671,14695,14635,14640,32636,249402
41353,14646,14710,14635,14705,29968,247482
41354,14698,14760,14698,14725,29638,244606
41355,14693,14715,14675,14695,23150,244778
41358,14724,14745,14710,14715,20070,244890
41359,14694,14720,14680,14700,16724,244814
41360,14675,14695,14650,14655,22842,248744
41361,14657,14705,14610,14625,31432,250036
41362,14594,14625,14570,14615,25682,248052
41365,14595,14595,14540,14550,23108,247686
41366,14555,14620,14550,14620,18736,247892
41367,14590,14600,14545,14570,28004,254088
41372,14564,14645,14564,14645,27742,253122
41373,14638,14665,14638,14665,26358,255608
41374,14669,14695,14655,14685,24228,256088
41375,14670,14795,14670,14740,48992,249886
41376,14756,14756,14715,14725,28320,255156
41379,14655,14660,14510,14520,67710,269642
41380,14453,14595,14435,14595,52810,241484
41381,14622,14630,14565,14575,33774,239986
41382,14465,14590,14240,14545,78460,239742
41383,14598,14625,14525,14610,45592,236918
41386,14563,14585,14525,14530,23724,235254
41387,14547,14570,14520,14570,34542,234614
41388,14577,14620,14555,14610,34284,230780
41389,14622,14655,14605,14640,37876,228810
41390,14677,14705,14640,14650,55122,219428
41396,14415,14490,14360,14475,64028,234524
41397,14459,14545,14455,14540,36730,234056
41400,14617,14655,14585,14605,39746,231902
41401,14593,14625,14570,14570,25880,231088
41402,14591,14635,14580,14635,23794,226316
41403,14626,14645,14615,14635,19786,225384
41404,14618,14670,14605,14650,20728,226152
41407,14628,14635,14595,14600,23544,225760
41408,14609,14630,14575,14580,20122,224044
41409,14582,14590,14550,14550,24980,226710
41410,14568,14570,14515,14535,23672,208588
41411,14513,14585,14513,14575,19924,208876
41414,14555,14570,14535,14560,17930,207558
41415,14571,14610,14570,14610,13916,205252
41416,14594,14670,14590,14670,22694,202424
41417,14653,14655,14620,14620,20514,201512
41418,14632,14660,14630,14660,15052,203250
41421,14635,14665,14620,14625,19542,205100
41422,14622,14640,14600,14630,22796,203892
41423,14613,14655,14610,14655,19398,198224
41424,14655,14700,14655,14700,25890,194168
41425,14730,14840,14730,14835,47052,188300
41428,14828,14905,14820,14905,34248,184264
41429,14863,14885,14755,14860,35206,180588
41430,14879,14960,14870,14960,49576,171756
41431,14918,14960,14860,14910,53356,160670
41432,14929,14970,14910,14945,42534,159744
41438,14760,14810,14710,14730,59494,170896
41439,14720,14730,14685,14690,34914,175752
41442,14703,14725,14695,14700,22934,178482
41443,14689,14695,14535,14540,55944,180564
41444,14567,14570,14540,14560,35436,183712
41445,14497,14500,14375,14390,38738,196416
41446,14357,14420,14280,14385,36910,202240
41449,14348,14360,14260,14280,28354,206942
41450,14307,14340,14215,14320,33658,209712
41451,14334,14334,14250,14255,24168,213898
41452,14272,14320,14265,14305,16768,213782
41453,14272,14275,14200,14240,14970,216532
41456,14251,14335,14240,14335,17968,215500
41457,14361,14405,14315,14380,36270,210044
41458,14371,14405,14371,14400,16396,207592
41459,14365,14370,14330,14345,14170,209048
41460,14344,14350,14305,14315,13704,209688
41463,14270,14285,14220,14220,19348,216122
41464,14260,14315,14250,14250,17730,215188
41465,14265,14285,14230,14280,17436,216306
41466,14370,14445,14355,14410,51702,204328
41467,14395,14400,14335,14345,13842,201540
41470,14355,14375,14330,14350,22644,197418
41471,14340,14355,14280,14350,17932,188268
41472,14325,14375,14310,14320,16832,191270
41473,14320,14355,14295,14305,12466,192560
41474,14325,14350,14320,14345,13230,193190
41477,14400,14400,14365,14380,13042,191512
41478,14405,14415,14390,14410,18974,190042
41479,14410,14420,14360,14380,9696,189794
41480,14385,14410,14380,14405,15454,187694
41481,14385,14390,14345,14360,11392,188792
41484,14305,14315,14255,14260,22006,191636
41485,14280,14285,14255,14255,15968,192732
41486,14215,14230,14145,14170,31526,199166
41487,14205,14275,14205,14275,23334,194832
41488,14270,14275,14235,14245,14546,192198
41491,14265,14275,14245,14245,16198,191810
41492,14250,14255,14235,14240,12800,192740
41493,14225,14235,14200,14200,19530,195642
41494,14215,14280,14215,14255,29242,196306
41495,14325,14340,14310,14330,39508,192252
41498,14385,14420,14320,14415,37452,195718
41499,14415,14440,14400,14420,33454,196278
41500,14430,14430,14340,14360,28798,189818
41501,14390,14435,14390,14425,29896,188722
41502,14450,14490,14445,14475,37512,182954
41505,14530,14545,14500,14505,50044,180558
41506,14490,14490,14400,14410,23114,179238
41507,14440,14440,14415,14435,15346,178008
41508,14405,14440,14390,14440,15764,174962
41509,14415,14450,14410,14450,13864,172876
41512,14460,14485,14460,14480,23046,173992
41513,14470,14470,14440,14450,13616,175548
41514,14440,14460,14415,14430,17672,176882
41515,14425,14425,14355,14355,24042,177806
41516,14350,14360,14265,14270,40702,185686
41519,14275,14320,14255,14300,33512,186530
41520,14290,14300,14270,14285,22836,190152
41521,14275,14290,14255,14260,18624,194862
41522,14235,14240,14180,14185,43866,203332
41523,14200,14225,14160,14225,20532,205346
41526,14230,14260,14215,14255,24366,206592
41527,14235,14235,14195,14200,28120,214202
41528,14200,14225,14200,14220,16666,215342
41529,14215,14220,14195,14205,9760,216664
41530,14215,14270,14195,14270,24226,216786
41533,14250,14255,14220,14225,19754,217958
41534,14210,14210,14100,14160,38850,222914
41535,14135,14185,14135,14180,20582,225582
41540,14175,14195,14150,14190,18502,225184
41541,14200,14235,14190,14230,19864,225362
41542,14205,14235,14205,14230,17222,225978
41543,14225,14270,14205,14265,17850,222544
41544,14255,14290,14245,14280,26150,217130
41547,14290,14330,14200,14315,25370,211978
41555,14335,14375,14320,14365,22644,207718
41556,14370,14400,14345,14365,24418,208646
41557,14370,14395,14355,14365,24998,209294
41558,14380,14470,14380,14455,35014,207470
41561,14450,14455,14415,14435,21066,205308
41562,14435,14435,14330,14335,22830,205656
41563,14330,14335,14295,14320,16544,194390
41564,14330,14360,14320,14350,17792,192658
41565,14365,14365,14340,14365,10128,192634
41568,14340,14385,14330,14385,12962,192374
41569,14370,14400,14365,14400,14320,191202
41570,14420,14440,14405,14410,24166,188500
41571,14375,14410,14360,14410,15766,187794
41572,14410,14415,14360,14375,16236,184394
41575,14405,14435,14400,14435,25166,184360
41576,14440,14475,14440,14470,36750,179920
41577,14450,14485,14400,14465,20164,179028
41578,14455,14460,14400,14415,25400,176488
41579,14405,14440,14390,14440,18330,172784
41582,14405,14405,14370,14380,20376,170664
41583,14370,14375,14340,14340,22244,168332
41584,14325,14330,14305,14315,22914,163894
41585,14310,14330,14295,14320,12530,161482
41586,14310,14320,14300,14320,9252,160964
41589,14310,14320,14305,14320,11790,162294
41590,14300,14300,14255,14265,20082,163980
41591,14255,14255,14220,14235,25518,167646
41592,14220,14240,14180,14235,23968,172210
41593,14205,14225,14200,14200,28060,178634
41596,14205,14230,14205,14220,14854,176208
41597,14235,14235,14180,14185,14062,178788
41598,14200,14265,14200,14260,29382,175666
41599,14215,14230,14175,14190,21454,183286
41600,14190,14200,14165,14170,10458,186192
41603,14185,14185,14120,14125,13356,191722
41604,14135,14145,14105,14130,18098,194436
41605,14115,14140,14115,14120,14358,194732
41606,14080,14080,14015,14020,45196,211376
41607,14035,14050,14015,14030,26116,215586
41610,14010,14020,13990,14015,18228,219520
41611,13985,14015,13965,13995,26544,221956
41612,13975,14020,13970,14010,22770,222258
41613,14055,14080,14050,14060,21912,215180
41614,14045,14060,14020,14040,16432,216320
41617,14065,14100,14060,14090,22016,211986
41618,14110,14140,14110,14140,25206,204256
41619,14145,14160,14110,14120,23796,202250
41620,14155,14155,14110,14125,30488,195834
41621,14075,14095,14045,14050,19096,197456
41624,14080,14080,14050,14060,16714,195582
41625,14065,14065,14015,14015,11364,195106
41626,14010,14030,14010,14025,15492,196414
41627,14045,14055,14000,14030,19526,198796
41628,13995,14030,13980,14025,19548,198742
41631,14045,14045,13975,13975,23434,202806
41632,13935,13975,13925,13945,35446,207030
41633,13945,13985,13910,13980,29178,202976
41634,13965,13995,13930,13945,14948,204998
41635,13915,14020,13915,13995,31728,204874
41638,14060,14115,14045,14055,43768,207984
41639,14070,14070,13985,14020,44088,216020
41641,14005,14060,13985,14055,16736,213342
41642,14030,14030,13995,14010,17650,210478
41645,13995,14010,13925,13930,28092,207422
41646,13935,13950,13915,13920,24206,209798
41647,13920,13940,13860,13865,19184,212432
41648,13865,13895,13815,13815,25778,214630
41649,13825,13825,13780,13795,28942,214668
41652,13795,13825,13745,13755,25368,217276
41653,13760,13760,13710,13745,33490,218642
41654,13735,13745,13650,13680,36994,226452
41655,13690,13770,13680,13740,36692,215210
41656,13745,13780,13730,13750,24330,215628
41659,13790,13840,13770,13825,37868,216654
41660,13810,13850,13765,13795,28444,216144
41661,13785,13795,13735,13765,24092,214970
41662,13765,13775,13705,13710,19372,215848
41663,13725,13730,13655,13665,27176,219998
41666,13670,13680,13550,13575,42370,224500
41667,13585,13605,13520,13605,29536,231076
41668,13580,13615,13565,13580,19954,231216
41669,13585,13585,13510,13575,25848,239532
41677,13535,13545,13390,13390,37626,251218
41680,13420,13445,13395,13415,37598,263798
41681,13405,13430,13265,13295,51064,276640
41682,13365,13375,13310,13365,52546,283118
41683,13370,13405,13355,13405,37500,286674
41684,13390,13485,13340,13485,42064,287544
41687,13470,13605,13470,13560,61322,294324
41688,13540,13550,13440,13450,38730,286382
41689,13485,13540,13465,13495,37794,291430
41690,13490,13515,13450,13465,38718,294118
41691,13465,13500,13450,13470,31818,301566
41694,13495,13530,13345,13375,51070,302126
41695,13365,13420,13315,13315,37156,305612
41696,13325,13370,13315,13365,41020,310286
41697,13355,13405,13350,13355,47020,312920
41698,13360,13375,13320,13325,39160,317850
41701,13340,13345,13200,13225,55702,326636
41702,13225,13260,13175,13255,41610,329756
41703,13250,13330,13240,13290,57322,339802
41704,13315,13315,13220,13235,49388,345324
41705,13255,13280,13210,13225,41268,346486
41708,13185,13190,13055,13085,84272,343610
41709,13110,13190,13110,13180,60878,346516
41710,13160,13175,13090,13160,58332,349818
41711,13150,13195,13130,13130,42942,349966
41712,13140,13145,13050,13070,50020,353820
41715,13095,13110,13020,13025,37538,359026
41716,13050,13050,12955,12975,52976,326408
41717,12960,13000,12860,12870,52860,333046
41718,12820,12970,12640,12795,107538,337442
41719,12775,12820,12700,12750,69802,343584
41722,12760,12770,12690,12730,47532,346734
41723,12735,12860,12720,12860,73834,345698
41724,12885,12935,12835,12935,60750,347778
41725,12890,12945,12855,12900,61810,348348
41726,12905,13065,12905,13020,70888,349544
41729,13025,13070,12965,13000,53036,349378
41730,13025,13060,12995,13010,46400,350034
41731,13025,13080,12930,13075,89734,365806
41732,13080,13145,13035,13110,84232,364592
41733,13095,13165,13065,13150,58112,367450
41737,13105,13145,13100,13125,38400,370400
41738,13090,13130,13040,13060,42082,370124
41739,13070,13195,13035,13175,90770,381394
41740,13175,13290,13170,13260,96562,379848
41743,13225,13255,13200,13245,60390,375672
41744,13230,13280,13195,13220,56590,374776
41745,13190,13225,13170,13215,33892,334280
41746,13250,13285,13245,13275,43156,342236
41747,13230,13265,13205,13255,42412,341378
41750,13250,13255,13215,13235,28438,341076
41751,13235,13280,13215,13275,32448,341836
41752,13290,13485,13285,13480,109410,351852
41753,13420,13690,13420,13670,176710,351304
41754,13660,13670,13480,13565,144670,339116
41757,13560,13600,13485,13520,100058,339206
41758,13475,13515,13400,13415,90582,341692
41759,13445,13445,13310,13335,81242,337418
41764,13320,13330,13215,13215,55598,335108
41765,13225,13280,13150,13190,66254,341232
41766,13185,13200,13085,13095,70176,348688
41767,13075,13075,13005,13055,56424,350668
41768,13050,13205,13045,13170,102088,348438
41771,13135,13225,13120,13190,77014,352498
41772,13205,13250,13135,13170,69798,353888
41773,13170,13175,13100,13145,61546,347708
41774,13175,13180,13115,13115,60280,341522
41775,13125,13125,12995,13095,70506,311466
41778,13090,13190,13080,13170,49124,308232
41779,13150,13235,13135,13150,68194,303976
41780,13135,13155,13090,13090,43388,306586
41781,13080,13175,13060,13150,37494,305920
41782,13180,13490,13165,13470,211280,309490
41785,13485,13635,13460,13490,242456,326390
41786,13510,13550,13365,13410,143096,326318
41787,13445,13505,13415,13465,109730,335224
41788,13480,13510,13380,13380,99564,330874
41789,13370,13535,13365,13500,122364,341070
41793,13500,13530,13440,13465,49442,340454
41794,13445,13480,13360,13360,86822,345134
41795,13315,13410,13300,13395,68672,346432
41796,13370,13445,13370,13420,63152,345300
41799,13410,13660,13385,13655,306946,401920
41800,13655,13830,13515,13615,579412,399350
41801,13610,13700,13600,13645,268082,418264
41802,13600,13630,13455,13465,195514,402264
41803,13490,13505,13395,13475,206498,387332
41806,13455,13510,13435,13455,107168,378622
41807,13465,13505,13450,13485,70734,342118
41808,13465,13515,13410,13420,87100,336158
41809,13490,13515,13425,13490,109610,335798
41810,13510,13610,13480,13590,131258,345236
41813,13565,13575,13505,13550,101966,341798
41814,13585,13610,13465,13510,116534,339778
41815,13555,13570,13470,13560,117788,344770
41816,13500,13565,13500,13560,88756,349340
41817,13550,13570,13515,13515,84610,348870
41820,13530,13530,13445,13460,111822,353514
41821,13470,13610,13465,13580,115602,345738
41822,13535,13560,13460,13525,78540,332852
41823,13550,13695,13540,13655,200850,348648
41824,13635,13730,13625,13665,130856,353622
41827,13660,13670,13550,13555,74674,347306
41828,13585,13665,13585,13655,93112,358028
41829,13685,13725,13610,13655,113292,362440
41830,13690,13740,13595,13645,88448,359882
41831,13610,13650,13590,13615,64578,353962
41834,13630,13685,13615,13640,86104,351018
41835,13645,13680,13610,13680,69990,352594
41836,13685,13805,13660,13760,188438,349420
41837,13835,13890,13770,13815,231974,362412
41838,13865,13940,13790,13875,227262,371434
41841,13845,14025,13805,13985,278340,410928
41842,14035,14205,14035,14115,324738,428164
41843,14145,14235,14075,14175,277246,437320
41844,14110,14125,14030,14065,269266,435878
41845,14085,14230,14015,14205,285318,451800
41848,14160,14235,14065,14160,300052,456006
41849,14155,14190,14100,14120,150504,453504
41850,14020,14075,13930,13995,214932,430416
41851,14045,14130,14045,14130,184154,434362
41852,14110,14160,14005,14030,179706,426388
41855,14020,14040,13965,13980,155198,424014
41856,14060,14160,14060,14110,146754,427314
41857,14080,14105,14040,14040,90950,416946
41858,14050,14145,14050,14095,140716,414528
41859,14120,14180,14065,14085,139616,412296
41862,14115,14155,14075,14135,166090,410622
41863,14160,14230,14105,14180,161694,424022
41864,14210,14240,14125,14170,198704,423206
41865,14165,14180,14090,14120,144798,414202
41866,14100,14105,13920,14030,237442,406450
41869,13965,14080,13945,14040,137828,383540
41870,14025,14165,14025,14160,99786,388336
41871,14145,14185,14130,14175,119232,391850
41872,14215,14370,14215,14355,234094,416742
41873,14335,14390,14260,14340,185940,421210
41876,14330,14370,14270,14305,103820,417380
41877,14320,14385,14305,14385,116740,426908
41878,14445,14490,14405,14445,170970,437962
41879,14425,14455,14335,14430,140048,432158
41880,14415,14530,14335,14495,248382,451036
41883,14540,14645,14460,14595,267534,466404
41884,14570,14910,14540,14870,456664,545276
41885,14830,14985,14800,14855,439036,558620
41886,14815,14895,14770,14870,300300,565608
41887,14940,14950,14805,14905,224274,561012
41891,14890,14890,14685,14770,193016,545798
41892,14700,14730,14455,14595,492184,520522
41893,14570,14670,14515,14515,279994,507398
41894,14490,14550,14445,14535,225766,486148
41897,14515,14585,14235,14380,263312,473808
41898,14310,14355,14255,14270,258866,429786
41899,14280,14425,14245,14390,243044,422916
41900,14320,14340,14205,14235,179376,409284
41901,14240,14300,14205,14215,175376,400552
41904,14240,14260,13990,13990,240220,390088
41905,13955,14105,13955,14080,159510,391636
41906,14050,14120,14010,14090,129280,390700
41907,14050,14120,14015,14055,162602,379494
41908,14050,14080,14020,14040,100844,376422
41911,14035,14075,13895,13930,127762,367976
41912,13950,14120,13930,14000,146602,360048
41920,14045,14065,13925,13945,66322,357820
41921,13960,13965,13765,13885,158650,363812
41922,13870,13955,13720,13735,174954,359106
41925,13725,13850,13685,13815,129004,350450
41926,13805,13860,13750,13810,132878,351424
41927,13795,13860,13790,13805,114390,350916
41928,13740,13780,13665,13680,143120,353814
41929,13625,13670,13560,13620,124640,341764
41932,13720,13825,13715,13820,176036,343286
41933,13800,13875,13770,13780,131224,343222
41934,13855,13890,13735,13800,175186,354996
41935,13825,13870,13780,13850,135568,361626
41936,13805,13910,13800,13850,100012,363708
41939,13800,13855,13785,13810,67266,363018
41940,13825,13860,13785,13815,82384,361522
41941,13830,13865,13795,13835,82484,360996
41942,13850,13975,13845,13855,170856,367554
41943,13875,13995,13830,13990,140868,376910
41946,13980,14025,13920,13975,126658,385238
41947,14000,14170,13985,14125,195976,401294
41948,14035,14050,13820,13820,186800,384836
41949,13825,13890,13740,13875,124740,383210
41950,13855,13935,13845,13860,143238,376040
41953,13870,13905,13745,13745,129222,378092
41954,13770,13815,13715,13725,133970,371926
41955,13725,13790,13705,13750,95158,375216
41956,13755,13815,13740,13780,101280,382170
41957,13785,13805,13685,13690,107738,373692
41960,13710,13775,13685,13765,90414,373606
41961,13780,13795,13710,13740,63434,354156
41962,13710,13740,13645,13720,100060,344704
41963,13700,13775,13700,13735,67348,345752
41964,13730,13810,13710,13800,73504,353186
41967,13895,13925,13810,13825,99212,357352
41968,13835,13835,13775,13830,42646,356556
41969,13825,13865,13735,13785,85386,349408
41970,13825,13845,13750,13800,84344,348604
41971,13800,13810,13690,13755,92984,342288
41974,13715,13720,13510,13560,135184,337732
41975,13575,13640,13525,13530,97194,343324
41976,13515,13515,13350,13400,207764,361672
41977,13390,13515,13350,13490,126026,350022
41978,13460,13550,13450,13455,100666,341734
41981,13470,13490,13395,13395,76854,345622
41982,13410,13410,13270,13325,98898,343488
41983,13315,13400,13310,13340,92976,347386
41984,13315,13365,13310,13350,74738,348746
41985,13350,13415,13325,13415,81932,341736
41988,13390,13475,13375,13475,76156,337970
41989,13455,13480,13365,13375,59710,316060
41990,13365,13365,13270,13275,86754,319394
41991,13255,13255,13010,13030,163920,337492
41992,13065,13185,13035,13160,94386,338346
41995,13155,13285,13125,13270,97508,329048
41996,13265,13295,13150,13155,75952,332620
41997,13145,13160,13060,13130,75522,333678
41998,13095,13120,13050,13105,48840,336514
41999,13095,13145,13095,13145,32356,334298
42002,13135,13140,13070,13090,57860,337038
42003,13080,13105,13020,13065,89754,342412
42004,13070,13130,12960,13065,125504,342694
42009,12975,12985,12875,12900,114182,361980
42010,12845,12890,12790,12855,118904,368890
42011,12810,12860,12775,12775,108336,384038
42012,12800,12855,12775,12825,81836,385664
42013,12850,12915,12800,12880,104694,382076
42016,12855,12875,12780,12785,78880,381884
42017,12765,12785,12710,12770,107498,381280
42018,12715,12780,12495,12655,198270,388112
42019,12670,12985,12665,12880,166038,372166
42020,12905,12950,12810,12855,87934,361090
42023,12865,12980,12865,12895,92004,366162
42024,12880,12890,12815,12825,72304,368438
42025,12865,12890,12795,12820,80234,373192
42026,12815,12900,12790,12870,77804,379794
42027,12920,12920,12845,12860,77164,379598
42030,12825,12845,12760,12815,95840,381680
42031,12825,12945,12820,12890,108200,387250
42032,12865,12880,12810,12860,76134,387062
42033,12865,12865,12820,12830,47728,385408
42034,12850,12850,12775,12810,70560,389730
42037,12850,12910,12835,12890,79954,383050
42038,12890,13220,12890,13175,133366,372090
42039,13225,13240,13115,13235,98736,361880
42040,13215,13350,13185,13240,148060,356032
42041,13225,13375,13200,13360,96768,348632
42044,13355,13355,13235,13250,62996,337778
42045,13265,13265,13140,13160,67472,329948
42046,13190,13190,13050,13055,65614,333886
42047,13060,13070,12985,13005,62034,337132
42048,13055,13125,13020,13090,57488,335408
42051,13085,13145,13055,13075,45256,332272
42052,13070,13105,13015,13075,37898,318814
42060,13065,13115,12990,13005,39432,319448
42061,12970,13025,12935,13010,79202,323094
42062,13030,13035,12955,12955,68158,329038
42065,12960,13090,12945,13085,91466,330448
42066,13055,13075,13005,13010,71938,328570
42067,13010,13010,12925,12960,87638,331676
42068,12975,13015,12945,12975,58298,329822
42069,12980,13015,12945,12945,41918,332574
42072,12960,12960,12895,12945,72346,339784
42073,12930,12990,12900,12925,67102,336664
42074,12910,12935,12890,12915,57374,333522
42075,12920,13250,12905,13135,122120,326346
42076,13100,13205,13055,13120,115374,313602
42079,13125,13160,13080,13100,75728,317092
42080,13100,13135,13080,13095,54642,303992
42081,13095,13165,13075,13150,66192,304548
42082,13135,13350,13120,13295,137336,319080
42083,13325,13390,13260,13270,141812,328060
42086,13295,13360,13245,13290,108944,334652
42087,13310,13340,13275,13320,75484,334486
42088,13320,13340,13275,13310,46748,335066
42089,13290,13330,13255,13315,54994,334086
42090,13330,13360,13310,13340,59354,329648
42093,13315,13345,13305,13325,56970,327688
42094,13265,13420,13265,13365,106806,331840
42095,13365,13405,13340,13380,46804,329506
42096,13355,13405,13345,13380,48422,329876
42097,13375,13390,13370,13385,33646,328578
42101,13395,13445,13380,13415,34128,326930
42102,13415,13430,13380,13390,37596,326646
42103,13350,13365,13075,13260,176816,336898
42104,13245,13280,13200,13260,69426,337542
42107,13250,13265,13105,13115,89592,346118
42108,13160,13160,13020,13035,137252,346780
42109,13045,13110,13030,13070,65272,348070
42110,13070,13200,13065,13185,73064,331242
42111,13210,13265,13180,13205,78318,322960
42114,13210,13225,13095,13125,72378,329758
42115,13115,13145,13085,13110,39412,333634
42116,13095,13165,13040,13160,52562,337732
42117,13130,13265,13110,13210,117920,333344
42118,13180,13235,13170,13230,67058,330674
42121,13270,13395,13270,13355,145134,338772
42122,13355,13415,13285,13320,93414,338954
42123,13385,13415,13295,13305,107860,343126
42124,13345,13375,13320,13345,85162,346100
42128,13390,13455,13380,13420,92100,351028
42129,13435,13440,13350,13370,66518,349234
42130,13415,13600,13395,13570,234966,385712
42131,13520,13555,13425,13460,114914,371848
42132,13465,13510,13440,13450,100894,358630
42135,13465,13500,13410,13465,83756,359544
42136,13440,13450,13330,13335,83678,358618
42137,13370,13395,13330,13385,51468,363380
42138,13380,13410,13285,13330,64654,362018
42139,13315,13360,13290,13345,49096,361172
42142,13310,13350,13300,13305,41338,326030
42143,13285,13285,13245,13255,56964,319706
42144,13225,13240,13185,13195,73046,311072
42145,13205,13290,13195,13260,45138,312320
42146,13240,13290,13230,13240,51008,312024
42149,13225,13225,13185,13210,49100,310244
42150,13205,13280,13200,13230,52852,312380
42151,13215,13225,13165,13180,55050,314506
42152,13145,13175,13130,13155,73826,316820
42153,13180,13205,13160,13205,58040,317336
42156,13170,13180,13120,13160,75170,316146
42157,13145,13180,13145,13145,56402,321776
42158,13160,13175,13125,13130,48220,325404
42159,13150,13160,13080,13090,55060,324398
42160,13090,13155,12990,13005,75312,328326
42163,13010,13015,12955,12955,59564,327116
42164,12960,12985,12935,12950,52166,332662
42165,12965,12980,12930,12930,53740,334644
42166,12950,12970,12840,12840,93202,337842
42167,12865,12865,12725,12770,109762,345084
42170,12770,12790,12675,12690,67690,349552
42171,12715,12775,12660,12735,78084,329738
42172,12715,12745,12695,12705,49078,334062
42173,12735,12760,12610,12700,58778,332042
42174,12705,12730,12680,12710,49378,328592
42178,12720,12780,12720,12780,55240,325014
42179,12780,12805,12770,12800,71028,328496
42180,12770,12800,12695,12750,71526,328894
42181,12750,12775,12705,12755,58236,329518
42184,12740,12755,12700,12730,63956,341902
42185,12715,12715,12570,12630,118082,345436
42186,12610,12610,12485,12505,81470,351556
42187,12550,12905,12550,12670,97554,350452
42188,12700,12730,12645,12670,48700,354648
42191,12655,12675,12450,12500,103684,367632
42192,12470,12540,12435,12440,68160,374184
42193,12445,12455,11985,12050,308902,381718
42194,12205,12435,12160,12400,165950,371330
42195,12395,12535,12395,12420,86886,381290
42198,12405,12480,12385,12405,41128,377586
42199,12480,12500,12410,12415,52224,376362
42200,12410,12465,12410,12445,36528,374154
42201,12450,12675,12380,12555,115296,346588
42202,12530,12570,12490,12540,46692,348674
42205,12530,12530,12450,12475,34876,348390
42206,12445,12470,12425,12460,36858,350714
42207,12435,12435,12350,12355,81312,367338
42208,12355,12360,12265,12350,75024,371482
42209,12300,12300,12260,12270,61462,379738
42212,12280,12335,12240,12245,49510,380808
42213,12255,12305,12155,12290,50348,383312
42214,12285,12420,12285,12340,78678,374944
42215,12330,12335,12255,12265,55356,376656
42216,12230,12270,12200,12230,59382,379486
42219,12245,12285,12050,12095,102280,393568
42220,12245,12285,12040,12145,68870,390688
42221,12125,12210,12080,12110,49030,390962
42222,12110,12120,12020,12030,54562,398674
42223,12005,12005,11930,11965,88708,409438
42226,11970,12035,11945,11980,54338,412484
42227,11970,12115,11970,12045,95908,405806
42228,12045,12155,12010,12135,105016,404956
42229,12170,12260,12110,12140,101496,406404
42230,12125,12145,12090,12115,47814,404790
42233,12120,12145,12035,12075,54040,401326
42234,12065,12080,11990,12005,34434,379014
42235,12015,12030,11910,11965,64248,382956
42236,11955,12055,11955,12045,62440,381880
42237,12110,12125,11990,11995,59940,381572
42240,11995,12000,11820,11835,141524,396758
42241,11810,11905,11795,11870,105082,395610
42242,11950,12025,11845,11860,106502,395446
42243,11845,11895,11825,11880,68994,394482
42244,11880,11975,11865,11935,85888,393800
42247,11955,12015,11880,11890,92604,390664
42248,11915,11915,11785,11815,101992,393282
42249,11830,11870,11795,11845,44950,388760
42254,11845,11900,11825,11890,43048,386742
42255,11865,11900,11860,11900,61140,382622
42256,11940,12060,11935,12055,122732,382436
42257,12060,12170,11950,12000,88898,385306
42258,11980,12045,11970,12035,56202,387110
42261,12005,12045,11985,12005,56272,382288
42262,11975,11995,11865,11885,68854,380172
42263,11930,11955,11890,11945,34198,347534
42264,11940,11975,11915,11970,40878,347818
42265,11955,12050,11935,12020,49400,345504
42268,12000,12045,11885,11905,99242,344552
42269,11935,11935,11815,11880,85772,351248
42270,11835,11835,11750,11800,104560,361324
42271,11790,11830,11745,11800,92636,367202
42272,11775,11890,11770,11830,82188,357712
42275,11820,11825,11735,11745,48708,363838
42276,11740,11740,11615,11665,105630,357652
42277,11700,11725,11590,11680,67302,356522
42285,11695,11695,11485,11495,77768,369606
42286,11500,11635,11385,11605,188886,371840
42289,11670,11715,11555,11615,143712,386182
42290,11615,11615,11460,11505,98052,394934
42291,11480,11585,11320,11345,137978,414700
42292,11370,11405,11255,11305,123744,421714
42293,11290,11315,11195,11205,113382,406102
42296,11195,11285,11095,11105,189236,413554
42297,11100,11135,10990,11020,183766,419460
42298,11015,11040,10770,10830,295696,446398
42299,10815,10860,10710,10720,258222,467050
42300,10765,10830,10360,10635,655934,503038
42303,10640,10660,10400,10475,541216,528238
42304,10485,10580,10425,10535,454542,562614
42305,10535,10645,10295,10315,463520,622280
42306,10275,10435,10275,10360,469858,610532
42307,10330,10400,10310,10365,262374,613498
42310,10360,10395,10300,10330,211610,620822
42311,10350,10450,10335,10385,240292,638408
42312,10375,10525,10350,10520,291230,624426
42313,10490,10650,10470,10570,476680,600062
42314,10565,10630,10505,10560,311106,598988
42317,10565,10640,10495,10565,341816,614460
42318,10560,10590,10475,10480,116142,644056
