39456,231,231,222,224,121468,21810
39457,223,223,214,216,95064,29350
39458,218,219,216,218,90882,32414
39461,219,220,218,220,63442,34568
39462,221,225,221,224,91194,37186
39463,221,221,216,216,98138,37184
39464,214,217,213,217,63972,38712
39465,214,215,213,215,59598,37236
39468,215,216,214,214,44802,37962
39469,208,210,205,207,80478,36978
39470,212.29,214.18,207.65,212.6,62482,34220
39471,213.03,217.04,212.72,216.73,59362,37824
39472,219.79,221.32,218.39,219.81,74604,40076
39475,219.62,221.91,219.26,220.36,63808,40756
39476,223.37,224.28,222.6,222.6,48588,41734
39477,221.25,222.02,220.09,220.15,37036,43234
39478,220.05,220.98,218.32,219.44,43798,40618
39479,220.52,220.97,218.66,218.81,29262,40484
39482,216.4,217.03,215.14,215.72,32224,39878
39483,215.63,215.63,215.01,215.45,17946,40444
39491,216.05,216.24,213.76,213.91,22442,41810
39492,214.74,216.3,214.65,216.26,30346,42758
39493,216.07,216.63,215.54,216.43,22510,42998
39496,215.49,215.82,214.43,215.62,23428,43930
39497,215.6,218.42,215.6,218.42,43462,52388
39498,221.44,222.06,219.44,219.87,51816,51746
39499,221.8,224.11,221.8,223.62,51636,52278
39500,221.73,224.43,221.73,222.52,42392,50904
39503,223.65,225.8,223.08,225.78,41030,55348
39504,223.21,225.8,219.05,219.53,48338,45850
39505,224.28,226.01,224.17,224.7,38616,46238
39506,225.07,225.5,223.53,223.63,23746,46620
39507,225.93,226.54,225.34,225.49,32704,45628
39510,226.55,228.97,226.34,228.52,43700,51352
39511,228.84,229.83,226.82,227.21,33434,48492
39512,224.74,225.13,223.63,224.76,25472,48014
39513,226.54,228.61,226.54,227.94,23630,46768
39514,226.64,228.61,226.39,227.56,16056,46600
39517,226.24,226.24,224.65,225.17,16666,46546
39518,225,225.39,224.12,224.48,14302,48316
39519,224.93,225.2,223.82,224.24,15554,46990
39520,226.22,226.77,225.32,226.32,21482,49458
39521,227.55,228.4,227.47,227.8,24844,53276
39524,230.49,233.51,230.49,232.4,46118,55130
39525,226.09,228.06,225.95,227.39,38316,52162
39526,225.6,226.08,225.34,226.02,21088,53876
39527,216.08,216.08,214.36,214.37,9496,50262
39528,208.98,210.27,207.19,209.95,28350,49176
39531,209.46,209.83,206.47,206.85,29228,50772
39532,208.88,210.84,208.21,210.31,27454,50326
39533,212.78,213.45,211.66,211.82,27748,51238
39534,213.78,214.39,213.21,213.38,20466,49586
39535,213.26,213.26,211.36,211.85,15614,50424
39538,208.98,209.46,208.69,209.01,15814,52500
39539,206.38,206.39,198.98,203.04,37926,50572
39587,202.15,203.75,202.15,203.33,17374,37508
39588,202.51,203.41,201.97,203.26,13160,37344
39589,204.89,205.65,204.57,204.65,18098,39770
39590,207.94,208.15,207.11,207.93,16532,38708
39591,204.62,204.77,204.05,204.65,13404,36296
39594,206.52,207.55,206.41,207.06,9496,35784
39595,207.48,207.84,206.71,206.77,10984,36288
39596,203.1,203.32,202.79,203.32,12852,37574
39597,202.1,202.35,200.08,200.3,21874,33996
39598,197.31,197.59,194.97,194.99,18090,34430
39601,197.2,197.54,196.04,196.33,19090,32810
39602,197.75,200.09,197.63,199.8,17368,33484
39603,196.16,196.56,195.54,196.13,13424,32466
39604,195.73,196.61,195.52,196.61,14222,31504
39605,196.69,197.69,196.34,197.25,13548,31628
39609,198.22,198.78,197.6,198.35,15154,28620
39610,194.75,195.69,194.54,195.6,18364,31194
39611,196.4,196.49,193.64,194.11,20792,29992
39612,194.74,195.27,194.54,194.67,13990,32002
39615,195.33,195.84,193.78,193.86,14960,33002
39616,195.9,197.68,195.79,197.55,24576,28498
39617,197.12,197.31,196.26,196.81,9638,27776
39618,198.24,198.48,197.62,198.3,10850,27146
39619,199.07,200.17,198.23,199.86,14872,28354
39622,200.13,201.21,199.88,200.95,12740,29006
39623,196.68,197.09,196.34,196.61,14120,27842
39624,196.66,197.38,196.56,196.91,6442,27460
39625,196.85,197.65,196.84,197.25,10516,28978
39626,202.95,202.95,201.97,202.53,14470,27900
39629,205,205.8,204.7,205.66,13570,28002
39630,204.29,205.69,204,205.5,12466,27364
39631,207.73,208.56,207.37,208.02,13772,27830
39632,208.21,208.64,207.63,208.28,14898,26962
39633,206.42,206.87,206.3,206.31,11452,26550
39636,205.88,205.9,203.54,203.64,13574,26150
39637,204.2,206.25,204.2,205.72,12392,27894
39638,203.53,204.55,202.71,204.22,11960,27032
39639,205.74,206.09,204.72,205.57,12492,27178
39640,208.02,208.48,207.83,208.4,11956,29020
39643,212.3,212.49,211.5,212.2,15626,30294
39644,213.07,213.91,212.6,213.91,17598,32342
39645,212.11,212.49,211.45,211.63,18272,31082
39646,211.23,211.88,210.82,211.02,17248,31780
39647,209.63,211.49,209.59,211.35,12738,33400
39650,210.93,212,210.85,211.94,14258,35500
39651,212.85,214.18,212.54,214.14,15712,36074
39652,209.07,209.25,206.51,206.62,24318,32150
39653,201.88,204.36,200.56,203.38,20112,29388
39654,204.23,205.75,204.14,205.22,11312,28992
39657,205.12,205.16,203.93,204.35,9312,28430
39658,205.5,205.71,204.58,204.64,8650,28568
39659,201.68,202.41,201.53,202.1,10138,27666
39660,201.21,202.89,201.03,202.87,19264,32404
39661,201.75,201.97,201.31,201.57,9522,32070
39664,201.85,203.42,201.74,203.4,11150,32390
39665,197.78,198.88,195.95,196.56,20370,31528
39666,195.52,196.95,195.42,196.95,13364,33678
39667,196.5,197.49,196.28,197.41,9420,33854
39668,194.02,194.88,193.57,194.12,14916,35244
39671,192.85,193.36,191.02,191.51,17374,36096
39672,182.92,182.92,182.85,182.85,2210,35308
39673,181.08,184.61,179.12,184.45,38932,34306
39674,186.65,186.83,184.05,186.01,23234,32468
39675,176.32,177.91,176.13,176.18,28618,31448
39678,179.35,181.51,178.81,181.48,23202,32744
39679,178.25,178.74,176.22,176.46,24938,33610
39680,182.83,183.14,181.87,182.31,20096,30830
39681,182.9,184.55,182.81,184.38,18104,32554
39682,187.26,187.27,186.12,186.57,16362,31500
39685,182.2,183.19,181.13,182.82,16212,31078
39686,182.42,183.36,181.59,182.27,15704,30722
39687,184.28,185.31,184.27,184.84,12900,30480
39688,185.37,186.13,184.74,185.57,11744,30464
39689,184.73,185.76,184.61,185.44,11276,28494
39692,184.83,185.18,184.53,184.92,9074,29000
39693,180.9,181.42,179.42,179.54,18200,29336
39694,179.83,180.27,178.14,178.79,16792,30838
39695,179.68,180.39,179.39,180.32,14642,32124
39696,176.89,178.36,176.4,178.02,15956,32446
39699,181.75,182.11,180.82,181.26,18378,30646
39700,178.97,179.33,177.54,178.6,18888,31968
39701,171.11,173.87,171.04,173.31,26076,32686
39702,168.95,169.93,168.64,168.87,22158,34514
39703,169.05,170.04,168.46,170.04,26870,37848
39707,173.82,173.82,171.07,172.93,45416,33046
39708,174.13,174.81,173.47,174.63,23582,32176
39709,182.61,183.38,182.6,183.25,1450,31842
39710,188.72,189.02,185.88,187.28,52274,29796
39713,189.61,191.89,189.61,191.86,35984,29442
39714,199.19,199.5,195.79,195.94,41084,28894
39715,195.04,196.71,193.46,196.4,37588,27736
39716,195.05,197.49,194.53,197.25,29314,26228
39717,195.2,195.55,192.99,193.82,23948,23540
39727,184.57,185.37,184.39,184.39,9618,24120
39728,189.29,192.12,189.02,192.12,50118,28006
39729,194.58,199.96,193.22,199.18,54792,32394
39730,198.64,199.22,193.98,194.69,67864,34774
39731,203.49,204.48,199.16,202.72,176680,40000
39734,191.69,192.1,191.58,191.58,19878,33584
39735,188.15,188.47,185.91,186.7,51546,31460
39736,186.17,187.42,185.68,186.73,54950,33262
39737,184.85,185.48,177.24,179.1,79182,44776
39738,175.93,177.88,173.78,176.73,54208,38722
39741,175.34,177.81,172.84,177.42,63742,35884
39742,176.15,176.48,172.73,172.85,51168,40700
39743,168.98,169.04,165.61,165.63,43548,52812
39744,155.71,160.46,155.64,159.83,59048,60050
39745,159.67,159.92,149.12,149.14,147652,77928
39748,159.14,160.81,151.52,156.55,166392,83504
39749,158.93,164.33,155.79,164.19,153840,60588
39750,164.03,164.23,161.23,163.94,93180,62024
39751,167.86,168.56,165.73,168.49,103126,62634
39752,159.23,159.9,159.12,159.12,41912,66770
39755,159.51,161.36,158.16,160.92,78494,65640
39756,159.14,159.92,156.93,158.71,70122,66460
39757,166.21,166.21,163.57,164.22,60450,65392
39758,160.79,161.06,159.65,159.92,50668,68090
39759,157.21,159.97,156.34,159.97,58806,69714
39762,162.2,164.03,162.18,163.43,48814,63722
39763,160.64,161.4,160.04,160.23,54772,72904
39764,158.32,160.54,158.24,160.39,45676,70352
39765,155.29,155.62,153.21,153.48,59730,78852
39766,158.14,158.71,157.62,158.34,43374,72446
39769,159.36,161.33,159.19,161,45122,72510
39770,160.01,160.98,159.75,159.89,31980,67546
39771,160.35,161.11,160.35,161.1,20546,63472
39772,159.99,164.06,159.99,161.59,60594,61328
39773,161.95,165.38,161.46,164.95,70872,56874
39776,171.62,171.67,171.61,171.64,8304,52956
39777,176.92,178.02,176.1,177.74,60672,46824
39778,177.14,177.79,176.77,177.4,27580,46310
39779,177.37,179.48,177.26,177.57,34818,44838
39780,177.71,178.11,176.88,177.85,24498,43532
39783,177.3,178.1,175.97,177.29,32090,45040
39784,169.4,169.98,168.31,168.31,32600,48254
39785,168.88,170.32,168.6,170.02,30726,49980
39786,168.81,169.05,167.19,167.96,39710,54582
39787,168.27,168.88,167.46,168.78,50692,54774
39790,167.1,170.45,166.88,170.3,47982,49192
39791,170.43,171.43,169.64,170.41,32330,46654
39792,171.19,173.16,170.99,173.08,39922,44968
39793,176.9,180.86,176.89,180.82,39582,49436
39794,180.94,181.84,177.24,178.09,62390,44360
39797,181.78,184.27,181.78,183.55,46992,46026
39798,183.59,183.95,182.63,183.11,40636,46194
39799,186.58,186.58,183.93,184.3,45632,51656
39800,185.99,187.99,185.89,186.68,47104,56744
39801,183.4,185.24,183.16,184.97,37502,57638
39804,185.08,186.07,183.94,184.3,46810,53354
39805,184.37,185.47,183.89,185.18,26588,52976
39806,183.99,184.45,183.71,184.23,16686,50372
39807,184.74,186.15,184.51,185.85,16834,49484
39808,185.69,186.11,185.18,185.43,14374,49500
39811,194.66,194.87,192.6,193.87,33684,49690
39812,192.28,192.51,190.38,190.91,22694,48512
39813,190.75,190.97,188.47,189.22,21446,46262
39818,191.55,192.01,188.32,190.25,43796,50830
39819,185.65,186.88,184.35,184.62,35860,52174
39820,187.19,188.14,186.23,187.65,33288,52042
39821,184.4,185.1,184.04,184.81,26738,49794
39822,185.89,186.95,185.53,186.92,17218,48716
39825,185.52,186.98,185.25,185.84,20072,47742
39826,180.02,181.06,179.05,179.23,25358,47314
39827,179.89,181,179.77,180.91,21010,45916
39828,178.06,178.33,176.04,177.5,26348,44342
39829,178.71,180.73,178.58,180.42,22376,43628
39832,183.46,184.57,183.12,184.14,19410,41498
39833,181.85,182.24,180.96,181.67,13692,39688
39834,186.02,187.02,185.69,186.45,13550,36776
39835,187.2,187.3,186.04,186.65,9028,35072
39836,186.57,188.59,186.05,187.53,7716,34168
39846,200.19,200.2,198.41,198.47,20122,34992
39847,198.04,198.52,197.02,197.33,17206,37384
39848,197.3,197.57,196.55,196.87,12724,37742
39849,197.8,198.85,197.39,198.75,17360,39106
39850,199.35,200.57,199.22,200.33,17514,38146
39853,198.64,198.99,197.53,198.35,18432,38350
39854,196.83,197.26,195.69,196.02,17818,38236
39855,200.27,200.57,199.37,199.6,18322,39082
39856,205.02,205.75,204.64,205.54,21528,41896
39857,205.38,206.12,205.38,206.08,13944,43744
39860,205.12,205.68,204.82,205.52,13224,43536
39861,206.62,214.81,206.53,210.83,35002,49680
39862,212.06,213.92,211.76,213.58,24842,50508
39863,215.71,215.72,213.71,214.01,23782,50214
39864,213.37,214.44,212.94,214.39,17676,50308
39867,217.57,217.68,216,216.49,23734,51546
39868,216.15,217.38,215.74,216.8,19326,51062
39869,211.37,211.93,209.42,209.64,28122,47558
39870,208.84,209.3,206.85,208.23,30896,42612
39871,206.88,207.42,205.91,206.49,25044,43204
39874,208.65,209.51,208.05,209.32,22382,43648
39875,204.17,204.82,203.53,203.98,27020,40904
39876,201.38,201.59,200.66,201.47,22822,41522
39877,200.96,202.51,200.78,202.51,37014,49166
39878,205.53,207.78,204.97,207.74,33668,46474
39881,207.26,207.35,205.83,206.08,24368,43752
39882,202.19,202.7,201.51,201.59,24794,43062
39883,197.13,198.55,196.85,198.46,25638,42738
39884,200.71,202.14,200.23,201.8,23496,42150
39885,203.11,203.65,202.73,202.76,21242,41144
39888,203.67,204.24,203.47,203.63,15732,40920
39889,203.39,203.65,201.63,202.02,20590,41746
39890,201.29,201.48,199.85,200.63,22448,40820
39891,204.79,205.61,203.25,205.26,34880,40710
39892,208.95,211.12,208.62,210.44,27460,41968
39895,209.52,212.13,209.08,211.46,36306,49748
39896,208.2,208.49,206.85,207.02,27090,45458
39897,204.76,205.39,204,204.44,24488,44958
39898,205.66,206.55,205.32,206.38,17614,43624
39899,205.28,206.29,204.96,205.58,18402,42532
39902,203.89,204.25,202.44,204.13,20718,41772
39903,201.41,202.82,201.38,202.5,15582,40558
39904,203.18,203.18,202.02,202.13,16486,40368
39905,203.75,204.46,202.64,202.78,17170,40492
39906,198.87,199.3,198.53,198.89,20952,40524
39910,192.75,193.66,192.53,192.53,24108,38110
39911,193.85,195.7,193.71,195.49,22822,37294
39912,194.22,194.73,193.55,193.75,16038,37444
39913,193.63,194.67,193.63,194.57,10586,35306
39916,194.95,195.88,194.62,195.85,16206,35772
39917,197.09,198.46,196.78,197.98,22462,35984
39918,196.86,197.01,196.46,196.46,10938,35578
39919,196.21,196.85,194.86,196.82,17260,34258
39920,192.6,192.85,192.17,192.43,21542,35288
39923,190.53,192.38,190.32,191.33,17756,35666
39924,195.47,196.96,195.23,196.59,30710,33390
39925,194.92,195.4,194.6,195.29,16090,31488
39926,197.23,197.23,196.07,196.63,16682,30744
39927,199.17,201.22,199.01,201.13,25408,34134
39930,201.73,201.8,201,201.35,20300,33576
39931,197.83,198.36,197.3,197.48,20328,30218
39932,196.1,197.79,195.98,197.27,16532,30012
39933,196.97,198.19,196.83,198.19,14932,30508
39937,195.72,198.87,195.61,197.34,22892,34140
39938,199.2,200.13,198.96,199.22,22876,36340
39939,198.05,199.28,197.91,198.97,17308,35784
39940,200.74,201.44,200.52,201.28,26548,39030
39941,201.24,202.06,201.08,201.72,21590,38774
39944,201.53,202.16,201.04,201.82,21874,38724
39945,201.15,201.21,200.5,200.71,17896,37660
39946,203.82,204.06,203.61,203.95,21806,43964
39947,203.25,203.63,202.71,202.71,14340,43096
39948,203.36,203.56,203.05,203.22,10336,43000
39951,203.97,204.64,203.83,204.52,15482,42412
39952,202.16,202.51,202.01,202.43,18948,39844
39953,203.25,203.77,203.11,203.72,9678,38890
39954,205.88,207.1,205.88,206.85,18176,43088
39955,209.08,209.11,208.07,208.38,20168,42366
39958,209.19,209.49,208.51,208.82,15402,45962
39959,208.98,209.02,208.04,208.04,12426,46502
39960,208.03,208.23,207.25,208,13306,45164
39965,213.84,215.37,213.76,215.03,21726,49084
39966,213.93,214.36,212.05,212.16,22320,50286
39967,215.24,216.21,214.68,216.19,27286,53804
39968,212,212.24,211.39,211.99,23190,50524
39969,214.11,214.41,213.75,214.33,18472,51984
39972,209.45,210.44,209.17,209.44,22894,50332
39973,209.3,209.37,208.11,209.14,20372,48940
39974,210,210.6,209.69,209.86,19800,49754
39975,209.12,210.06,208.83,209.5,15240,48528
39976,209.94,210.16,208.6,208.95,15256,47564
39979,205.23,206.05,204.63,204.93,22234,47012
39980,204.83,205.4,204.67,205.37,24946,44908
39981,204.71,206.4,204.54,206.32,17636,43954
39982,206.55,206.77,205.83,206.44,13192,44596
39983,205.62,205.77,204.94,205.08,12854,44152
39986,205.06,205.52,204.79,205.03,13744,43950
39987,202.22,202.54,200.94,201.63,28732,40162
39988,202.86,203.92,202.66,203.92,16444,39748
39989,204.54,205.71,204.44,205.5,15186,39802
39990,206.77,207.2,206.38,207.13,14870,40838
39993,206.13,206.17,205.28,205.94,13160,40438
39994,206.42,207.71,206.42,207.38,15516,42258
39995,204.22,204.51,203.83,204.48,17218,41322
39996,206.32,206.71,205.88,206.08,13898,41600
39997,204.86,205.27,204.68,205.16,11178,39760
40000,204.15,204.6,203.3,203.45,13272,40736
40001,203.49,203.68,203.01,203.19,13604,41032
40002,202.81,203.24,201.92,202.88,12022,40324
40003,200.34,201.18,200.09,201.07,15160,42180
40004,200.91,201.43,200.53,200.58,10972,42226
40007,201.2,201.46,199.91,200.12,11482,41906
40008,201.88,202.67,201.62,202.35,12744,40742
40009,203.47,204.25,203.21,204.11,12754,40078
40010,205.97,206.09,205.21,205.33,15690,37052
40011,205.66,205.85,205.18,205.35,10624,36984
40014,206.16,207.66,206.13,207.55,18352,39714
40015,208,208.37,207.62,207.77,18630,38850
40016,207.64,208.4,207.52,207.94,10770,39224
40017,209.1,209.35,208.69,209.17,10388,39342
40018,207.87,208.1,207.74,208.06,10174,40036
40021,208.4,210.09,208.19,210.08,16194,43368
40022,209.01,209.72,208.61,209.59,11874,44266
40023,206.28,206.63,204.51,204.92,25176,38446
40024,204.24,204.68,204.04,204.52,9996,37646
40025,205.47,206.6,205.47,205.95,17314,41828
40028,209.73,209.86,209.2,209.43,19870,43680
40029,210.19,210.19,208.98,209.67,16246,42464
40030,211.86,212.19,211.16,211.38,17196,45106
40031,211.46,211.68,210.95,211.56,10252,44682
40032,210.88,210.98,210.55,210.55,9842,45400
40035,209.27,210.17,209.21,209.79,8834,45784
40036,208.04,208.42,207.23,208.37,14052,44880
40037,208.35,208.61,207.13,207.17,13580,42726
40038,208.84,209.86,208.57,209.59,16146,44220
40039,210.36,210.39,209.82,209.93,13600,41858
40042,207.3,207.39,206.56,207.21,22040,40000
40043,206.14,206.83,206.09,206.52,15630,36512
40044,207,207.07,205.24,205.57,15334,34676
40045,207,208.05,206.69,207.53,12010,34988
40046,206.61,206.96,206.2,206.56,6952,34220
40049,209.77,209.88,209.32,209.78,18174,40464
40050,207.51,207.91,207.42,207.7,10532,39202
40051,207.66,208.47,207.57,208.27,7424,40860
40052,207.43,208.16,207.42,208.01,8296,41244
40053,209.05,209.05,208.57,208.81,9616,39786
40056,210.92,210.96,209.29,209.29,16172,37652
40057,209.4,209.99,208.94,209.72,11290,38096
40058,209.26,210.18,209.16,210,13774,39882
40059,214.2,215.57,214.04,215.56,38316,55812
40060,217.53,218.16,217.23,217.39,26672,61096
40063,217.75,219.08,217.65,218.9,30430,71298
40064,219.55,223.06,218.8,222.78,40642,82318
40065,221.47,222.54,220.31,220.55,51140,79424
40066,219.47,220.06,218.38,219.39,37270,78720
40067,219.08,222.08,219.08,220.24,48374,82358
40070,220.27,221.65,219.39,219.52,53376,81496
40071,220.18,220.83,219.23,219.26,34988,78008
40072,222.76,225.69,221.98,225.25,81268,102176
40073,224.88,227.26,224.41,225.95,76940,104088
40074,224.29,224.33,222.82,223.06,44732,95442
40077,221.13,222.4,220.11,221.03,47650,88256
40078,222.07,223.28,221.69,223.24,54202,98914
40079,223.99,224.41,223.08,223.14,55360,88940
40080,223.14,223.6,222,223.49,39334,87208
40081,218.74,219.18,218.39,218.83,46822,65644
40084,218.4,218.67,216.47,216.77,47442,49202
40085,217.01,217.83,216.74,217.81,16308,45924
40086,217.65,218.96,217.64,218.89,17202,43376
40095,231.61,231.62,228.92,229.33,32150,47902
40098,230.45,230.88,229.89,230.35,32340,54988
40099,230.67,231.33,230.37,231.22,27608,55982
40100,232.59,234.3,232.16,233.44,45136,61676
40101,233.05,233.31,231.45,231.51,33078,59810
40102,230.91,231.24,229.4,230.03,31660,60402
40105,229.89,231.57,229.87,231.48,30102,60888
40106,233.47,234.41,233.13,234.21,38948,65584
40107,231.23,232.05,230.83,231.93,23926,62238
40108,232.73,233.04,231.56,231.6,25992,61324
40109,232.87,233.91,232.66,232.92,32358,65970
40112,231.8,232.27,231.3,231.78,25986,65414
40113,228.74,229.37,228.67,229.22,22996,62616
40114,228.7,229.59,228.65,228.88,23916,64694
40115,227,227.6,226.93,227.44,21318,62456
40116,229.99,230.79,229.93,230.54,19034,63926
40119,229.98,230.62,229.6,230.6,16352,65548
40120,234.14,234.14,233.39,233.78,24786,63506
40121,237.4,237.98,237.25,237.97,31898,66622
40122,238.79,238.8,238.03,238.05,33178,61828
40123,238.57,239.27,238.53,239.16,19634,63040
40126,240.63,242.17,240.55,242.08,31892,67262
40127,241.47,241.6,240.25,240.75,34166,62918
40128,242.2,242.73,242.01,242.53,26668,65996
40129,244.95,245.61,244.89,245.49,29474,67520
40130,241.96,242.94,241.6,242.88,28900,63536
40133,245.97,247.47,245.97,247.36,27612,67062
40134,249.33,249.81,248.06,248.49,29818,67524
40135,249.69,249.91,249.14,249.51,26320,69598
40136,249.84,250.6,249.73,250.28,33620,70262
40137,250.38,251.47,249.61,250.94,35460,73956
40140,254.06,255.58,253.95,255.41,38010,75802
40141,254.06,256.38,254.03,255.06,46078,74876
40142,255.88,259.48,255.86,259.32,71712,82632
40143,261.17,263.85,261.16,261.93,84720,81990
40144,261.16,262.63,256,257.04,103044,74584
40147,258.53,260.25,256.13,258.26,91602,84334
40148,259.88,260.09,258.61,259.34,40870,83830
40149,264.7,268.02,264.28,267.49,87794,98262
40150,270.04,270.44,266.66,267.54,95854,99840
40151,264.63,265.99,263.91,265.79,82544,85372
40154,254.04,255.91,253.28,254.86,103606,84110
40155,257.23,257.43,255.49,255.88,67094,81414
40156,249.18,250.55,248.75,248.88,68502,72992
40157,249.84,250.4,248.14,249.28,58842,74916
40158,250.28,251.29,249.44,250.71,54230,81220
40161,246.86,249.88,246.86,249.71,68640,83464
40162,249,251.54,248.12,248.33,71092,88018
40163,248.68,252.44,248.59,252.38,88428,104666
40164,254.16,254.23,249.63,249.74,92842,100020
40165,245.39,246.1,244.34,245.4,76684,93574
40168,247,247.86,246.11,246.8,58746,92320
40169,242.95,243.4,242.34,242.43,46972,92910
40170,241.1,242.16,240.53,241.3,56718,97706
40171,242.69,245.95,242,245.62,74370,102212
40172,245.31,246.48,244.51,246.35,39694,98516
40175,245.96,249.09,245.6,247.99,55128,103320
40176,246.5,246.7,244.8,246.41,52466,100254
40177,243.13,243.97,242.79,243.4,44312,96578
40178,243.68,247.58,243.68,247.58,52562,101328
40182,245.28,247.43,244.59,245.97,58134,102334
40183,249.68,253.28,249.68,253.23,75132,107594
40184,251.2,253.14,250.6,251.11,74480,110086
40185,255.33,255.49,251.21,252.36,87118,101148
40186,251.04,251.13,249.01,249.56,53886,92102
40189,257.3,258.4,256.65,256.85,51796,95104
40190,256.79,257.49,255.38,257.14,38504,95410
40191,250.65,250.96,249.33,250.72,49810,84848
40192,253.78,253.91,252.42,252.97,27284,82274
40193,253.2,253.54,251.82,252.21,25438,79742
40196,250.33,252.05,249.93,251.81,25592,80616
40197,252.42,252.99,251.9,252.39,19754,82128
40198,253.4,253.98,251.22,251.39,32596,82362
40199,247.39,248.32,246.54,248.31,39324,80562
40200,243.36,244.01,242.69,243.34,35600,77774
40203,243.52,245.99,243.02,245.37,35256,78896
40204,245.74,246.28,242.75,243.12,38012,74476
40205,244.7,245.15,243.56,243.83,28298,75604
40206,241.63,242,239.65,241.46,36642,68074
40207,239.86,240.91,239.32,239.37,28096,65978
40210,240.75,240.8,238.6,239.57,28022,64406
40211,244.5,245.19,243.97,244.74,34426,63104
40212,246.88,247.34,245.93,247.24,22818,60694
40213,244.89,246.06,244.88,245.12,20712,62496
40214,235.55,235.96,235.09,235.79,36014,56724
40217,236.59,237.17,236.53,236.86,18410,56720
40218,236.14,238.86,236.12,238.46,16272,56800
40219,239.37,239.88,238.85,239.85,15234,53226
40220,239.49,240.8,239.49,240.31,12040,52750
40221,242.48,242.48,241.8,242.2,13216,50696
40231,250.24,251.38,248.34,248.34,18664,51280
40232,246.84,247.45,245.86,247.22,20152,53814
40233,245.15,245.46,244.9,245.06,16744,55418
40234,243.82,243.99,241.78,242.29,25440,58308
40235,245.45,246.6,244.87,246.41,32676,62266
40238,248.47,248.63,247.23,247.79,23246,57604
40239,247.71,248.42,246.79,247.4,25004,59566
40240,250.94,251.99,250.76,251.9,32836,65936
40241,252.14,252.23,250.85,251.06,30938,60892
40242,250.73,251.74,250.42,251.29,19884,61908
40245,251.08,252.17,250.9,252.02,23810,64430
40246,249.05,249.23,248.33,248.39,24314,59066
40247,248.42,249.7,248.4,249.46,19624,59326
40248,245.68,246.48,245.68,245.95,22802,58358
40249,246.5,246.85,245.83,246.84,15164,57136
40252,244.72,245.02,244.3,245.02,18826,54898
40253,245.51,246.78,245.36,246.35,18464,57290
40254,249.47,250.17,249.2,250.13,21968,60964
40255,248.52,248.95,248.29,248.54,15444,59880
40256,248.76,249.1,248.51,248.72,14490,59510
40259,245.01,245.53,244.81,245.02,20058,59646
40260,244.83,245.03,244.44,244.52,18942,60138
40261,244.44,244.87,243.78,243.91,23264,59646
40262,241.41,242.01,241.31,241.82,24122,62970
40263,241.99,243.87,241.91,243.86,20718,63158
40266,245.18,246.2,244.84,246.02,25952,59266
40267,245.7,246.66,245.59,246.44,17226,57464
40268,245.15,245.51,244.98,245.25,16892,57308
40269,246.59,246.84,245.9,245.91,17348,55908
40270,248.45,248.49,247.74,248.02,22884,53312
40274,248.95,249.17,248.59,248.76,15072,52602
40275,250.06,250.69,249.74,250.69,26208,55754
40276,252.13,252.24,251.78,251.98,25042,53840
40277,252.48,254.35,252.45,254.27,38886,59100
40280,256.53,256.74,255.89,255.93,29812,57302
40281,254.24,254.41,253.43,253.94,25414,56740
40282,253.92,255.14,253.86,254.25,29316,57918
40283,254.45,254.9,253.86,253.86,19618,56934
40284,254.62,254.67,253.93,254.05,13324,55954
40287,250.59,250.81,249.39,249.52,25644,51012
40288,250.62,251.13,250.57,250.96,26262,52608
40289,251.59,252.58,251.35,252.38,21702,53112
40290,252.69,252.95,252.15,252.38,19250,52708
40291,251.13,251.44,250.92,251.13,19098,51154
40294,254.72,255.57,251.58,255.23,22342,53222
40295,255.02,255.15,254.02,254.23,20224,54906
40296,257.07,257.12,256.24,256.56,26746,56032
40297,256.58,257.1,256.48,256.88,18188,56260
40298,258.62,258.73,257.8,258.4,21416,58114
40302,259.79,259.9,258.41,258.45,25786,53864
40303,256.86,257.29,255.88,257.17,25664,52350
40304,257.7,258.31,257.56,258.03,28764,53718
40305,264.08,264.38,263.12,264.37,36136,56836
40308,263.9,264.44,262.49,262.6,37996,58486
40309,264.06,265.54,263.98,265.43,34620,60794
40310,269.45,271.05,268.98,270.01,47544,62882
40311,270.86,271.64,270.81,270.98,38622,63108
40312,271.04,272.09,270.6,271.15,41484,63310
40315,271.34,273.46,271.23,271.76,67514,63502
40316,269.86,270,267.26,267.58,58322,64248
40317,268.64,269.42,265.54,266.19,76400,61558
40318,262.55,263.7,260.3,261.21,65898,56946
40319,260.51,261.12,257.48,259.65,74156,54082
40322,260.44,262.49,260.35,262.18,44906,53610
40323,261.64,263.49,261.42,262.12,54934,55602
40324,264.68,266.21,264.49,265.77,45178,57390
40325,266.89,267.92,266.19,266.68,49066,55316
40326,266.39,267.66,265.43,267.64,50800,55242
40329,266.47,267.5,266.16,266.54,32112,52568
40330,268.82,269.27,268.25,268.53,47194,54404
40331,269.24,269.72,268.59,268.66,42294,54498
40332,268.67,269.3,268.13,269.13,34274,54814
40333,265.15,265.59,263.73,264.82,44894,58098
40336,267.05,268.1,266.77,267.74,43466,55386
40337,272.05,272.9,271.82,272.8,38276,56448
40338,272.16,272.26,270.99,271.33,45310,59668
40339,270.5,271.57,269.27,270.19,39454,51148
40340,268.03,268.62,267.77,268.38,23426,46890
40346,270.97,271.55,270.56,271.13,22918,50074
40347,273.97,274.29,273.34,273.92,39630,60566
40350,276.62,277,275.84,276.97,41360,67504
40351,271.94,272.19,270.88,271.24,43740,58026
40352,271.6,272.45,271.52,272.08,22396,57166
40353,271.11,271.55,270.63,270.76,21712,58618
40354,272.86,273.57,272.64,272.95,26006,56926
40357,275.97,276.15,274.85,274.91,22002,56684
40358,271.89,271.89,270.47,270.61,33468,55644
40359,271.98,272.47,271.57,272.04,24336,54636
40360,271.98,272.47,270.73,270.81,25004,57018
40361,263.08,263.87,261.94,263.13,47788,54790
40364,263.99,264.82,263.7,264.27,21234,55406
40365,262.84,263.99,262.52,263.02,25328,53894
40366,260.99,261.3,259.2,259.42,37508,55262
40367,263.07,263.47,262.6,263.16,26856,50922
40368,261.29,261.89,261.28,261.38,21086,50400
40371,263.86,263.86,263.31,263.31,21220,51534
40372,261.5,262,261.17,261.22,24756,52186
40373,263.99,264.94,263.8,264.6,28636,53388
40374,264.01,264.67,263.71,263.76,20086,51506
40375,263.91,264.16,263.02,263.04,21722,52190
40378,260.01,260.77,259.97,260.32,31014,54296
40379,258.41,259.22,258.4,258.87,29024,55386
40380,260.44,260.46,259.74,259.77,21228,54508
40381,259.23,259.62,258.28,258.75,25666,55734
40382,260.72,261.63,260.7,261.46,24932,53946
40385,260.5,261.28,260.39,261.13,17906,55200
40386,259.4,259.74,259.18,259.48,19440,53894
40387,255.06,255.48,254.71,255.2,31196,55318
40388,255.42,256.21,255.26,256.19,22602,57804
40389,255.68,256.3,255.39,255.96,20532,56120
40392,258.68,259.46,258.68,259.25,22932,54658
40393,259.43,259.45,258.9,258.97,16568,55240
40394,260.58,261.69,260.51,261.58,26544,58056
40395,261.55,261.8,261.18,261.42,6550,56378
40396,261.43,262.9,261.26,262.9,14656,56216
40399,263.63,264.8,263.44,264.63,21766,57902
40400,262.93,263.19,262.02,262.02,17170,55448
40401,263.14,263.74,262.03,262.44,17144,55072
40402,262.71,262.99,262.31,262.91,13392,55376
40403,265.48,266.96,265.38,266.74,23622,57644
40406,266.88,268.04,266.77,267.48,20270,60312
40407,268.46,268.46,267.53,267.8,18296,58370
40408,268.14,268.26,267.41,267.56,15030,56120
40409,268.9,269.15,268.63,268.99,13314,55566
40410,269.15,269.15,268.62,268.78,15042,51738
40413,268.46,268.96,268.43,268.61,12408,51920
40414,267.27,267.42,266.84,266.88,13624,51270
40415,268.93,269.79,268.9,269.79,20574,52570
40416,271.1,271.5,270.72,271.11,18624,53114
40417,270.13,270.56,270.07,270.22,12342,53236
40420,270.11,270.44,269.95,270.4,13698,52358
40421,270.26,271.17,270.01,270.27,17250,52530
40422,272.88,274.27,272.76,274.09,21988,54032
40423,273.19,273.41,272.93,273.11,13568,54504
40424,274.09,274.1,273.51,273.72,9838,56050
40427,272.63,273.46,272.47,273.26,11548,54122
40428,273.09,273.28,272.73,273.15,10202,53352
40429,274.69,275.49,274.53,275.33,16370,56378
40430,273.99,274.32,273.59,273.83,24486,49710
40431,271.63,272.16,271.59,272.02,14404,47776
40434,271.82,272.2,271.67,272.09,9468,48276
40435,272.58,272.68,272.05,272.6,14152,49164
40436,276.87,276.97,276.15,276.55,36276,57586
40437,275.9,276.54,275.56,275.94,17038,57170
40438,277.06,278.34,276.58,278.24,22920,56036
40441,277.57,279.19,277.57,279.19,20098,55288
40442,278.01,278.15,277.3,277.39,15778,52844
40448,281.57,281.57,279.71,281.14,17774,54238
40449,279.53,280.12,279.41,279.41,11562,53282
40450,282.61,283.24,282.22,283.19,14818,53840
40451,282.64,284.56,282.12,284.11,18326,56540
40459,285.39,287.32,285.22,285.7,29174,49598
40462,290.08,291.47,290.08,290.87,32776,61408
40463,291.03,291.59,289.84,289.99,25740,62424
40464,291.89,293.18,291.43,292.53,27990,68574
40465,296.34,297.88,295.9,297.6,31284,68574
40466,296.47,297.66,295.97,297.25,21420,68672
40469,292.07,292.92,291.38,292.5,29310,62004
40470,294.06,294.64,293.05,293.31,10548,62314
40471,287.41,287.99,286.87,287.56,46682,56206
40472,288.71,288.93,287.77,287.81,26802,52724
40473,285.24,286,284.95,285.3,24560,55554
40476,288.29,291.74,288.11,291.32,35456,63198
40477,290.36,290.88,288.84,288.91,32452,62010
40478,290.33,290.38,287.22,287.46,38074,59390
40479,287.59,287.61,286.83,287.33,17876,61916
40480,289.44,290.15,289.05,289.8,25460,62736
40483,292.79,295.06,292.49,294.96,26502,66772
40484,292.98,294.11,292.8,294,15784,67100
40485,293.72,293.72,291.88,292.19,20630,64256
40486,291.57,305.84,291.33,293.49,25636,68432
40487,300.28,302.69,299.48,301.05,30666,73100
40490,302.1,303.18,300.94,301.43,26692,74326
40491,304.16,313.66,303.89,310.98,59118,86168
40492,306.59,311.17,304.03,305.58,74952,85360
40493,306.83,308.82,305.79,307.02,40800,88654
40494,306.82,307.12,295.07,300.87,93780,72978
40497,297.94,298.54,294.56,295.85,48052,68514
40498,294.92,295.75,293.93,294.47,34476,68432
40499,288.91,289.72,288.08,288.33,53748,58098
40500,291.23,293.23,291.06,292.91,37276,60794
40501,294.42,294.56,292.68,293.94,11386,60732
40504,293.56,295.92,293.15,294.28,24336,64312
40505,295.03,295.33,293.5,294.92,30008,61832
40506,296.76,298.87,296.7,298.59,36674,70756
40507,297.02,297.48,296.27,297.38,20980,70838
40508,297.47,297.67,294.97,295.17,31754,64632
40511,292.26,295.47,292.06,294.76,24798,63294
40512,296.41,296.43,295.56,296.25,20164,65122
40513,299.89,304.21,299.68,303.91,34626,74834
40514,303.34,304.95,303.22,304.9,24808,80942
40515,304.4,304.74,302.9,303.6,20846,82302
40518,309.49,309.85,307.65,308.45,25016,85662
40519,310.22,310.62,307.95,309.77,23100,85400
40520,304.17,304.78,300.64,301.26,42766,71378
40521,300.88,301.11,299.64,300.32,25102,70556
40522,300.59,302.14,300.49,301.34,17014,71074
40525,300.01,302.46,299.79,302.31,17618,74572
40526,304.63,306.41,303.69,305.89,10510,78826
40527,303.74,303.82,300.99,301.1,28142,67970
40528,299.43,300.28,298.71,300.25,20150,66500
40529,298.73,299.8,298.37,299.53,18080,69110
40532,301.43,302.57,301.4,302.34,33486,77348
40533,301.6,302.43,301.34,302.37,16968,75094
40534,302.99,303.08,302,302.32,13460,72640
40535,302.19,302.38,301.16,301.99,10294,70120
40536,300.21,301.49,300.21,301.49,7828,70012
40539,299.88,301.89,299.42,301.59,12234,71144
40540,301.93,304.35,301.84,303.71,23130,77980
40541,305.94,307.12,305.47,307.07,19706,76890
40542,307.57,309.07,307.23,308.34,19384,79890
40543,306.8,309.1,306.53,309.08,18382,78836
40547,308.96,309.25,307.61,307.8,21242,73496
40548,300.06,300.79,298.89,299.95,40106,63396
40549,299.01,299.6,298.83,298.91,17614,67784
40550,297.82,298.41,296.85,297.02,26164,66776
40553,298.02,299.46,297.79,299.22,16968,68492
40554,299.03,299.73,298.83,299.66,12820,66128
40555,300.72,301.27,300.4,301.05,12056,65044
40556,301.06,301.33,299.63,299.86,14436,64082
40557,298.07,298.59,297.04,297.42,13088,63344
40560,295.71,295.84,292.49,292.79,29154,55722
40561,293.53,294.71,293.39,294.35,13654,54610
40562,295.47,296.07,295.11,295.87,11832,55242
40563,294.4,294.5,293.3,293.32,13830,56182
40564,289.52,290.38,289.07,290.21,17632,53194
40567,290.97,292.37,290.94,291.61,15484,55036
40568,287.78,288.13,287.36,287.78,13816,53990
40569,288.22,297.64,288.22,288.96,16798,54620
40570,290.59,291.37,290.11,290.42,12328,55302
40571,283.74,284.74,283.34,284.73,17344,55734
40574,289.51,289.77,287.98,288.35,14960,55154
40575,288.93,289.62,288.61,289.62,14192,57836
40583,293.93,294.16,292.82,292.97,7318,53422
40584,292.58,293.17,292.58,292.74,7532,54334
40585,293.78,294.19,292.97,293.35,10680,53676
40588,291.99,293.12,291.99,293.02,3040,55106
40589,293.8,294.49,293.35,293.62,9224,55164
40590,294.99,296,294.83,295.9,10062,53988
40591,295.57,296.41,295.57,296.08,9434,54308
40592,297.1,297.8,297.09,297.45,9846,55894
40595,299.23,299.63,298.84,299.3,10674,57174
40596,301.9,302.12,298.95,299.54,25080,54906
40597,298.32,299.79,298.15,299.74,9694,53572
40598,302.3,302.87,300.16,301.24,16576,54396
40599,299.59,300,285.27,299.32,11736,54074
40602,301.45,301.95,300.56,301.31,11004,54210
40603,300.27,302.12,299.55,302.04,15808,54158
40604,304.83,304.87,303.41,303.64,17964,53542
40605,303.99,304.46,301.13,301.68,17584,53674
40606,300.79,301.17,299.86,300.06,11022,52210
40609,303.08,304.57,302.82,304.39,14084,53834
40610,302.76,303.37,301.48,302.01,18206,54542
40611,301.8,302.34,300.97,301.89,9560,54248
40612,301.76,303.39,301.58,303.26,14520,54486
40613,300.02,300.77,299.15,299.22,18322,53016
40616,302.45,302.99,300.33,301.32,14510,52638
40617,301.51,301.51,298.52,299.49,17548,52818
40618,296.2,297.23,295.71,297,15422,51140
40619,295.38,295.93,294.95,295.88,9512,50864
40620,298.61,299.39,298.14,299.16,12872,51140
40623,302.69,303.85,302.31,303.2,18822,51966
40624,303.05,303.19,302.16,302.45,13218,52552
40625,302.12,302.88,302.1,302.62,10362,51834
40626,304.06,304.13,303.48,303.53,11160,50240
40627,302.61,303.55,302.55,303.47,8564,48646
40630,301.92,302.39,300.04,300.19,12578,48318
40631,299.85,300.63,299.72,300.05,9278,47266
40632,300.11,300.75,299.36,300.57,8806,46844
40633,301,301.54,300.69,301.43,7054,47160
40634,302.33,302.4,301.62,302.14,9146,47118
40639,305.33,306.94,305.24,306.92,23764,48234
40640,306.68,306.99,306.16,306.17,14902,48830
40641,306.92,309.07,306.83,308.93,16556,50954
40644,310.34,310.37,308.46,308.65,17524,50822
40645,306.19,307.13,305.88,306.7,15364,45654
40646,306.78,308.3,306.4,307.99,11684,45740
40647,307.4,308.65,306.83,308.34,13842,46748
40648,310.51,310.73,309.29,309.51,20248,48116
40651,311.26,311.39,310.09,311.3,17142,50480
40652,312.03,312.28,310.33,310.65,26596,51022
40653,311.62,313.86,311.53,313.73,26828,57458
40654,314.54,315.54,314.19,314.57,24590,58040
40655,314.46,315.24,314.3,315.15,11512,57142
40658,316.14,316.64,315.2,316.39,20084,59442
40659,313.25,313.28,312.08,312.58,33218,54314
40660,314.31,314.61,313.31,313.32,18804,56164
40661,317.3,318.67,317.22,318.29,31018,56254
40662,318.93,318.93,317.56,317.7,21516,56108
40666,317.82,318.56,316.7,317.57,24500,58828
40667,316.35,316.56,314.58,314.64,31770,60422
40668,312.72,313.79,312.38,313.59,33194,59864
40669,308.71,310.56,308.71,309.78,33212,55948
40672,310.95,311.32,310.02,311.27,22572,60382
40673,311.35,312.96,311.34,312.42,24086,63398
40674,313.84,315,313.72,314.98,21054,67354
40675,312.54,313.23,309.89,310.34,36686,60214
40676,312.68,314.45,312.39,314.42,28256,59382
40679,311.6,311.69,310.93,311.09,24116,58252
40680,311.14,311.97,310.86,311.75,20402,55362
40681,311.06,311.73,310.66,310.98,21816,54620
40682,312.7,312.99,312.32,312.48,20270,54602
40683,312.55,313.32,312.47,313.31,13888,51416
40686,315.2,315.25,314.15,314.21,13434,51872
40687,316.16,317.35,316.09,317.12,16052,50482
40688,317.51,317.94,316.69,317.31,14046,51354
40689,318.24,318.56,317.89,317.97,12284,51486
40690,317.86,317.89,317.1,317.59,11268,49410
40693,319.28,319.92,319.18,319.5,13776,51008
40694,320.79,320.99,319.74,320.11,12198,50898
40695,319.69,319.69,317.25,317.54,18842,51564
40696,319.45,320.42,319.17,320.37,19514,50958
40697,319.45,319.74,319.16,319.5,12146,48572
40701,321.15,321.35,320.5,321.26,16798,51432
40702,320.66,320.77,319.97,320.02,14066,51118
40703,319.87,319.96,318.85,318.98,12044,51624
40704,320.91,320.94,320.4,320.53,9938,51728
40707,319,319.26,318,318.48,12716,51040
40708,316.5,317.15,316.4,317.07,11728,50990
40709,317.93,318.05,317.14,317.19,9194,50468
40710,317.85,318.39,317.79,318.15,9908,50170
40711,318.36,318.46,317.61,317.66,9006,49638
40714,319.95,320.86,319.83,320.26,12546,48996
40715,320.96,321.88,320.62,321.3,13360,48488
40716,321.91,322.17,321.2,321.2,8282,48444
40717,321.4,321.49,320.83,321.07,10246,49526
40718,317.52,337.11,316.62,316.83,23284,48444
40721,313.3,313.52,311.54,311.54,21110,47756
40722,313.31,313.36,311.53,312.17,13200,47234
40723,313.3,313.73,313.05,313.57,10478,47176
40724,314.39,314.97,313.91,314.18,13182,46130
40725,312.03,312.44,311.7,311.81,14426,46850
40728,311.31,312.08,310.97,311.95,8872,45138
40729,312.48,312.86,311.16,311.24,13618,47198
40730,315.17,316.6,315.11,316.53,19054,43648
40731,317.97,320.1,317.51,319.55,16368,42152
40732,319.1,319.99,319.04,319.19,8794,41354
40735,321.51,322.16,321.13,321.86,16168,45178
40736,323.18,323.47,321.91,322.07,16296,46124
40737,325.83,326.92,325.68,326.64,22822,49400
40738,329.93,330.27,328.51,329.66,21048,51050
40739,329.52,329.88,328,328.11,24554,50844
40742,330.95,332.48,330.95,332.47,26190,56852
40743,333.2,334.24,332.6,334.11,19374,57286
40744,330.33,331.63,330.27,330.59,20372,55664
40745,332.68,333.66,332.31,333.44,19458,58336
40746,331.08,331.41,329.84,330.21,22402,50982
40749,335.63,336.27,334.29,336.08,19446,53872
40750,334.81,335.75,334.7,335.41,12582,52818
40751,336.8,337.41,336.2,336.62,18998,54704
40752,334.67,335.75,334.67,335.2,15288,52554
40753,335.29,335.91,334.41,334.45,18812,51864
40756,334.31,334.71,333.08,333.52,19726,52450
40757,334.88,336.04,334.66,335.57,21580,57018
40758,341.01,345.79,340.52,345.27,61226,71386
40759,345.06,346.96,344.3,345.61,64896,74860
40760,341.62,345.46,341.13,344.08,66072,73480
40763,349.94,356.17,349.66,354.47,101118,77476
40764,358.04,365,358.04,362.45,169172,80182
40765,362.46,364.31,360.07,361.78,141748,86794
40766,373.96,373.96,366.68,367.43,160016,84702
40767,363.91,365.75,361.56,363,140856,83876
40770,359.7,362.65,359.58,360.29,97856,82156
40771,365.49,366.59,364.05,366.45,89184,89802
40772,368.96,369.76,367.2,369.31,84808,92166
40773,368.31,370.6,368.06,370.38,74788,97446
40774,378.79,383.87,378.08,383.78,147610,110632
40777,387.94,392.66,384.69,392.37,220528,114914
40778,393.96,394.53,390.92,391.69,228594,113882
40779,382.28,384.5,380.52,380.92,226120,107692
40780,363.57,366.63,363.53,363.53,166194,90552
40781,366.08,370.4,364.48,367.82,295482,86878
40784,374.93,377.4,373.52,376.79,246852,94084
40785,373.03,373.86,371.23,372.32,176020,96774
40786,377.99,380.27,377.92,380.2,141576,104226
40787,378.71,378.78,376.25,376.33,164720,102462
40788,377.8,381.51,377.64,381.25,125346,108464
40791,388.75,390.66,387.84,390.61,164936,107768
40792,391.98,398.06,391.49,395.25,267756,110484
40793,389.14,389.89,376.85,378.72,331518,102752
40794,379.28,382.13,377.94,382.02,305754,104100
40795,384.1,389.29,383.14,388.33,299226,109918
40799,378.52,380.02,376.71,378.63,216042,101646
40800,381.47,383.07,376.91,378.39,226602,106644
40801,378.35,378.63,373.18,375.61,269858,101442
40802,369.34,369.58,364.91,366,233824,94432
40805,376.03,378.13,375.46,378.1,179756,90746
40806,368.27,369.63,366.32,368.95,171238,92754
40807,373.26,375.63,371.84,375.29,170728,93388
40808,368.38,369.59,366.38,367.21,211324,92104
40809,361.44,363.82,356,361.36,237848,82848
40812,342.68,344.36,342.09,342.09,46234,72640
40813,338.44,343.65,336.32,341.54,250422,69908
40814,339.95,342.07,337.17,341.42,171386,67444
40815,327.24,336.6,327.24,335.31,166212,57664
40816,334.75,339.76,334.75,338.58,119896,60412
40826,341.32,342.74,341.21,341.79,58250,59740
40827,346.36,348.46,345.36,346.02,107218,63518
40828,344.61,346.93,343.69,346.89,91682,66318
40829,348.67,348.72,345.42,346.48,85396,63894
40830,344.16,346.22,343.65,346.14,68230,63404
40833,347.53,348.25,346.77,347.41,60372,63432
40834,346.74,346.93,343.15,343.21,78576,73072
40835,343.41,345.36,340.47,340.59,112200,76496
40836,336.56,336.58,329.37,333.5,194658,78968
40837,333.25,336.84,333.25,335.54,102876,67762
40840,339.2,342.58,337.32,341.81,125210,65216
40841,341.47,343.44,340.52,341.2,87290,63712
40842,352.78,355.42,352.27,354.25,114974,70604
40843,355.91,357.05,354.88,355.29,72162,67644
40844,361.65,362.41,357.64,357.97,84430,67446
40847,359.07,359.53,350.73,352.58,117422,64058
40848,353.52,354.94,352.63,352.66,53108,63868
40849,353.81,356.93,353.72,355.86,81830,67668
40850,356.92,357.14,353.74,356.02,73890,69314
40851,361.51,362.95,360.99,362.02,59310,69450
40854,362.24,364.89,362.08,364.56,73632,79464
40855,368.52,368.96,367.75,368.13,64086,79444
40856,368.28,369.05,366.52,366.99,60680,76488
40857,363.64,363.82,359.21,360.16,109584,75692
40858,359.17,363.54,359.17,362.88,67762,74184
40861,367.67,369.21,367.33,367.33,60746,74330
40862,365.97,366.78,362.76,363.51,61420,73256
40863,365.99,366.6,362.07,362.82,69110,74554
40864,362.4,363.27,360.88,362.87,56480,75184
40865,352.65,354.96,351.6,353.61,74622,75750
40868,352.67,354.48,351.95,353.75,60872,77626
40869,346.1,347.84,345.23,346.67,64202,74570
40870,349.42,351.63,349.34,351.07,59552,75574
40871,348.75,349.43,348.03,348.85,55078,75952
40872,348.07,348.88,346.43,346.57,50270,82354
40875,349.63,352.01,349.34,351.32,61196,79402
40876,351.94,353.13,351.38,352.68,45054,81390
40877,354.19,355.52,353.28,353.28,70812,82402
40878,360.57,361.83,358.79,359.04,66660,77052
40879,359.07,359.59,357.76,359.09,46828,79606
40882,360,360.06,358.7,359,39162,78222
40883,354.6,354.9,351.45,352.78,56494,83370
40884,356.07,356.25,355.53,356.25,36840,83224
40885,357.83,357.92,357.03,357.88,32450,82194
40886,352.42,353,351.29,351.37,46622,86716
40889,352.46,352.59,346.06,346.99,81544,101168
40890,342.58,342.88,339.53,339.7,93216,104418
40891,336.47,338.11,336.06,337.56,74842,99624
40892,325.84,326.09,322.37,322.37,117174,106938
40893,325.21,328.77,324.83,328.7,105102,103224
40896,329.49,329.55,326.39,328.4,112706,109728
40897,329.22,329.73,328.26,329.7,81054,106278
40898,333.96,335.1,333.08,334.47,67624,103798
40899,332.33,332.51,329.27,331.51,99694,104770
40900,331.25,332.31,330.64,330.93,72058,99288
40903,330.33,330.68,326.47,327.34,93118,104718
40904,327.3,328.29,325.96,326.23,70776,108982
40905,324.97,325.66,323.85,324.19,73794,112438
40906,318.14,318.56,315.96,316.03,76868,119936
40907,317.59,320.19,317.59,319.48,100342,102312
40912,328.28,328.64,325.69,327.29,84872,99272
40913,329.83,332.1,328.67,331.94,82316,99406
40914,331.11,333.63,330.75,333.43,95518,91782
40917,330.15,330.79,328.67,330.35,69482,90598
40918,330.32,332.73,329.97,332.25,63840,86898
40919,334.76,336.37,333.89,336.26,61830,85756
40920,336.16,337.65,335.82,337.06,56048,85226
40921,337.24,337.24,333.67,336.74,113222,86820
40924,334.35,336.49,333.73,335.28,68230,85824
40925,336.43,340.2,336.36,339.84,69012,82628
40926,338.42,339.35,336.16,338.72,72566,80744
40927,339.04,341.16,338.95,340.76,48606,79426
40928,339.24,339.76,337.99,339.7,57352,84756
40938,353.87,354.87,352.61,353.33,60668,79834
40939,354.3,355.79,354.11,355.11,56640,80150
40940,355.08,355.89,354.06,354.14,56380,83232
40941,357.14,357.9,356.13,356.9,61788,85820
40942,358.51,358.91,358.13,358.62,44608,87438
40945,353.3,354.7,353.16,353.4,59512,81544
40946,351.47,352.69,351.17,352.69,57276,80662
40947,356.28,357.92,356,357.79,62454,90840
40948,353.67,355.23,352.5,355.19,62978,88724
40949,353.14,354.19,352.94,353.24,50346,88342
40952,352.19,353.29,351.53,352.68,47856,87470
40953,351.71,352.03,350.04,350.44,46080,87516
40954,351.24,352.78,351.24,352.26,49582,85320
40955,352.37,352.38,350.07,350.86,71478,81936
40956,353.06,354.11,353.06,353.42,58716,85316
40959,354.27,354.7,353.81,353.83,41160,85252
40960,353.97,355.86,353.44,355.68,52446,89928
40961,358.41,358.54,357.88,358.3,35820,86634
40962,361.78,362.56,361.41,362.54,50480,93926
40963,362.58,363.15,361.96,362.28,46210,92640
40966,361.75,362.84,360.88,360.96,41414,92644
40967,360.61,362,360.32,361.91,41956,92310
40968,364.12,364.94,363.89,364.78,38826,92894
40969,349.08,351.71,349.03,349.92,105694,84452
40970,350.89,351.79,350.44,350.53,48362,86778
40973,349.65,350.41,348.67,348.88,52366,86926
40974,348.58,348.94,346.77,346.84,50384,84634
40975,342.02,342.65,341.29,341.36,55306,85138
40976,343.72,344.73,343.48,344.66,35374,85084
40977,346.81,348.29,346.33,347.77,47008,83444
40980,349.25,349.69,347.32,347.99,55506,78936
40981,347.39,348.17,347.39,347.62,36376,78178
40982,342.84,343.4,341.21,341.43,71926,85030
40983,335.61,338.17,335.55,337.45,73098,91224
40984,339.46,341.02,339.22,340.8,50982,90442
40987,340.55,341.39,340.15,340.99,38392,92958
40988,341.27,341.29,338.44,338.59,56330,91236
40989,338.76,339.47,337.64,338.65,49124,90878
40990,338.59,339.24,337.38,338.06,47954,89990
40991,337.72,338.1,336.31,337.23,54066,95784
40994,340.73,342.87,340.13,340.77,41696,96282
40995,345.66,345.93,345.07,345.85,45140,92722
40996,344.15,344.19,342.35,342.44,36656,88606
40997,340.23,340.23,338.67,340.04,45158,85420
40998,340.12,340.46,339.77,340.34,34928,84848
41004,332.12,333.51,332.12,333.19,45674,95266
41005,333.93,334.47,332.84,334.47,29546,95448
41008,335.79,336.82,334.81,336.48,47680,96892
41009,336.77,339.48,336.77,337.66,82190,104458
41010,339.11,340.06,338.71,340.03,59370,106602
41011,339.73,339.8,338.96,339.33,39786,100698
41012,342.77,342.99,342.09,342.54,44842,100904
41015,338.23,338.43,335.59,335.76,65862,100568
41016,337.57,337.64,336.2,336.2,43876,102158
41017,337.46,338.4,337.09,338.3,52730,99386
41018,335.77,335.93,334.98,335.85,46200,103950
41019,335.77,336.93,335.7,336.23,39694,105638
41022,335.62,336.39,335.62,335.88,31216,107182
41023,335.4,335.92,334.79,335.02,44984,110636
41024,336.45,336.5,335.95,336.17,29260,108132
41025,336.42,337.97,336.42,337.94,45140,114746
41026,339.04,339.31,338.11,338.15,42422,107026
41031,339.87,339.88,337.92,338.11,43848,108866
41032,337.92,338.07,335.77,335.88,36154,112604
41033,334.52,335.03,334.18,334.53,36390,115644
41036,335.27,335.75,334.17,335.26,50202,118090
41037,334.9,335.24,333.5,333.59,45972,122252
41038,328.03,328.39,325.56,325.93,77584,127160
41039,326.38,326.84,325.82,326.41,46798,126908
41040,326.01,326.07,323.92,324.18,62764,129162
41043,324.6,324.95,322.6,322.9,54674,124844
41044,319,319.3,317.29,318.92,72292,126770
41045,315.8,316.77,313.72,313.96,74750,130022
41046,316.92,318.95,316.54,318.32,63430,129478
41047,322.88,323.75,321.5,323.18,76274,131062
41050,326.95,327.98,326.95,327.52,50000,125092
41051,326.46,327.03,325.15,325.26,42054,122718
41052,319.63,320.54,318.93,320.02,63736,122504
41053,320.25,322.48,319.3,321.4,65424,123748
41054,320.32,322.76,318.82,321.73,78704,129280
41057,323.71,326.61,323.6,326.28,52972,126108
41058,324.49,325.96,324.15,325.49,49118,126238
41059,320.35,320.8,318.88,319.86,63534,125100
41060,322.61,324.41,322.2,322.94,64332,132972
41061,321.39,322.89,320.71,322.62,51666,130816
41064,333.41,337.05,332.97,335.66,108048,128412
41065,335.1,336.04,333.65,334.35,63514,127058
41066,336.91,337.28,335.56,336.34,73516,127586
41067,335.47,335.59,333.89,334.69,66682,116392
41068,327.08,327.78,322.54,324.93,91264,114312
41071,330.9,331.09,329.11,329.83,59556,114866
41072,328.61,329.19,327.76,328.34,48098,118244
41073,330.97,332.68,330.85,332.59,52552,115374
41074,333.38,334.99,333.09,333.6,42814,116312
41075,334.42,335.66,334.37,335.25,50540,114510
41078,335.73,336.45,333.32,333.51,58798,119420
41079,335.55,336.18,335.14,335.5,37924,114138
41080,333.33,334.15,332.91,333.49,34448,117136
41081,329.32,330.71,328.71,330.15,45936,113172
41085,325.02,325.59,324.23,325.13,41320,116114
41086,327.59,327.73,326.45,326.9,28092,113760
41087,325.01,325.43,323.83,324.35,35082,115840
41088,326,326.41,325.08,325.39,35394,113628
41089,321.36,325.13,321.08,324.51,57692,112782
41092,329.17,329.17,327.71,328.1,41414,110196
41093,329.19,331.8,328.89,331.73,46548,112452
41094,333.33,333.86,332.78,333.3,35610,110286
41095,333.31,334,332.55,333.8,38722,113542
41096,331.76,331.83,330.41,330.59,38684,111948
41099,327.02,327.51,326.51,326.9,39836,112892
41100,327.49,328.37,327.09,327.3,33382,114192
41101,325.01,326.35,324.92,326.1,41446,117434
41102,325.92,326.08,324.21,324.7,49850,120078
41103,324.7,326.98,324.65,326.45,49428,126224
41106,328.2,329.25,325.42,328.82,46608,119228
41107,329.72,330.37,328.74,329.64,45262,118440
41108,328.05,328.35,326.21,327.13,44356,118768
41109,326.17,327.68,326.12,326.95,45998,121708
41110,327.29,327.66,326.94,327.5,40762,118970
41113,326.73,327.22,325.62,326.15,50204,124068
41114,326.38,327.28,326.01,326.51,48656,122290
41115,326.99,328.64,326.99,327.49,65914,127352
41116,331.69,333.18,331.17,332.88,65454,131858
41117,333.86,335.48,333.43,335.3,54090,130836
41120,335.69,335.84,334.02,334.45,48934,129200
41121,334.97,336.26,334.96,335.58,46828,126994
41122,333.3,334.36,332.88,334.13,36674,129416
41123,331.03,331.99,330.57,331.49,37520,128582
41124,329.02,329.97,329.02,329.86,32264,126360
41127,332.07,333.27,332.02,332.9,36224,127546
41128,333.74,333.95,333.07,333.69,29816,124128
41129,333.42,333.8,332.46,332.56,31460,120558
41130,333.81,335,333.8,334.81,37618,123996
41131,334.39,334.53,333.41,334,32138,122466
41134,335.06,336.49,334.94,336.02,50986,126146
41135,333.77,334.28,333.22,334.03,39986,123364
41136,331.32,331.92,330.92,331.16,33972,125584
41137,332.46,332.83,331.52,331.72,33202,124756
41138,334.65,335.48,334.43,335.28,31572,122156
41141,334.76,335.43,334.44,335.13,26000,124368
41142,335.27,336.4,335.27,336.29,30792,128352
41143,338.81,339.8,338.8,339.52,39218,132094
41144,342.43,346.35,342.43,345.99,87310,145594
41145,345.97,346.03,344.36,344.79,51936,135002
41148,346.78,348.27,346.34,346.61,47728,133916
41149,343.74,343.99,343.15,343.85,36882,130264
41150,344.31,345.84,344.31,345.5,39208,129742
41151,342.62,343.94,342.51,343.38,38786,129834
41152,342.98,343.59,342.21,343.38,40578,129430
41155,349.73,350.72,349.52,349.7,55910,133954
41156,351.32,351.84,350.17,350.32,48548,132088
41157,350.01,350.61,349.67,350.16,36286,132904
41158,350.19,354.01,350.19,352.63,82052,138294
41159,351.02,351.39,348.67,349.64,69354,127488
41162,358.35,359.56,357.98,358.2,55380,128428
41163,357.18,357.97,356.61,357.77,43046,127044
41164,358.55,358.6,357.54,357.89,37006,127224
41165,357.57,357.57,356.03,356.13,36526,127830
41166,365.2,366.3,364.94,365.23,88196,127826
41169,365.05,365.92,364.15,364.49,46168,127432
41170,361.32,362.21,360.72,361.98,43850,128394
41171,363.67,366.4,362.74,365.63,74522,136300
41172,364.21,364.69,361.9,362.16,55072,131082
41173,364.65,364.78,363.54,364,46916,131152
41176,362.38,362.38,359.29,360.55,58088,124590
41177,361.97,362.34,360.79,361.32,36746,124044
41178,360.62,361.84,360.56,361.36,34052,122562
41179,359.51,361.24,359.51,360.67,41750,118448
41180,365.07,366,364.6,365.93,39098,120484
41190,364.58,364.58,360.64,361.8,47084,110194
41191,363.17,363.65,362.39,362.41,38706,115344
41192,359.84,360.48,358.88,360.3,38022,115898
41193,359.61,360.72,359.18,360.35,34058,115682
41194,360.92,361.5,360.52,360.75,30344,115924
41197,355.46,355.47,354.07,355.18,38530,114646
41198,353.6,354.83,353.51,354.72,34434,116470
41199,356.21,357.23,356.06,356.13,37324,118502
41200,355.99,356.57,355.46,355.78,32656,117188
41201,354.18,354.59,352.12,352.82,42060,117160
41204,350.49,351.31,349.77,351.3,26958,117186
41205,351.16,351.86,350.31,350.84,33720,118548
41206,348.61,349.99,346.47,348.67,50360,122694
41207,348.13,349.73,347.31,349.27,55934,125030
41208,349.25,349.39,345.95,346.69,50196,121606
41211,348.68,349.62,348.21,348.97,48526,120416
41212,348.16,348.58,347.61,348.39,47780,118946
41213,348.1,349.06,347.96,348.66,35898,118530
41214,349.89,350.72,349.51,350.5,43518,117008
41215,349.23,349.31,346.12,346.92,51890,118248
41218,341.99,341.99,340.77,341.11,43414,115254
41219,341.87,343.26,341.87,342.99,34418,114708
41220,347.4,351.33,346.88,350.88,74630,113408
41221,348.61,349.88,348.49,349.62,43334,114168
41222,352.11,353.81,352.11,353.44,50210,117868
41225,353.32,353.57,352.01,352.63,34572,113632
41226,350.1,350.84,349.48,350.43,38860,112460
41227,351.04,353.03,350.77,351.44,34300,115682
41228,350.51,351.25,350.16,350.44,28324,115626
41229,349.42,349.54,347.93,348.28,38482,112086
41232,349.38,350.89,349.34,350.7,38166,114082
41233,352.57,353.2,352.57,352.6,34840,115002
41234,351.73,351.83,349.5,350.92,27544,113318
41235,352.36,352.83,352,352,26660,115126
41236,352.12,352.83,351.82,352.78,25732,115024
41239,356.56,356.6,355.73,356.13,38126,114780
41240,356.55,356.75,355.92,355.98,26608,114086
41241,354.61,354.88,353.33,353.71,35272,110648
41242,350.45,350.71,349.42,349.49,37286,107580
41243,350.88,352,350.44,351.9,34102,105242
41246,349.49,349.72,348.19,349,40292,100186
41247,348.03,348.16,344.47,345.3,55500,107484
41248,344.28,346.25,344.2,346.17,42670,106394
41249,344.15,344.67,342.71,343.38,54686,107900
41250,345.77,346.33,345.48,346.04,38984,107250
41253,346.82,347.31,346.42,347,30202,109158
41254,347.13,347.62,346.88,347.46,30546,108272
41255,347.55,348.36,347.38,348.18,30036,107188
41256,346.79,346.79,343.7,344.81,61344,109600
41257,344,345.6,344,345.23,41278,106124
41260,343.77,344.39,343.28,343.76,44934,108526
41261,345.41,348.06,345.39,347.35,61318,111844
41262,341.57,341.99,340.9,341.84,53590,111542
41263,340.12,341.07,339.72,340.74,40990,110958
41264,336.08,336.43,333.55,335.9,64030,110812
41267,337.15,339.22,336.6,338.78,46380,110980
41268,337.28,338.77,337.1,337.23,34884,107448
41269,336.74,337.75,336.61,337.37,26530,107136
41270,337.01,338.96,336.79,337.93,36994,107432
41271,339.15,340.08,339.03,339.17,36846,108182
41274,338.67,340.56,338.28,340.25,36354,111424
41278,337.19,337.19,335.4,336.81,63582,114168
41281,337.95,339.47,337.93,338.52,45214,117562
41282,337,337.3,336.2,336.51,32546,118304
41283,338.47,339.51,338.21,339.28,37842,118840
41284,337.5,339.05,337.28,338.65,29662,118542
41285,341.63,341.87,340.79,341.35,36544,117346
41288,339.02,340.39,339.02,340.32,28842,118576
41289,340.61,341.76,339.87,340.87,47610,122480
41290,343.46,343.58,342.61,343.5,39188,121494
41291,342.53,342.86,341.69,342.49,34244,118764
41292,343.96,344.48,343.78,344.27,29020,118726
41295,343.7,344.4,343.7,344.08,21516,119942
41296,344.2,345.6,344.12,345.5,28946,121968
41297,345.1,345.38,344.43,344.82,20474,120202
41298,342.07,342.71,341.15,341.75,38404,121054
41299,338.59,340.21,338.59,340.12,28410,121698
41302,337.84,338.66,337.84,338.49,28164,122688
41303,338.02,339.21,337.83,339.08,28024,126932
41304,339.33,339.83,338.91,339.52,23034,125440
41305,341.72,341.98,341.19,341.31,26050,123134
41306,338.3,338.8,337.99,338.7,24708,122538
41309,339.17,340.75,338.89,340.17,31924,123690
41310,340.87,341.96,340.77,341.86,26268,124040
41311,340.93,341.21,340.15,340.85,24940,120434
41312,341.86,342.43,341.45,341.77,20910,119460
41313,339.89,341.34,339.89,341.14,18290,120442
41323,329.99,330.37,329.39,329.83,43852,123206
41324,329.58,330.18,329.58,329.79,24850,128862
41325,328.6,329.16,328.5,329.03,23912,130916
41326,321.45,321.7,318.13,320.92,67042,132678
41327,322.55,324.82,322.55,324.39,33894,131090
41330,322.95,324.87,322.83,324.11,39590,132474
41331,326.32,326.49,324.42,324.65,40952,130390
41332,328.99,328.99,328.06,328.17,43706,124822
41333,326.06,327.24,325.51,326.46,34992,124902
41334,323.73,323.73,322.59,323.14,33834,126596
41337,323.44,324.19,322.34,322.62,39620,127314
41338,322.47,323.84,322.31,323.52,36010,130202
41339,322.78,323.12,322.08,322.41,34716,132872
41340,323.25,323.67,322.67,323.12,41630,132856
41341,322.27,322.71,321.11,321.4,46478,134322
41344,321.62,322.96,321.53,322.82,37186,129536
41345,321.89,322.91,321.89,322.21,29270,129708
41346,324.56,324.71,323.18,324.39,30680,129834
41347,322.85,323.53,322.15,323.06,35400,123204
41348,323.69,324.29,323.55,324.29,25638,125958
41351,325.9,325.92,323.16,324.29,47574,130444
41352,325.26,326.04,324.63,325.84,35768,128148
41353,326.69,327.28,326.29,327.03,28766,127100
41354,325.33,326.58,325.18,326.23,27210,128704
41355,327.14,327.27,326.49,326.52,25748,130366
41358,325.15,326.8,325.15,325.82,27178,131352
41359,325.04,325.38,324.32,324.82,31808,129208
41360,324.76,324.91,323.13,323.16,32118,131318
41361,325.19,325.74,325.19,325.34,26830,126492
41362,323.14,323.92,322.49,323.7,19898,124504
41365,324.06,324.99,323.16,323.24,25766,127608
41366,324.62,325.01,323.69,324.08,25118,126770
41367,319.35,319.38,316.05,316.62,56830,133334
41372,318.88,320.2,318.71,319.76,41856,129088
41373,318.34,319.46,318.27,319.32,31902,129740
41374,321.37,321.47,320.51,320.74,25818,129824
41375,314.44,315.51,314.22,314.91,46814,135670
41376,315.54,316.17,314.86,315.1,28910,137130
41379,299.69,299.69,299.6,299.61,6224,136710
41380,275.85,277.89,275.71,276.94,90094,126622
41381,276.48,277.6,273.52,275.8,133836,129894
41382,272,277.23,265.22,276.78,205862,123476
41383,277.48,285.88,276.88,283.25,176700,124756
41386,283.66,285.94,283.59,284.23,141494,133696
41387,285.24,285.82,280.6,282.4,179162,141886
41388,283.53,286.93,283.42,285.86,133492,123096
41389,287.22,290.75,286.58,289.84,105672,112774
41390,296.97,299.48,295.26,295.74,133960,107970
41396,291.78,291.78,289.44,290.8,86176,116250
41397,292.93,295.31,292.93,295.25,77812,112982
41400,295.28,296.35,294.02,294.02,84016,119244
41401,293.43,293.83,289.86,289.98,134002,135674
41402,289.06,290.92,287.36,290.36,139362,126974
41403,293.15,294.39,292.56,292.84,84556,120346
41404,289.14,291.63,288.72,291.63,89008,118868
41407,286.82,287.72,284.2,285.52,157754,129126
41408,286.86,288.55,286.25,286.45,86536,125926
41409,284.14,285.34,281.64,281.93,105658,125622
41410,278.16,279.94,277.72,278.32,116162,121974
41411,278.3,279.38,274.9,275.33,155680,126508
41414,269.88,271.17,268.65,269.74,161978,133164
41415,280.11,281.08,276.88,279.66,152320,118936
41416,276.81,279.24,276.46,279.02,92362,118262
41417,273.74,276.78,272.6,276.41,131518,119420
41418,279.13,279.95,278.05,278.44,99226,116842
41421,277.24,279.61,277.24,279.36,59516,114970
41422,278.39,279.26,277.91,278.49,65624,112310
41423,277.89,278.81,276.74,277.49,88654,115016
41424,278.5,282.52,278.15,281.89,117890,117638
41425,283.1,284.66,282.89,283.58,70546,113280
41428,279.74,280.24,278.85,279.53,62384,112664
41429,283.28,283.28,281.05,281.25,64478,115820
41430,280.02,281.55,279.31,280.61,66256,112630
41431,280.46,280.66,278.65,278.99,52636,112244
41432,283,283.12,281.67,281.79,54062,108928
41438,276.69,279.21,276.68,278.28,59144,107612
41439,278.04,278.17,276.68,277.13,44534,110668
41442,277.99,278.51,277.52,277.57,32740,110548
41443,277.03,277.48,275.52,275.98,48228,114852
41444,274.18,274.69,273.28,274.49,57220,115266
41445,269.14,270.13,266.75,266.97,88250,122396
41446,255.66,261.33,255.61,261.31,154616,126130
41449,260.75,261.89,256.37,256.91,117942,131682
41450,257.86,259.55,256.75,257.95,98068,122492
41451,256.61,257.05,249.35,251.1,177622,130368
41452,248.38,251.45,248.38,250.55,137186,123040
41453,240.18,245.15,239,243.85,178820,122856
41456,248.49,252.85,247.25,252.45,162112,126746
41457,253.73,255.35,253.2,254.85,107100,128544
41458,252.01,252.9,251.4,252.4,76794,128592
41459,254,255.2,253.2,253.5,53222,126414
41460,252.47,252.75,250.2,251.35,92332,124700
41463,247.5,247.5,244.17,246,367608,130432
41464,248.65,254.5,248,253.4,377650,138800
41465,252.4,253.55,250.75,251.8,417288,138888
41466,253,262.2,251.7,259.65,598264,134454
41467,259.45,259.9,256.95,257.15,386272,135172
41470,257,260.9,256.7,259.2,418912,137994
41471,258.65,259.45,257.45,258.5,280866,133232
41472,260.1,261.05,259.1,259.4,313366,132486
41473,260.35,261.5,255.15,256.65,534452,143490
41474,258.15,259.75,257.05,258.6,366682,146792
41477,259,265.35,258.75,264.3,343326,143110
41478,265,267.95,264.8,266.25,374612,145384
41479,266.15,268.85,265.7,267.75,271650,150092
41480,266.15,267.15,263.1,264.1,409132,143750
41481,264.7,267.3,264.3,265.95,293460,151542
41484,264,265.15,262.05,263.35,406814,156898
41485,264.1,264.8,263.4,263.55,220242,160074
41486,263.9,266.85,262.65,265.95,331580,163592
41487,263.95,265.7,260.75,263.5,550638,143788
41488,264.25,264.3,253.7,257.15,451924,151526
41491,262.95,264,261.2,262.5,338308,142322
41492,260.85,261.75,257.35,258.45,371684,156948
41493,258.05,258.05,254.7,256.15,400772,160028
41494,256.1,259.25,255.85,258.15,370206,148350
41495,258.65,262.95,258.25,261.6,486886,143930
41498,261.15,266.5,261,266.05,474550,149702
41499,265.8,268.5,265.7,267.65,347582,147234
41500,266.8,267.25,263.15,263.85,417536,143692
41501,264.8,269.15,263.8,268.05,430030,141852
41502,264.25,275.1,263.8,272,707856,143770
41505,272.6,276.65,271.1,274.6,454868,144360
41506,274.2,274.35,270.05,271.25,387128,134558
41507,273.2,274.75,272.55,273.25,306868,134110
41508,273.05,274.25,271.2,272.35,355920,132160
41509,274.2,275.8,273.05,274.75,317944,134662
41512,273.75,279.4,273.65,278.55,386750,143816
41513,278.35,279.65,277.3,279.25,253694,141892
41514,282.4,285.6,281.55,284.25,329506,150288
41515,284.35,284.8,279.75,281,378616,147266
41516,281.85,281.85,279.5,280.15,270084,146932
41519,278.05,279.9,276.25,278.6,322114,149474
41520,277.9,278.9,277.25,277.6,182892,144696
41521,279.4,282.65,279.1,280.5,352716,144518
41522,277.7,278.05,275.05,276.55,288158,138856
41523,277.1,277.5,272.5,273.85,386360,150842
41526,276.35,277.55,275.8,276.85,289764,134230
41527,276.9,277.3,274.15,275.05,191532,134296
41528,272.2,273.25,270.75,272.95,249188,133240
41529,271.9,272.6,268.35,268.6,178364,137632
41530,266.25,266.25,261.3,262.75,311884,138412
41533,263.3,266.5,261.15,264.1,283968,144850
41534,262.3,264.45,261.2,262.4,235798,147150
41535,262.2,262.55,257.65,260.4,292494,136676
41540,264,265.6,261.85,264.35,112108,135728
41541,263.9,265.3,263.05,263.95,199348,136878
41542,261.25,265.35,260.75,264.55,210004,139070
41543,263.7,267,263.5,265.5,212798,138816
41544,266.15,266.45,263.5,264.25,165540,131606
41547,266.15,267.75,265.75,267.45,124422,126944
41555,266.3,266.3,264.1,265,53434,129126
41556,264.2,265.65,263.15,263.45,189264,140240
41557,261.35,262.8,259.55,260.85,219278,143052
41558,259.75,260.5,257.55,257.9,231064,153388
41561,254,255.55,253.05,255.4,274490,152368
41562,256.15,257.35,253.55,254.45,208188,156456
41563,252.55,257.45,252.4,257.4,300910,153940
41564,256.3,257.5,254.2,254.95,370322,157922
41565,261.9,264.15,261.9,263.4,291266,152048
41568,262.5,263.5,261.75,263.25,182340,150762
41569,262.55,263.1,261.8,262.35,156530,147122
41570,264.55,267.1,264.4,265.35,234692,148798
41571,265.25,266.15,264.5,265.95,159898,151716
41572,266.05,266.8,264.65,264.85,201092,147046
41575,265.05,267.25,264.5,266.3,204870,147432
41576,266.9,267.85,266,266.7,231110,149000
41577,265.75,266.25,263.9,265.9,223006,145872
41578,267.05,268.25,263.45,264.2,268790,150716
41579,262.15,263.3,261.55,262.8,205204,143556
41582,260.9,261.5,259.4,260.9,206448,145012
41583,262,262.4,260.6,261.05,115660,143916
41584,261.35,261.75,259.5,260.55,156820,145174
41585,261.4,262,260.8,261.75,129526,144854
41586,262.25,262.5,257.5,259.9,251696,148546
41589,259.75,260.4,255.05,255.6,242716,156056
41590,255.2,255.2,253.35,254.4,121894,157302
41591,254.5,255.4,252.2,252.95,174726,159458
41592,254,255.95,252.5,255.15,190572,152910
41593,254.25,256.85,254.2,255.75,226536,150268
41596,255.1,256.2,254.95,255.85,129568,150794
41597,254.7,255.3,252.3,253.05,180242,159950
41598,253.75,253.95,253,253.8,133492,158640
41599,251.3,252.85,248.55,248.75,268054,170404
41600,248.85,249.1,247.25,248.65,201302,173836
41603,249.15,249.3,245.3,245.75,144050,176778
41604,246.05,250.25,245.15,249.95,231768,168172
41605,248.8,249.15,247.75,248.5,164472,166056
41606,249.2,250.15,246.85,247.45,221086,168754
41607,248.15,248.55,247.6,247.8,94006,164734
41610,249.95,250,248.35,249.05,112862,161154
41611,247.1,247.45,244.3,245.1,212520,174610
41612,245.2,245.5,244.25,244.75,157404,178302
41613,245.2,249.9,243.95,247.75,279808,174660
41614,246.4,247.4,244.45,245.9,295524,177850
41617,245.9,249.1,242.35,246.65,390810,185244
41618,246.75,249.25,246.65,249.15,183404,182484
41619,249.7,252.05,249.45,250.95,247046,174052
41620,250.25,251.85,249.55,250.05,213766,177834
41621,246.75,247.15,244.4,244.7,244764,178404
41624,245.15,246.3,244.75,245.7,157070,171050
41625,245.75,249.35,245.65,248,278524,170570
41626,246.35,247.9,245.1,245.65,254822,167324
41627,245.75,246.85,242.9,243.75,241216,174098
41628,240.35,240.9,238.2,238.35,295036,187636
41631,238.8,240.95,237.9,240.2,254108,183048
41632,239.55,240.35,238.65,239,157578,180928
41633,239.5,240.9,239.2,240.9,88306,177330
41634,240.95,241,240.2,240.6,50868,178820
41635,240.65,243.2,240.6,242.85,161932,177762
41638,242.5,243.85,241,241.05,155542,175240
41639,240.6,241.8,238.6,239.45,154110,170992
41641,241.1,244.9,241.1,244.45,118878,173830
41642,242.95,247,242.8,246.4,233646,174614
41645,245.5,248.35,244.65,246.9,241330,172748
41646,246.4,248.35,245.95,246.95,248892,172774
41647,246,246.6,243.65,243.8,224818,165896
41648,244.55,244.95,242.3,243.75,220646,161694
41649,244.35,245.75,242.85,244.9,209304,163210
41652,244.95,249.2,243.7,247.45,238388,163202
41653,247,248.5,246.35,247.75,136700,163884
41654,246.9,248.05,245.1,245.55,187110,162156
41655,244.85,246.2,244.45,245.8,151570,161582
41656,245.1,246.4,244.8,246,134766,163154
41659,245.55,248.45,245.45,248.05,156730,161102
41660,248.1,248.25,247,247.45,82788,160260
41661,245.8,246,244.3,245.05,149298,162266
41662,245.2,245.55,243.25,244.45,109774,160562
41663,246.55,248.8,246.25,248.3,218606,162366
41666,249.8,251,248.35,249.65,218564,164742
41667,249,249.3,247.4,247.9,160106,157834
41668,247.65,248.75,245.95,247.6,122668,157864
41669,248.6,249.45,247.85,248,118090,155174
41677,247.5,249.05,247.35,248.75,40996,156912
41680,248.8,251.3,247.45,250.95,201978,166150
41681,251.3,253.5,251,252.75,172324,176090
41682,253.35,254,251.25,253.15,244170,180998
41683,253.7,254.45,253.1,253.6,173994,182528
41684,254.05,256.95,253.75,256.9,228502,193018
41687,258.4,262.65,258.05,261.25,301880,193524
41688,261.05,261.55,258.55,259.15,176322,191354
41689,258.5,260.45,258.15,259.4,191058,192466
41690,259.25,260.15,257.5,258.55,164348,193646
41691,258.05,260,257.7,259.6,180396,195792
41694,260.1,261.65,259.15,261.5,202066,198260
41695,262.45,263.55,261.55,262.9,250782,198432
41696,263.05,265.9,262.8,265.05,279014,204702
41697,263.15,263.65,260.95,261.9,307470,200076
41698,262.35,263.5,262,262.65,202782,203574
41701,263,266.05,261,265.6,267184,203564
41702,265.9,267.55,263.65,264,271108,213904
41703,263.3,264.15,262.75,263.25,204210,214784
41704,263.4,264.55,262.5,262.85,207312,221826
41705,262.8,266.05,262.7,265.65,247470,212756
41708,265.35,266.6,259.35,261.45,422072,228126
41709,262.55,264.4,262,263.55,196056,223802
41710,265.05,268.25,262.3,266.95,327720,230558
41711,268.5,271.1,267.95,269.8,281112,223622
41712,268.8,271.05,268.6,269.6,220022,225294
41715,272.25,273.45,270.4,272.75,310774,227678
41716,272.1,272.55,267.5,268.7,313658,231358
41717,266.35,268.7,266.35,267.8,221946,231480
41718,265.55,267.15,263.65,264.95,422286,216552
41719,263.5,266,263.5,265,231234,222736
41722,266.1,266.5,263.3,263.55,223148,231034
41723,261.6,262.5,260.4,261.15,270136,217782
41724,260.3,262.15,260.3,261.7,201414,217364
41725,261.3,261.3,259.05,259.7,248626,223212
41726,258.2,259.55,257.9,259.4,222518,219976
41729,258.45,260.3,257.6,258.75,255334,211928
41730,258.7,259.35,256.3,257.25,243626,209866
41731,257.4,257.8,256.4,257.7,164180,209694
41732,258.95,259.45,258.45,259.1,156222,204598
41733,258,258.3,257.1,258.25,137588,205080
41737,260.1,262.6,260.05,262.25,93622,195670
41738,262.85,263.2,261.95,262.35,142616,190368
41739,260.85,263.65,260.2,263.55,163462,187768
41740,263.45,264.35,263,263.15,169288,191188
41743,263.35,265.85,263.1,265.6,166960,193258
41744,264.95,266,262.2,262.25,207414,205224
41745,258.6,260.5,258.45,259.9,312418,209084
41746,260.55,260.8,258.95,259.05,161104,210664
41747,259.7,260.05,258,258.7,191532,220922
41750,258.45,259.2,255.65,256.95,141012,234606
41751,257.15,258.5,256.25,258.3,219762,230688
41752,257.9,258,255.9,257.45,212344,225262
41753,257.55,257.8,256.55,257.45,163766,224764
41754,255.3,265.7,255.05,259.45,361822,209588
41757,260.8,263.35,260.55,262.65,251746,208522
41758,262.65,262.75,260.45,260.45,205952,207762
41759,261.05,262.1,260.65,260.9,149416,202452
41764,263.1,264.15,263.1,264.05,70048,203964
41765,265.15,265.15,263.5,263.95,149046,200252
41766,263.25,263.95,262.7,263.35,120970,196884
41767,262.15,262.45,259.3,259.8,217774,203374
41768,259.25,260.1,258.8,259.7,166118,203376
41771,259.5,259.95,258.5,259.5,168600,200024
41772,261.85,262.4,260.2,260.25,146740,204284
41773,261.3,261.45,260.1,260.7,132140,203092
41774,263.1,263.1,261.35,261.8,169450,203252
41775,260.3,261.75,260.2,260.45,180884,201136
41778,259.8,261.45,259.6,261.2,144816,198214
41779,262.4,262.4,259.1,259.95,154842,201936
41780,259.6,261.25,259.25,260.4,152666,198450
41781,259.6,261.15,258.8,260.9,184046,200294
41782,261.9,261.9,260.4,260.9,125876,198576
41785,260.45,261,260.2,260.55,89712,196016
41786,260.6,260.75,258.9,259.1,102938,210532
41787,257.5,257.95,254.9,255.25,289844,222880
41788,255.65,255.65,252.3,252.4,227388,239018
41789,252.95,253.9,252.5,253.35,177016,233646
41793,251,251.5,249.5,251.35,75458,238194
41794,251.05,251.7,250.2,251.45,139180,239822
41795,251.55,251.85,250.7,251.2,121058,238824
41796,252.9,253.95,252.1,253.6,185326,221078
41799,253.6,253.75,251.8,252.9,177342,227956
41800,252.85,253.2,252.5,252.6,91278,232066
41801,253.6,254.3,253.35,254.2,95442,231804
41802,254.35,254.35,253.45,253.7,76740,230138
41803,254.45,256.3,254.15,255.75,177086,223506
41806,255.45,258.1,255.3,257.9,127066,212154
41807,257.55,257.55,254.45,254.65,152374,214038
41808,254.25,255.95,254.1,255,128970,212854
41809,255.65,258.1,255.05,257.85,144896,208956
41810,259,267,258.85,264.55,364438,215046
41813,264.65,266.3,264.1,265.8,194144,215454
41814,265.8,265.9,264.8,265.3,131262,219582
41815,266.2,266.6,263.4,264.5,180216,212376
41816,265.2,266.25,264.25,264.3,153810,200812
41817,264.3,265.65,263.45,265.15,160498,205600
41820,264.55,265.2,263.85,263.9,111942,199788
41821,263.85,269.1,263.6,265.65,151236,198130
41822,265.85,266.8,265.35,265.95,132094,198562
41823,266.1,267.1,264.7,265.2,140788,198068
41824,264.05,265.6,263.85,265.35,134706,200162
41827,265.5,265.55,262.55,262.95,106266,197090
41828,263.35,264.4,262.45,264.15,93420,191856
41829,264.65,265.45,262.95,265.25,161976,193790
41830,265.5,266.65,264.55,266.05,151428,201086
41831,268.25,269.35,268.05,268.4,137520,205424
41834,268.6,268.9,264.05,264.35,150494,196120
41835,263.15,263.15,261.25,262.45,151480,199174
41836,262.2,263.2,259.05,260.05,173598,197376
41837,260.5,262.35,260.15,261.55,122102,196522
41838,261.75,266.45,261.05,263.25,218054,199230
41841,262.4,263.3,261.5,263.3,129096,201234
41842,263.45,263.6,261.6,262.15,110804,202026
41843,263.1,263.3,261.35,261.95,117606,198538
41844,262.4,262.4,259.2,260.05,143860,203088
41845,260.25,260.45,257.8,258.55,180450,206498
41848,258.85,261.45,258.6,260.95,142602,200040
41849,260.85,261.45,260,261,86460,194270
41850,262,262.1,259.25,259.8,118716,199008
41851,259.75,259.8,258.1,259.05,126482,199448
41852,257.45,258,256.3,256.65,141940,204304
41855,257.45,259.55,257.4,258.95,132332,198460
41856,258.55,259.15,257.45,258.15,96544,199856
41857,257.65,258.8,256.55,257.95,124578,197220
41858,259.9,261,259.9,260.55,155684,194008
41859,260.25,263.55,259.85,262.9,221456,198476
41862,261.05,262.05,260.15,260.6,142942,190492
41863,260.8,261.15,260.45,261.05,87110,192114
41864,262.1,262.55,260.7,261.1,134460,191952
41865,261.6,262.05,260.8,261.65,132614,197326
41866,261.95,261.95,260.95,261.45,105426,197680
41869,258.25,261,257.5,258.95,242712,191492
41870,258.35,258.75,257.9,258.2,96976,193218
41871,258.15,258.4,257.1,257.8,122882,198164
41872,257.75,258.15,254.5,254.6,183060,210488
41873,253.95,255.4,253.65,255.15,144892,204300
41876,254.7,255.6,254.3,254.6,127678,204288
41877,254.85,257.3,254.4,257.05,119302,202222
41878,256.85,256.85,255.5,255.95,100774,202882
41879,256.05,256.7,255.1,256.3,107708,204256
41880,257.2,257.2,256.05,256.75,94284,202932
41883,256.15,256.85,255.65,256.15,85594,205500
41884,256,256.05,253.5,253.75,93992,214726
41885,252.35,252.7,251.4,252.3,129022,212768
41886,251.9,253.25,251.75,252.45,79100,210606
41887,252.15,254.15,251,251.4,164734,209138
41891,250.05,250.45,249.4,249.65,60158,213302
41892,249.35,249.9,247.75,249.55,135780,212164
41893,248.05,249,247.25,248.2,147078,211648
41894,247.35,247.9,244.9,246.3,199636,216152
41897,245.55,245.85,244.1,245.75,163190,216498
41898,245.8,247.1,245.4,246.5,121128,211736
41899,246.25,247.75,245.65,246.9,145086,209348
41900,246.8,247.35,243.85,244.35,141414,214838
41901,243.75,245.25,243.15,243.75,219284,208618
41904,244.4,244.4,239.4,241.35,283390,220192
41905,241.25,242.75,240.75,241.85,164150,216104
41906,243.6,244.15,242.45,243.65,150844,210024
41907,242.9,243.5,240.2,240.7,192520,216858
41908,241.05,245.6,240.3,244.25,229424,206178
41911,242.1,244,241.6,243,114382,200194
41912,243.4,243.9,242.7,242.9,71924,196216
41920,241.9,242.6,241.35,242.4,64882,197834
41921,242.55,244.4,240.25,244.05,225168,205536
41922,244.2,244.55,242.9,243.1,178486,209508
41925,242.95,246.25,242.55,245.2,178392,203980
41926,244.45,245.9,244,244.95,103994,206124
41927,245.2,245.5,243.2,243.3,149782,213428
41928,245.7,247.65,244.9,245.7,308224,212548
41929,245.35,246.5,245.15,245.9,173622,214884
41932,245.7,246.2,244.5,245.95,141056,213936
41933,246.7,247.45,246.2,247.15,129038,215410
41934,247.6,248.2,246.85,247.15,125430,213944
41935,245.6,246.85,245.6,246.15,118984,207174
41936,244.95,244.95,243.25,244.1,165266,214980
41939,243.85,244.25,243.4,243.5,98846,215274
41940,243.65,243.75,242.7,242.85,118280,216162
41941,243.55,244.5,243.05,243.35,117082,217358
41942,241.9,242.8,237.95,238.45,273360,240130
41943,238.1,238.7,232.95,234,400196,259274
41946,229.5,231.2,228.25,230.5,321692,256688
41947,230.4,230.85,229.65,230.4,168996,257772
41948,230.35,230.8,224.75,225.2,340500,282952
41949,223.75,226.6,223.75,225.65,319890,276766
41950,225.45,226.9,223.45,226.2,372562,275684
41953,226.7,234.35,226.3,231.85,563680,262290
41954,230.65,231.25,227.6,227.95,248236,265660
41955,228.65,232.05,228.4,231.55,309960,260750
41956,230.7,232,229.4,230.1,214564,265290
41957,230.65,231.55,227.3,228.6,326630,282086
41960,228.25,237.7,227,235.9,747952,256552
41961,235.9,236.8,234.9,235.9,270304,249874
41962,237.65,237.75,235.85,236.65,259766,248000
41963,236.75,238.05,232.6,234.2,501750,245052
41964,236.15,236.8,235,236.5,254422,245440
41967,237.3,239.7,236.2,238.3,380146,242290
41968,237.55,238.85,237.2,238.5,208060,242516
41969,238.35,239.2,236,238.25,319068,238670
41970,237.65,238.3,236.45,237.75,238692,243084
41971,237.3,237.7,235.15,236,182568,248892
41974,235.7,236.45,227.35,229.3,388598,258520
41975,233.4,242.9,233.4,240.3,544230,233910
41976,237.85,240.3,237.6,239.45,325662,216632
41977,239.8,242.25,239.55,240.6,262028,211766
41978,240.4,242.2,239.65,240.25,291814,206214
41981,239.95,241.2,237,238.1,329818,208026
41982,238.5,242.05,238.15,241.95,206738,212342
41983,242.9,249.7,242.9,248,568668,214412
41984,247.15,247.95,244.75,245.35,316684,203730
41985,245.15,247.1,243.8,244.75,247354,205264
41988,245.5,246.25,243.3,244.9,297008,202240
41989,242.95,244.35,239.55,240.6,286678,195286
41990,244.4,245,237.95,240.7,458648,194510
41991,240.65,242.4,238.95,241.7,284774,190568
41992,242.6,243.4,240.65,242.5,244466,193044
41995,242.1,242.7,241.8,242.15,126558,190430
41996,241.15,242.05,237.35,238.55,213388,192066
41997,238.45,239,237.4,238.5,183102,199338
41998,238.1,238.4,237.4,238.05,85766,201770
41999,238.3,240,237.7,239.5,79506,201306
42002,241.6,242.1,240.4,241.6,144686,193970
42003,241.1,241.65,238.8,240,162052,192462
42004,239.25,244.8,239.25,241.65,233222,194812
42009,240,242.5,240,242.15,61946,199692
42010,240.95,245,240.35,244.45,237692,214656
42011,244.7,247.3,243.8,245.25,237858,214710
42012,245.2,246.2,244.3,244.5,177132,217208
42013,245,246.15,244.55,245.15,148478,217988
42016,244.7,248.7,243.95,247.75,271870,229876
42017,246.35,250,246.05,249,197180,233940
42018,249.5,250.5,246.3,247.9,249656,229624
42019,248,250.1,246.35,246.75,288196,227508
42020,251.85,253.75,251,253.65,404240,237586
42023,253.8,259,253.5,257.85,381362,239424
42024,258,258.3,256.85,257.65,139188,238742
42025,260.55,263,259.15,262.2,297182,241538
42026,262.15,263.2,258.1,259.05,352316,239642
42027,259.6,262.85,259,261.4,386286,247238
42030,261.6,262.55,259.3,261.65,239712,248864
42031,259.95,260.65,258.35,259.95,225906,250738
42032,259.75,261.95,259.1,260.85,220238,252112
42033,261.2,261.75,258.65,259.35,205160,247914
42034,256.6,257.75,252.8,255.05,337312,228246
42037,255.8,260,254.65,259.15,292416,232686
42038,258,259.65,256.8,259.45,214378,230376
42039,258.05,258.25,254.95,256.4,290936,236614
42040,257,258.35,255.35,257.55,233426,234370
42041,256.15,256.9,255.05,256.75,179112,235802
42044,256.3,260.25,249.75,251.45,424128,237416
42045,251.55,252.45,250.7,252.1,141576,233766
42046,251.25,251.5,250.05,250.85,164026,234476
42047,250.8,250.9,247.45,247.95,206734,235674
42048,248.3,249.7,247.65,249.55,179902,227090
42051,248.65,250.8,248.55,250.4,145064,225738
42052,250.2,250.8,248.9,249.1,71642,223376
42060,245.7,246.65,245.7,246.4,39878,224774
42061,245.95,246.85,244.2,246.55,129466,230776
42062,247.6,248.2,245.8,246.75,141414,238864
42065,246.45,249.85,246.45,249.4,208106,243888
42066,248.55,249.15,243.95,247.2,240444,240594
42067,247.45,248.45,245.9,246.85,201712,228038
42068,246.5,247,245.15,245.8,164240,220176
42069,245.6,247.05,244.55,245.15,150524,215848
42072,244.85,245,238.4,240.1,335420,224430
42073,239.85,240.45,237.3,237.7,158858,225046
42074,238.95,239.6,237.4,238.45,180034,235382
42075,237.65,239,235.25,238.65,257902,231610
42076,237.1,238.1,235.95,237.45,149502,233030
42079,237.7,238.55,236.25,238.25,156644,235856
42080,236.75,237.45,235.9,236.5,158044,241778
42081,235.45,242.1,226,233.9,341720,237374
42082,233.7,239.75,233.7,238,232460,235310
42083,236,238.35,236,237.65,180908,234406
42086,237.2,241.35,237.2,240.4,235318,233640
42087,240.5,242.1,240.1,241.35,177572,231484
42088,242,242.75,240.75,241.4,266518,231564
42089,243.2,244.2,242.35,244.15,178210,232936
42090,244.05,244.5,243,243.45,166724,225776
42093,243,243.35,240.5,240.6,206466,221056
42094,239.55,240.1,238.1,238.1,180798,219532
42095,239.45,239.9,238,238.65,171036,222528
42096,240.15,243.3,239.8,243.25,254434,228368
42097,242.6,242.9,240.55,242.1,180932,219390
42101,243.6,244.5,243.6,244.3,54070,220888
42102,243.9,244.55,243.05,244.2,130558,224336
42103,243.55,244.05,240.15,240.9,193378,222094
42104,241.1,241.6,239.95,240.6,140928,221266
42107,242.7,244,242.4,243.15,177980,214864
42108,243.2,243.5,239.6,240.55,183446,223488
42109,239.6,242.85,239.45,240.55,172262,219994
42110,240.55,243,240.25,242.25,175210,216582
42111,242.4,242.7,240.4,241.3,174740,220174
42114,241.75,243.4,241.45,243.25,154090,219424
42115,240.95,241.65,239.95,240.4,178608,222798
42116,241.55,242.25,240.55,241.75,149622,214392
42117,240.95,241,237.45,237.9,296122,228086
42118,238.1,239.95,237.8,239.5,171964,220048
42121,238.25,238.7,236.2,237.3,236294,230562
42122,238.35,243.55,238.1,241.8,315276,205738
42123,242.6,244.65,241.9,243.5,226356,203294
42124,243.35,244.3,241.65,242.45,215536,203072
42128,237.2,239.15,237.2,238.95,90288,204384
42129,239.05,241.2,239.05,239.85,141182,202554
42130,242.15,242.35,240.75,241.4,154322,205184
42131,241.55,241.8,238.65,238.7,151760,204004
42132,238.55,239.9,238.05,239.5,122268,202842
42135,240.25,240.9,239.1,239.7,130428,202600
42136,240.2,240.7,238.1,239.15,126992,204266
42137,241.65,241.8,239.95,241.3,132930,197318
42138,243.15,245.85,242.9,245.85,274342,205482
42139,246.15,247.3,245.25,246.15,225872,199158
42142,245.35,248.95,245.1,248.1,199912,204012
42143,247.95,248.4,246.15,246.7,157756,194300
42144,245.1,245.6,242.6,243.3,204074,176474
42145,244.15,245.05,243.7,244.2,115758,175022
42146,242.8,244.05,242.45,243.8,111706,174402
42149,243.3,243.8,242.35,243.55,117132,171412
42150,243.4,244.6,241.55,241.85,120744,174354
42151,239.8,241.05,239.7,240.65,166714,183962
42152,240.05,240.95,240.05,240.6,111756,181392
42153,240.4,241.1,238.7,240.4,135538,179398
42156,241.1,241.65,240.2,240.25,108250,181466
42157,240.4,243.6,240,240.55,185852,184528
42158,240.85,241.8,240.75,240.9,120036,184270
42159,240.65,241.2,238.25,239,143066,189612
42160,238.55,238.7,237.15,238.2,155442,196002
42163,236.15,238.5,235.35,237.5,171950,198646
42164,237.2,238.5,237,238.45,89708,196858
42165,238.8,239.6,238.1,239.45,96770,193100
42166,240.85,241.55,239.7,239.95,90384,187750
42167,239.55,239.8,238.6,239.35,91564,189172
42170,238.65,239.65,238.35,239.55,81440,189494
42171,238.85,241.1,238.65,240.55,116714,185760
42172,239.9,240,238.3,238.65,112312,185860
42173,238.65,240.8,237.85,240.3,130614,180186
42174,242.95,243.5,242.1,242.55,135178,175416
42178,240.15,240.35,239.6,239.85,36096,174512
42179,238.2,238.85,238,238.6,86986,176470
42180,238,238.5,237.35,238.25,95056,179514
42181,237.7,238.05,237.1,237.35,70628,183312
42184,237.15,240.45,236.5,239.25,102738,178500
42185,239.5,239.5,237.7,238.05,109110,177328
42186,237.1,238.75,236.25,237.7,131184,179848
42187,237.05,237.55,235.65,235.9,130232,192068
42188,236.2,237,235.6,236.7,112836,191966
42191,236.9,237.5,236.2,236.35,80810,191332
42192,236.2,238.15,235.65,236.9,90006,188572
42193,235.45,235.45,226.1,231.7,492122,207392
42194,232.7,244.2,232.3,235.4,242430,184496
42195,235.9,236.5,234.2,235.2,113300,183268
42198,235.2,236.15,234.65,235.15,90684,182408
42199,233.75,234.65,233,233.3,134268,189556
42200,233.8,234.7,233.3,233.5,81176,188650
42201,232.8,232.8,230.65,231.5,173470,199278
42202,230.25,231.75,230.25,231.3,98210,195748
42205,230,230.1,220.15,225.65,386194,209522
42206,224.6,225,222.3,223.05,265052,218938
42207,222.7,224.2,219.55,220.65,284678,236724
42208,219.9,222.25,219.25,221.1,278796,224980
42209,221,221.8,216.8,219.3,304440,236056
42212,219,223.7,218.1,223.7,319980,217072
42213,221.5,223.35,220.7,221.75,209058,219984
42214,221.3,222.4,221.2,221.85,143826,212966
42215,221.4,223.1,218.15,219.05,320986,239016
42216,219.45,221.35,218.05,218.15,290974,241276
42219,219.95,222.95,219.65,221.6,273244,225440
42220,219.95,222.95,217.7,219.3,210456,238912
42221,220.05,220.45,218.55,219.15,144084,244456
42222,219.55,219.8,218.15,218.7,176064,251876
42223,218.7,221.5,218.45,221.2,219416,231336
42226,218.8,222,218.6,221.55,251878,223550
42227,220.95,227.3,220.95,226.3,467204,221634
42228,227.9,235.6,227.5,235.5,507560,242554
42229,235.35,236.65,233,234.3,419200,226818
42230,233.15,233.9,231.2,232.9,229732,225884
42233,233,233.7,230.05,232.9,232064,221832
42234,233.1,233.45,232.1,232.5,166498,223544
42235,232.15,233.8,230.4,233.6,237852,231170
42236,233.4,237.95,233.05,237,327788,239076
42237,237.2,243.6,237.2,240.85,456180,253448
42240,240.35,242.55,238.9,240.05,597260,264596
42241,240.45,244.25,238.15,239.55,670692,264298
42242,240.15,240.5,235.85,236.85,523070,250788
42243,234.95,235.4,232.6,234.8,369574,245126
42244,233.7,235.95,233.1,235.35,394740,245060
42247,234.8,237.3,233.8,235.65,347000,244264
42248,234.15,237.2,233.5,236.85,244410,241444
42249,236.75,238.8,235.1,236.7,251172,242710
42254,232.35,233.4,231.7,232.85,81926,240508
42255,232.6,232.75,231.5,232.35,133830,241960
42256,232.8,233.95,232.6,233,209164,240730
42257,232.2,232.2,228.65,229.9,284022,242064
42258,230.55,230.8,229.15,229.7,242398,240374
42261,229.2,229.75,227.7,229.35,233776,236364
42262,228.9,230.25,228.4,229.4,148690,236090
42263,229.15,229.65,228.75,229.4,117474,236518
42264,231.15,233.25,230.6,232.05,253562,240208
42265,231.3,234.65,231.15,233.4,241016,232740
42268,235.65,236,234.65,235.8,180578,237272
42269,234.8,235.05,234.25,234.55,87300,234512
42270,233.05,233.7,232.35,233.7,118006,236408
42271,234.2,235.8,234.05,235.6,127992,237948
42272,236.05,239.45,235.95,237.3,297822,248662
42275,237.15,237.35,234.75,234.85,70292,248398
42276,233.15,234.6,231.85,232.35,147196,232310
42277,232.85,233.25,230.8,231.1,115234,224880
42285,235.5,235.9,234.75,235,65476,220434
42286,234.2,236.6,234,235.2,144332,217254
42289,237.2,238.75,235.85,238.45,208146,226088
42290,238.5,238.55,235.6,236.65,184614,215134
42291,237.55,240.75,237.1,240.55,237338,232764
42292,240.4,243,240.1,241.85,242558,235564
42293,241.2,243.25,240.4,241.15,287766,228682
42296,242.1,242.6,239.8,240.4,224224,225988
42297,241,241.4,238.95,240.2,193750,222566
42298,240.35,241.8,239.8,240.45,221594,229898
42299,240.85,241.05,238.6,239.7,203026,228856
42300,239.05,241.25,238.7,241.2,204992,228988
42304,239.3,240.15,238.8,239.5,148066,225340
42305,238.95,241.5,238.8,241.2,189826,231480
42306,241.8,243.55,238,238.6,331746,225684
42307,237.45,237.95,235.3,235.55,225636,229404
42310,234.25,234.8,233,234.45,171576,221294
42311,233.95,234.15,233.05,233.55,115348,221524
42312,232.65,232.8,229.35,230.3,182578,225678
42313,229.7,230.75,228.3,228.45,204286,228494
42314,228.3,229.25,227.95,228.95,149620,229114
42317,228.85,229.2,224.4,225.8,264772,233560
42318,225.8,226.3,224.9,225.95,147536,231886
42319,225.8,226.45,224.4,226.15,188300,232036
42321,224.5,225.55,222.7,224.5,275788,225442
42324,224.45,226.5,224,224.5,66662,226868
