39037,13589,13654,13585,13640,7152,36624
39038,13566,13602,13534,13601,7536,36402
39041,13591,13644,13577,13603,5298,36940
39042,13600,13626,13575,13580,5916,37600
39043,13614,13766,13583,13763,15146,40710
39044,13781,14064,13774,14018,49730,60010
39045,14018,14120,13960,14079,35416,67996
39048,14112,14177,14029,14137,30982,74486
39049,14163,14187,14069,14101,27794,74112
39050,14099,14114,13960,13977,23304,70902
39051,13953,14056,13942,14017,24888,72098
39052,14088,14136,14000,14058,18530,72688
39055,14038,14132,13996,14122,21252,74778
39056,14084,14158,14063,14147,22022,76204
39057,14140,14244,14096,14105,30574,77820
39058,14071,14085,14003,14032,18106,73828
39059,14010,14067,14007,14030,9652,73658
39062,14001,14036,13952,14006,10694,73640
39063,14132,14152,14102,14135,22128,76590
39064,14142,14228,14034,14052,17162,75570
39065,14050,14138,14037,14130,16066,76646
39066,14204,14259,14163,14213,33816,82760
39069,14191,14205,14160,14205,10544,82552
39070,14194,14245,14174,14188,17114,83606
39071,14192,14222,14174,14196,10018,83266
39072,14147,14161,14100,14156,16350,80918
39073,14214,14282,14183,14246,30694,86150
39076,14278,14278,14226,14239,18806,85850
39077,14261,14261,14199,14205,17594,85740
39078,14282,14282,14176,14185,25922,85554
39079,14167,14176,14129,14159,13680,82740
39080,14215,14230,14159,14227,12600,82888
39086,14099,14135,14022,14094,16676,76422
39087,14074,14123,14064,14120,8472,75880
39090,14105,14138,14105,14124,6234,75814
39091,14136,14136,14085,14096,5618,75858
39092,14076,14098,14054,14089,4500,75874
39093,14083,14092,14065,14073,4442,75608
39094,14087,14087,13824,13844,27272,75174
39097,13993,13993,13876,13892,13454,73650
39098,13897,13897,13827,13851,5806,73214
39099,13852,13912,13851,13890,5012,63410
39100,13979,13988,13926,13934,3048,63056
39101,13895,13895,13806,13828,8056,63136
39104,13820,13820,13781,13805,5596,62396
39105,13774,13857,13774,13837,4776,61466
39106,13871,13891,13855,13866,3316,61110
39107,13840,13872,13839,13872,1536,60816
39108,13865,13915,13849,13893,3722,60186
39111,13881,13935,13868,13915,3212,60116
39112,13873,13879,13843,13870,2622,59814
39113,13871,13916,13855,13914,3662,58996
39114,13937,13951,13924,13942,3334,59292
39115,13955,13955,13898,13946,2536,59446
39118,13984,13984,13926,13946,3036,59560
39119,13965,13978,13944,13961,3454,59986
39120,13893,13928,13889,13923,3302,59376
39121,13872,13899,13872,13892,2794,59102
39122,13895,13920,13879,13888,2732,59312
39125,13908,13910,13880,13880,2156,58944
39126,13876,13889,13836,13844,3528,59274
39127,13864,13868,13846,13864,2900,59116
39128,13805,13847,13790,13832,3226,59086
39129,13888,13909,13871,13908,4614,59392
39139,13940,13956,13913,13933,6856,59534
39140,13938,13941,13876,13883,4976,60494
39141,13833,13861,13737,13794,9768,61148
39142,13789,13831,13728,13748,8220,62118
39143,13745,13850,13725,13844,8626,61954
39146,13834,13850,13813,13817,5292,63306
39147,13776,13861,13776,13854,6028,64094
39148,13860,13917,13838,13909,8108,65826
39149,13936,13962,13928,13940,8142,67140
39150,13944,13944,13897,13925,5526,68342
39153,13929,13951,13912,13932,7426,69758
39154,13937,13937,13873,13894,8912,70696
39155,13831,13862,13819,13845,6230,65306
39156,13874,13900,13869,13877,4094,64758
39157,13853,13867,13817,13824,6526,64630
39160,13848,13850,13712,13758,11442,64920
39161,13768,13786,13748,13751,6864,64572
39162,13749,13759,13706,13718,9360,65580
39163,13735,13736,13675,13694,7144,65632
39164,13691,13732,13691,13728,5646,65412
39167,13725,13725,13599,13625,10444,65224
39168,13626,13630,13535,13564,11452,65812
39169,13581,13652,13520,13640,14866,67580
39170,13654,13698,13653,13687,11162,67504
39171,13695,13716,13659,13694,8474,68142
39174,13578,13666,13577,13658,10670,67478
39175,13657,13763,13634,13746,15508,69574
39176,13732,13781,13732,13764,12668,70482
39177,13787,13821,13761,13764,12882,72556
39178,13757,13757,13675,13688,13532,72788
39181,13727,13732,13640,13692,12554,73612
39182,13622,13686,13572,13683,14188,72902
39183,13640,13714,13621,13695,10708,73592
39184,13717,13718,13621,13627,10542,73194
39185,13610,13620,13559,13598,10044,71106
39188,13620,13624,13471,13479,15514,71772
39189,13442,13479,13404,13423,10934,70930
39190,13377,13417,13317,13333,15040,69080
39191,13375,13411,13341,13389,9926,68618
39192,13334,13466,13296,13430,14440,68646
39195,13445,13513,13426,13443,13732,68058
39196,13406,13428,13375,13408,8810,65896
39197,13364,13447,13355,13423,8470,65548
39198,13441,13460,13378,13413,7994,65282
39199,13344,13392,13333,13388,8272,64454
39202,13315,13393,13315,13359,7094,63792
39210,13329,13351,13187,13191,14652,63332
39211,13204,13251,13146,13241,9910,63100
39212,13246,13277,13213,13223,9086,62258
39213,13240,13242,13180,13199,8808,62192
39216,13111,13186,13111,13176,8576,61504
39217,13119,13137,13022,13034,15038,60464
39218,13072,13136,13071,13133,8778,59300
39219,13239,13294,13216,13294,12146,59314
39220,13315,13325,13223,13237,8054,59570
39223,13236,13419,13236,13408,16192,52846
39224,13508,13702,13508,13612,22328,52620
39225,13574,13609,13545,13557,8868,53416
39226,13490,13492,13425,13441,11858,53154
39227,13524,13554,13492,13498,12226,52974
39230,13592,13660,13575,13626,13606,55134
39231,13602,13733,13570,13701,15978,54648
39232,13630,13718,13585,13704,13554,54642
39233,13762,13762,13681,13689,10136,54564
39234,13732,13753,13698,13708,8774,54350
39237,13664,13747,13664,13686,10326,53852
39238,13643,13666,13621,13653,8182,53008
39239,13801,13801,13752,13761,11718,53744
39240,13766,13816,13754,13804,12196,53908
39241,13833,13980,13806,13960,22444,59980
39244,13946,14025,13928,14002,15768,62704
39245,14001,14083,14001,14048,14376,63380
39246,14010,14078,13999,13999,13486,63582
39247,14079,14121,14051,14071,12752,62756
39248,14161,14198,14145,14148,14040,63042
39251,14203,14283,14203,14273,13638,63510
39252,14255,14331,14226,14309,13014,63872
39253,14295,14310,14212,14224,12724,62952
39254,14381,14413,14332,14368,14694,64506
39255,14373,14390,14292,14308,11004,65284
39258,14277,14290,14124,14127,22804,63358
39259,14138,14198,14091,14193,13686,62996
39260,14239,14272,14208,14262,13350,63228
39261,14279,14308,14188,14199,13722,60802
39262,14169,14215,14167,14170,8596,58568
39265,14296,14296,14227,14254,15062,59224
39266,14200,14321,14200,14311,16738,57308
39267,14341,14368,14300,14340,11670,53480
39268,14390,14404,14349,14402,10418,52334
39269,14423,14786,14419,14686,42490,56522
39272,14701,14922,14690,14877,40406,59978
39273,15011,15058,14776,14829,37644,60540
39274,14892,14946,14790,14903,29840,61736
39275,14889,14975,14822,14933,21508,61548
39276,14986,15000,14912,14958,14716,55580
39279,15089,15341,15089,15244,40784,60530
39280,15175,15226,15141,15145,23198,58844
39281,14990,15024,14854,14863,31538,57562
39282,14906,14977,14844,14942,26978,57208
39283,14789,14902,14740,14883,29208,56718
39286,14777,14991,14777,14991,25306,61496
39287,14996,15071,14922,14951,23160,61470
39288,15032,15055,14937,14971,16936,60538
39289,14992,15012,14945,14984,16722,60996
39290,14900,14908,14783,14784,28730,56998
39293,14834,14870,14797,14810,14562,57316
39294,14878,14907,14846,14856,14712,57850
39295,14892,14933,14705,14736,24618,55896
39296,14710,14749,14639,14714,21514,56516
39297,14759,14942,14726,14929,29858,61568
39300,14911,15106,14891,15072,35842,67200
39301,15015,15046,14887,14909,23766,64552
39302,14810,14868,14735,14868,24340,62886
39303,14885,14959,14822,14826,18790,60986
39304,14740,14870,14731,14857,16492,60266
39307,14813,14853,14713,14814,23888,61692
39308,14809,14899,14775,14843,22394,62946
39309,14774,14837,14747,14787,18368,62014
39310,14757,14777,14693,14755,14686,61388
39311,14517,14578,14441,14447,31892,53546
39314,14526,14569,14481,14529,19338,53408
39315,14596,14662,14540,14544,15230,54344
39316,14524,14533,14452,14506,16820,53636
39317,14525,14535,14464,14489,10528,53250
39318,14538,14538,14360,14373,21124,52536
39321,14346,14360,14231,14316,26636,54926
39322,14250,14336,14226,14256,23406,54298
39323,14300,14341,14257,14267,11298,55148
39324,14278,14357,14244,14337,22200,57500
39325,14455,14508,14417,14494,25276,62488
39328,14574,14606,14484,14488,20310,64654
39329,14497,14497,14347,14351,27892,65140
39330,14399,14399,14306,14319,19448,64234
39331,14288,14288,14145,14165,34522,64728
39332,14169,14269,14161,14265,21436,65596
39335,14242,14243,14088,14102,26268,65406
39336,14144,14581,14111,14559,76810,78252
39337,14610,14687,14448,14559,96314,81948
39338,14670,14673,14542,14642,60936,91580
39339,14674,14813,14562,14678,110226,98648
39342,14783,14822,14706,14718,69166,101948
39343,14770,14996,14746,14924,141524,121330
39344,14995,15001,14739,14776,84938,119708
39345,14672,14720,14504,14513,74002,113084
39346,14591,14645,14491,14596,61848,112792
39349,14702,14886,14626,14882,103004,126634
39350,14825,14899,14761,14763,75904,125930
39351,14758,14801,14710,14790,40442,126152
39352,14757,14796,14660,14667,43216,115462
39353,14711,14772,14692,14731,34916,113340
39363,14585,14972,14585,14938,64876,115946
39364,14927,15070,14845,15050,79358,128542
39365,15092,15360,15073,15165,146672,144296
39366,15216,15271,15114,15196,69976,144398
39367,15164,15356,15147,15296,99950,154098
39370,15338,15455,15334,15428,76674,160552
39371,15388,15421,15283,15354,67098,158388
39372,15371,15493,15309,15314,85756,163534
39373,15329,15369,15219,15319,56798,160118
39374,15436,15472,15369,15387,61112,163146
39377,15369,15543,15316,15425,121974,171230
39378,15432,15474,15040,15176,113922,158606
39379,15203,15230,15080,15128,53012,153774
39380,15023,15064,14916,14933,78792,133442
39381,15011,15118,14991,15110,40410,130814
39384,15144,15270,15120,15240,52710,132028
39385,15248,15248,15056,15081,38130,129028
39386,15003,15171,14983,15149,40232,128336
39387,15196,15215,15078,15089,29598,128994
39388,15032,15113,14995,15036,29848,126412
39391,15091,15137,15001,15011,35012,127248
39392,15014,15071,14964,15040,47350,123722
39393,15135,15300,15093,15296,100378,139294
39394,15218,15262,15150,15173,62640,138552
39395,15173,15177,15069,15102,36990,134548
39398,15109,15109,15023,15053,30030,131442
39399,14913,14927,14774,14801,66124,114244
39400,14792,14863,14792,14834,20354,110356
39401,14830,14848,14703,14759,37908,106422
39402,14665,14739,14605,14739,33388,100614
39405,14706,14879,14687,14799,33932,101156
39406,14729,14765,14640,14761,30880,96378
39407,14785,14842,14745,14759,22402,94758
39408,14699,14813,14687,14778,22584,95268
39409,14776,14836,14705,14798,32578,94056
39412,14844,14923,14806,14880,39630,98336
39413,14746,14799,14708,14720,27732,95218
39414,14666,14742,14666,14688,16198,94332
39415,14849,14849,14756,14769,22700,93846
39416,14708,14736,14639,14681,25024,91230
39419,14566,14612,14547,14591,17410,91524
39420,14619,14623,14554,14583,11550,90928
39421,14619,14619,14525,14549,21000,91120
39422,14520,14570,14501,14541,11750,89306
39423,14580,14629,14553,14626,22538,91872
39426,14672,14681,14593,14621,17406,92000
39427,14630,14662,14601,14627,11118,91940
39428,14589,14599,14544,14558,11344,90400
39429,14671,14671,14600,14605,15226,90440
39430,14598,14607,14553,14603,8250,90040
39433,14663,14823,14624,14799,47342,97578
39434,14778,14841,14741,14750,23590,94344
39435,14755,14815,14716,14811,17464,96266
39436,14832,14846,14794,14796,21994,95636
39437,14782,14823,14743,14798,15630,94734
39440,14850,14912,14818,14827,34422,97658
39441,14828,14841,14779,14799,10728,97140
39442,14785,14855,14785,14818,15558,97770
39443,14872,14883,14765,14766,22890,95206
39444,14818,14853,14709,14787,24426,95612
39449,14789,14844,14751,14821,19040,98124
39450,14882,15018,14844,14970,73984,112142
39451,14956,15027,14921,14994,35398,116522
39454,14956,15094,14956,15059,37410,122232
39455,15071,15086,14984,14997,26748,121652
39456,15057,15062,14991,15036,17288,123458
39457,14978,14999,14897,14910,25284,120704
39458,14822,14867,14754,14781,30406,115476
39461,14956,14983,14911,14961,34778,111490
39462,14990,15027,14895,14924,32286,107860
39463,15008,15018,14838,14912,26648,103680
39464,14895,14975,14864,14970,18632,104032
39465,14958,14999,14871,14900,19878,101310
39468,14861,14895,14848,14872,10424,101222
39469,14793,14793,14652,14685,31274,95390
39470,14724,14848,14724,14848,15992,95526
39471,14692,14773,14666,14758,16698,95008
39472,14831,14843,14762,14778,9772,95256
39475,14735,14821,14726,14775,10510,96778
39476,14819,14819,14786,14799,5440,96998
39477,14803,14806,14736,14754,7276,97220
39478,14743,14785,14729,14761,7344,98346
39479,14757,14782,14738,14766,8766,97806
39482,14806,14861,14769,14845,16646,99596
39483,14874,14902,14834,14900,15746,100588
39491,14824,14850,14790,14819,15152,99782
39492,14830,15000,14814,14979,45652,105220
39493,15065,15100,14996,15011,33812,106406
39496,14983,15131,14983,15111,50888,115804
39497,15132,15132,15038,15088,31612,115906
39498,15124,15261,15104,15165,87106,130934
39499,15222,15244,15174,15198,38706,133442
39500,15285,15396,15285,15340,80126,152332
39503,15386,15441,15285,15310,52556,155298
39504,15471,15497,15164,15252,56610,146436
39505,15337,15381,15282,15321,41222,149862
39506,15314,15330,15227,15282,26302,147706
39507,15329,15397,15289,15383,47168,155566
39510,15486,15836,15430,15835,90170,170268
39511,16258,16382,15802,16377,182568,149756
39512,16348,16628,16004,16128,355556,165274
39513,16235,16302,15982,16024,142074,174308
39514,15722,16302,15644,15648,107802,171852
39517,15432,15632,15422,15551,109896,167344
39518,15542,15737,15538,15727,73818,167240
39519,15753,15899,15464,15543,91342,158972
39520,15692,15697,15509,15593,41854,157804
39521,15562,15593,15455,15537,38844,155534
39524,15400,15531,15336,15351,52830,138576
39525,15104,15106,14944,14947,57684,120784
39526,15025,15091,14977,15011,26804,115548
39527,14701,14846,14654,14838,44708,108162
39528,14743,14964,14743,14948,29480,108248
39531,15196,15209,14932,14933,19168,108150
39532,15079,15079,14961,15003,22008,109424
39533,15046,15055,14965,14970,15850,109528
39534,14933,14949,14820,14823,20800,109126
39535,14784,14864,14769,14826,14480,108626
39538,14665,15020,14665,15013,27470,111180
39539,14812,14812,14555,14629,50998,105362
39540,14750,14777,14686,14724,17668,103770
39541,14751,14751,14652,14662,12738,103998
39545,14666,14694,14580,14689,18956,103804
39546,14730,14747,14616,14636,13122,104006
39547,14610,14683,14592,14630,12214,103782
39548,14724,14725,14641,14667,11260,103838
39549,14668,14668,14532,14609,21744,104562
39552,14589,14686,14549,14668,17498,105072
39553,14698,14778,14684,14763,29176,105870
39554,14801,14852,14760,14831,28916,109806
39555,14740,14769,14683,14688,17090,107722
39556,14643,14660,14604,14623,14542,107218
39559,14582,14633,14444,14453,31096,105264
39560,14400,14427,14328,14339,20362,103662
39561,14400,14422,14364,14390,14702,102620
39562,14359,14561,14359,14513,24506,101568
39563,14394,14420,14351,14378,16410,100636
39566,14390,14442,14381,14430,12568,100852
39567,14423,14494,14361,14399,10318,100848
39568,14278,14375,14278,14369,10584,100850
39573,14369,14416,14351,14374,11550,101570
39574,14343,14397,14328,14392,14204,104710
39575,14431,14478,14411,14426,20292,108164
39576,14408,14458,14395,14407,7926,107990
39577,14436,14455,14343,14367,10956,107620
39580,14404,14437,14388,14428,15742,109024
39581,14450,14457,14386,14414,10632,108420
39582,14387,14387,14310,14316,15344,107852
39583,14288,14288,14257,14259,11748,105554
39584,14286,14334,14273,14313,9898,88800
39587,14474,14679,14474,14626,9764,88602
39588,14481,14635,14450,14575,9988,87780
39589,14769,14776,14536,14584,7064,85800
39590,14289,15064,14277,14945,26884,91112
39591,15186,15186,14935,14956,39706,94414
39594,15002,15048,14833,14991,20362,95344
39595,15252,15252,14874,14992,10788,94964
39596,14428,14439,14369,14405,23736,94928
39597,14343,14496,14328,14431,15408,95860
39598,14428,14430,14383,14397,15130,92920
39601,14388,14455,14293,14294,18052,93216
39602,14319,14401,14270,14335,19106,92804
39603,14276,14350,14276,14321,11344,91706
39604,14364,14400,14317,14348,10476,90510
39605,14414,14416,14349,14373,12470,89632
39609,14442,14442,14364,14388,10282,89016
39610,14410,14416,14226,14269,18412,89162
39611,14418,14465,14355,14359,23046,90232
39612,14362,14380,14310,14374,9140,90374
39615,14400,14545,14398,14532,29428,91798
39616,14592,14659,14551,14583,32070,94050
39617,14560,14708,14522,14693,33982,95838
39618,14688,14734,14639,14659,21348,96266
39619,14582,14598,14497,14500,18144,91442
39622,14527,14573,14461,14466,15200,88872
39623,14499,14499,14386,14422,17238,87314
39624,14487,14586,14483,14582,23784,90908
39625,14598,14622,14555,14579,22278,94262
39626,14645,14647,14525,14534,14532,93286
39629,14503,14529,14377,14382,22740,88638
39630,14342,14348,14227,14229,25456,84326
39631,14228,14255,14165,14240,18476,82522
39632,14239,14290,14228,14282,14414,80154
39633,14296,14312,14219,14230,15330,78152
39636,14205,14251,14166,14215,12086,77574
39637,14167,14169,14053,14059,21398,75674
39638,14074,14130,14001,14127,14826,75898
39639,14143,14183,14133,14147,12880,75426
39640,14173,14206,14130,14157,15282,73562
39643,14750,14780,14097,14322,34956,77002
39644,14583,14597,14532,14569,21412,56286
39645,14603,14717,14588,14642,37712,56824
39646,14664,14664,14550,14554,18224,55694
39647,14508,14518,14435,14478,17670,54428
39650,14685,14700,14287,14296,24484,53828
39651,14276,14327,14233,14260,12834,52292
39652,14241,14248,14036,14053,21044,51194
39653,14127,14199,14127,14170,13820,48594
39654,14191,14205,14114,14147,11652,48656
39657,14415,14423,14095,14183,14448,47878
39658,14330,14374,14054,14114,14762,46698
39659,14153,14233,14140,14210,21764,46510
39660,14188,14221,14096,14214,17958,44824
39661,14212,14338,14204,14268,32424,44310
39664,14121,14135,13996,14020,30992,42672
39665,13882,13910,13847,13874,22894,39656
39666,13863,13975,13860,13964,10922,38946
39667,13960,13984,13922,13979,8630,37596
39668,14020,14035,13967,13973,9130,37144
39671,13888,13894,13744,13832,11228,37240
39672,13834,13889,13821,13855,9664,37056
39673,13892,13997,13854,13991,16244,37330
39674,14062,14071,13920,13946,12692,36360
39675,13849,13874,13760,13763,14042,35412
39678,13747,13900,13730,13882,15172,35220
39679,13848,13968,13808,13917,17834,35318
39680,13933,13955,13844,13850,11656,35412
39681,13889,13918,13809,13837,10690,35178
39682,13899,13970,13838,13842,11272,34678
39685,13880,13900,13750,13836,5260,34794
39686,13803,13829,13647,13650,15264,36890
39687,13719,13727,13629,13646,9860,36654
39688,13691,13693,13605,13620,11002,36454
39689,13588,13639,13568,13630,9372,37156
39692,13627,13692,13586,13663,15962,37460
39693,13592,13644,13535,13551,13224,38034
39694,13577,13634,13540,13626,14572,37932
39695,13606,13742,13600,13713,29592,39998
39696,13626,13676,13625,13628,11922,37802
39699,13595,13614,13494,13520,19298,38730
39700,13492,13498,13368,13375,13272,38108
39701,13355,13369,13270,13297,16854,37862
39702,13283,13334,13253,13277,10486,38016
39703,13279,13338,13275,13293,8890,39268
39707,13142,13164,12850,12871,21990,37084
39708,12888,12924,12824,12870,14820,37242
39709,12945,12945,12757,12801,14040,37780
39710,12847,12960,12807,12959,14370,35982
39713,13042,13382,12972,13334,30034,31772
39714,13326,13355,13129,13190,24964,28658
39715,13100,13160,13026,13138,14716,29188
39716,13026,13201,12974,13137,11860,29950
39717,13123,13255,13123,13241,11604,30560
39727,12719,12798,12619,12620,199630,62296
39728,12561,13060,12546,12987,332356,72664
39729,12905,12973,12564,12691,211820,56080
39730,12775,12796,12659,12744,72504,52756
39731,12541,12553,12305,12363,229738,67474
39734,12336,12859,12324,12571,149410,57224
39735,12654,12924,12441,12499,108446,52950
39736,12415,12447,12304,12438,108704,56574
39737,12149,12402,12149,12179,113478,64516
39738,12497,12565,12205,12307,95678,57878
39741,12442,12511,12368,12495,96420,58878
39742,12357,12362,12192,12282,45054,55726
39743,12293,12361,12187,12296,67338,60724
39744,12300,12416,12263,12389,91146,61726
39745,12403,12405,12281,12368,47116,56710
39748,12277,12298,12208,12251,34480,56258
39749,12310,12328,12253,12324,22134,55826
39750,12294,12338,12273,12314,17032,54378
39751,12396,12425,12352,12357,27450,54858
39752,12258,12298,12252,12279,16618,55008
39755,12269,12275,11930,11932,56814,65722
39756,11947,11966,11564,11625,66236,72070
39757,11694,11701,11296,11450,98118,69754
39758,11248,11299,11089,11109,92416,77676
39759,10976,10982,10729,10730,79072,83022
39762,10821,11426,10821,11161,154208,82590
39763,10985,11003,10678,10678,71952,84432
39764,10252,10490,10159,10484,170402,76454
39765,10441,10697,10297,10570,194728,83460
39766,10600,10787,10558,10658,162194,79230
39769,10646,10771,10562,10650,114188,74196
39770,10618,10761,10583,10755,58938,69918
39771,10756,10861,10729,10853,43974,68422
39772,10852,11233,10817,11084,181158,65560
39773,10925,11173,10726,11023,246578,62894
39776,11180,11285,11059,11271,117944,63760
39777,11503,11503,11202,11221,143748,64096
39778,11223,11319,11125,11276,96672,62792
39779,11408,11461,11233,11289,86052,63020
39780,11328,11344,11175,11317,70168,62874
39783,11288,11414,11288,11403,51610,60506
39784,11343,11467,11281,11398,78716,64282
39785,11393,11416,11303,11388,46958,64244
39786,11391,11397,10932,10948,154544,84356
39787,10791,10952,10746,10907,192742,96956
39790,10929,11265,10911,11261,102596,82708
39791,11341,11517,11298,11352,101640,75818
39792,11373,11382,11202,11328,102968,72840
39793,11315,11383,11242,11305,64834,66708
39794,11356,11356,11265,11329,41492,63194
39797,11391,11523,11368,11497,76760,63490
39798,11453,11516,11396,11445,49126,61792
39799,11472,11472,11403,11425,26960,59130
39800,11457,11520,11415,11440,37470,57268
39801,11431,11470,11344,11466,28454,56920
39804,11470,11837,11470,11837,69368,60762
39805,11779,11837,11656,11707,41532,58332
39806,11745,11745,11645,11734,17422,57960
39807,11739,11902,11713,11832,43716,60952
39808,11839,11847,11715,11798,30828,59070
39811,11878,11939,11823,11828,29092,59340
39812,11812,11820,11532,11690,87814,65180
39813,11746,11879,11731,11816,46700,57858
39818,11945,11945,11736,11762,51866,59914
39819,11738,11878,11683,11739,53398,61942
39820,11840,12026,11837,11872,104150,65480
39821,11802,11902,11744,11892,35216,65430
39822,11924,11986,11889,11928,31270,65484
39825,11881,11934,11817,11822,24270,62920
39826,11681,11779,11667,11750,27508,62376
39827,11772,11798,11753,11781,14042,61930
39828,11737,11795,11693,11758,22694,62960
39829,11848,11856,11804,11806,13306,61576
39832,11842,11842,11790,11815,9246,56970
39833,11802,11821,11787,11804,6354,56636
39834,11749,11796,11748,11779,7774,54524
39835,11790,11811,11751,11758,9920,54596
39836,11782,11813,11749,11813,7324,53254
39846,11720,11946,11720,11892,14440,52062
39847,11889,11970,11874,11962,18374,56478
39848,11957,12044,11904,11920,26826,57698
39849,11953,11961,11906,11924,12142,58678
39850,11925,12084,11906,12065,35886,64810
39853,12096,12280,12062,12218,61880,72986
39854,12201,12226,12142,12190,20122,71748
39855,12008,12149,11993,12045,34488,66270
39856,12040,12084,12008,12030,12380,67886
39857,12032,12079,12016,12065,13854,69354
39860,12053,12178,12029,12107,31938,70204
39861,12113,12196,12105,12182,15084,69826
39862,12161,12163,12051,12062,33338,73250
39863,12106,12132,11633,11730,84342,84460
39864,11786,11957,11738,11953,55472,80852
39867,11917,12043,11898,12028,26390,74108
39868,12000,12001,11917,11940,16058,74364
39869,11985,11999,11943,11984,11026,73344
39870,11998,12017,11961,11968,10556,71338
39871,11995,12000,11963,11989,9006,69882
39874,11969,11969,11825,11850,23620,71886
39875,11779,11871,11764,11867,14614,71334
39876,11842,11899,11842,11886,9618,70040
39877,11890,11948,11854,11873,9944,70144
39878,11859,11888,11847,11878,5954,69840
39881,11862,11965,11862,11933,20120,70248
39882,11923,11963,11906,11958,7120,69088
39883,11952,12014,11949,12001,10068,67558
39884,11982,12011,11949,11982,4328,67164
39885,11993,12027,11966,12001,9592,65454
39888,11997,12051,11997,12041,9044,61312
39889,12066,12132,12044,12129,15008,58358
39890,12120,12136,12100,12132,7378,57444
39891,12113,12159,12093,12159,9036,55990
39892,12160,12251,12159,12241,17764,53100
39895,12248,12442,12248,12394,32976,57646
39896,12408,12429,12307,12331,15618,56438
39897,12319,12330,12266,12267,9112,55642
39898,12301,12358,12299,12342,10906,54830
39899,12319,12337,12301,12329,7180,54240
39902,12305,12528,12296,12391,23474,54578
39903,12443,12460,12406,12431,13568,53418
39904,12494,12516,12454,12484,13404,51296
39905,12507,12554,12488,12552,8632,51564
39906,12559,12595,12529,12587,12652,50012
39910,12624,12842,12606,12823,25186,52308
39911,12733,12918,12730,12828,26328,54546
39912,12912,13044,12912,13036,29336,57048
39913,13009,13035,12938,13033,22988,56724
39916,13022,13261,13020,13240,35148,64314
39917,13235,13288,13117,13208,20280,64586
39918,13159,13188,13104,13156,13406,65630
39919,13205,13253,13169,13186,17050,65246
39920,13240,13250,13099,13171,19944,65086
39923,13188,13222,13140,13177,14104,65244
39924,13073,13147,12911,13120,47614,65900
39925,13215,13232,13098,13125,22248,64260
39926,13131,13152,13062,13104,11232,65654
39927,13135,13170,13081,13091,14692,65686
39930,13051,13121,12930,13047,20564,64314
39931,13054,13068,13020,13044,8332,62918
39932,13044,13047,12965,12999,12270,63654
39933,13039,13053,13015,13032,10540,62950
39937,13172,13221,13149,13173,26832,65796
39938,13166,13168,13115,13154,8692,65894
39939,13153,13276,13137,13261,23920,70152
39940,13290,13291,13211,13281,18476,71820
39941,13289,13421,13281,13376,29756,79186
39944,13368,13372,13103,13208,26922,67096
39945,13251,13294,13222,13278,14328,68794
39946,13279,13279,13208,13251,14978,66734
39947,13182,13250,13175,13227,13066,67084
39948,13246,13278,13230,13259,14358,66440
39951,13234,13297,13216,13284,11108,63552
39952,13308,13309,13268,13272,9654,61586
39953,13272,13275,13244,13253,10840,60222
39954,13242,13252,13144,13163,21806,63906
39955,13117,13168,13117,13144,11366,59110
39958,13131,13147,13006,13031,28998,52594
39959,13039,13047,12961,12974,30218,48998
39960,12960,13007,12943,12987,14872,47860
39965,12980,12980,12846,12914,25304,45894
39966,12941,13144,12937,13072,41856,52124
39967,13098,13105,13008,13055,18408,50602
39968,12973,13011,12933,12983,15396,50682
39969,13025,13028,12946,12953,16162,50596
39972,12878,12934,12877,12891,14218,50800
39973,12904,12971,12898,12962,12682,50288
39974,12960,13057,12953,13048,18974,48314
39975,13026,13152,13026,13147,16548,48978
39976,13208,13313,13146,13277,29272,50620
39979,13265,13335,13206,13332,32588,53714
39980,13259,13449,13259,13410,45798,58026
39981,13402,13429,13321,13329,30972,62160
39982,13314,13350,13222,13226,33344,51148
39983,13254,13287,13207,13225,16340,44386
39986,13175,13190,13145,13146,8616,43382
39987,13162,13280,13146,13183,22722,43950
39988,13203,13211,13170,13185,6486,42566
39989,13204,13216,13164,13166,7988,40848
39990,13175,13216,13162,13186,11218,38888
39993,13166,13308,13166,13236,21650,39814
39994,13252,13257,13199,13245,6118,39178
39995,13253,13296,13244,13275,8136,40104
39996,13346,13359,13273,13278,13518,40976
39997,13274,13305,13243,13280,6362,40264
40000,13278,13390,13259,13321,15436,41336
40001,13332,13375,13330,13364,8886,42156
40002,13335,13404,13317,13359,9550,42692
40003,13344,13419,13314,13408,8686,45016
40004,13438,13544,13429,13484,20254,48904
40007,13519,13540,13452,13511,14088,51158
40008,13526,13672,13496,13660,42658,66060
40009,13669,13799,13660,13677,42146,67504
40010,13683,13690,13590,13624,21936,65116
40011,13642,13676,13573,13607,16388,63770
40014,13625,13664,13602,13612,12940,64140
40015,13620,13689,13609,13613,17882,63170
40016,13534,13601,13525,13572,15304,61470
40017,13571,13652,13556,13620,14610,63128
40018,13638,13701,13616,13674,13650,63070
40021,13602,13694,13586,13690,12750,62062
40022,13702,13782,13660,13674,29894,64616
40023,13688,13740,13570,13602,20578,58610
40024,13617,13653,13592,13607,12828,53650
40025,13651,13668,13573,13627,22996,49434
40028,13677,13773,13613,13670,36480,48486
40029,13712,13734,13590,13616,24918,45106
40030,13632,13693,13607,13614,19916,45420
40031,13618,13634,13490,13508,19028,42076
40032,13498,13543,13460,13464,11132,40062
40035,13495,13646,13480,13631,20912,43092
40036,13634,13921,13618,13884,68976,59674
40037,13852,13908,13788,13813,33192,56984
40038,13872,13987,13851,13907,44274,67938
40039,13900,13915,13685,13715,41090,58510
40042,13530,13630,13490,13522,38876,47066
40043,13538,13572,13504,13559,15326,45790
40044,13543,13555,13427,13435,21452,42514
40045,13483,13544,13439,13532,14344,42614
40046,13494,13505,13432,13443,11756,42692
40049,13510,13588,13510,13581,15476,44780
40050,13552,13604,13443,13495,15622,43514
40051,13440,13444,13329,13362,29424,45424
40052,13338,13338,13260,13299,15888,46070
40053,13322,13373,13300,13336,11974,44590
40056,13364,13368,13241,13262,13348,44760
40057,13307,13366,13279,13310,14944,45100
40058,13210,13247,13143,13191,15028,44388
40059,13208,13270,13194,13248,9244,43708
40060,13244,13338,13244,13282,11934,43796
40063,13314,13498,13292,13462,32436,45796
40064,13460,13528,13417,13494,19020,46540
40065,13532,13571,13467,13479,11138,46908
40066,13476,13483,13414,13465,8062,47086
40067,13472,13510,13431,13457,8928,47042
40070,13372,13601,13371,13594,41944,53934
40071,13635,13822,13595,13790,71898,63206
40072,13793,13805,13685,13704,41208,63016
40073,13726,13819,13713,13773,28050,64476
40074,13781,13935,13769,13782,46946,65630
40077,13799,13847,13770,13774,17556,65126
40078,13709,13759,13696,13743,16684,63588
40079,13814,13844,13778,13803,24638,65092
40080,13838,13954,13825,13950,42992,70168
40081,13921,13957,13876,13888,36980,68132
40084,13783,13812,13682,13715,30678,58760
40085,13767,13780,13712,13765,9740,56248
40086,13712,13764,13690,13747,13156,51362
40095,13884,14056,13884,14041,29102,57134
40098,14091,14235,14079,14193,58714,70242
40099,14163,14206,14132,14148,26312,69496
40100,14219,14355,14219,14343,48478,77486
40101,14377,14400,14289,14308,40142,79526
40102,14313,14377,14295,14371,28686,81952
40105,14441,14666,14433,14665,57540,91410
40106,14594,14678,14525,14615,49676,95974
40107,14575,14617,14408,14415,70218,92534
40108,14465,14508,14385,14461,58980,88330
40109,14490,14549,14469,14504,38150,87772
40112,14440,14598,14423,14595,38382,86366
40113,14547,14628,14521,14569,33390,85134
40114,14565,14785,14561,14771,73710,100642
40115,14751,14792,14523,14570,98726,91602
40116,14653,14713,14582,14631,57494,97266
40119,14614,14755,14588,14733,79776,102664
40120,14739,14785,14722,14755,47540,104750
40121,14748,14779,14717,14752,30256,107062
40122,14784,14787,14739,14761,31220,108736
40123,14738,14891,14735,14863,81252,121130
40126,14855,15137,14807,15101,146864,139908
40127,15127,15259,15127,15201,122162,143400
40128,15298,15429,15257,15424,128644,162028
40129,15330,15371,15236,15341,111762,160206
40130,15272,15542,15235,15340,213084,180364
40133,15387,15441,15275,15310,139988,186960
40134,15385,15469,15230,15427,201922,193150
40135,15438,15515,15386,15426,135434,193016
40136,15440,15464,15314,15356,115300,201656
40137,15365,15623,15347,15622,252180,206454
40140,15762,16155,15729,16154,241548,221304
40141,16142,16275,15935,16199,415550,230146
40142,16292,16367,16015,16117,521370,248200
40143,16047,16192,15876,15951,448486,252088
40144,15857,15972,15401,15619,419322,225582
40147,15778,15884,15627,15785,376692,225936
40148,15780,15800,15553,15600,257324,220770
40149,15581,15724,15538,15651,274456,228886
40150,15617,15980,15612,15952,501906,254012
40151,15944,15985,15782,15858,354178,237522
40154,15883,16118,15883,16088,337032,254098
40155,16229,16298,16041,16140,389094,259144
40156,16043,16053,15759,15766,245466,240372
40157,15825,15912,15665,15783,228366,229668
40158,15766,15916,15731,15788,311870,245096
40161,15853,15853,15658,15743,216400,237790
40162,15874,16088,15821,16080,331788,266106
40163,16053,16073,15966,16012,294774,267652
40164,16146,16166,15875,15895,324128,258574
40165,15847,16089,15834,16017,299504,252424
40168,16019,16033,15902,15943,162070,245372
40169,15925,16104,15910,15956,327328,249434
40170,15931,15957,15720,15767,306932,250320
40171,15794,15874,15702,15851,288886,243434
40172,15815,16096,15779,16037,498924,278558
40175,16062,16625,16058,16625,574442,362218
40176,16679,16733,16490,16520,644600,350400
40177,16524,16599,16419,16523,447866,359236
40178,16584,16660,16496,16617,461442,368714
40182,16683,16975,16637,16797,656214,401040
40183,16819,16914,16756,16831,486872,417644
40184,16559,16827,16491,16678,626918,405956
40185,16760,16895,16094,16359,822642,331324
40186,16404,16429,16153,16303,555772,318550
40189,16395,16560,16360,16430,429390,330628
40190,16544,16619,16382,16472,385608,331912
40191,16139,16242,16061,16081,321668,302902
40192,16230,16247,16111,16118,200746,298204
40193,16074,16161,15981,15998,259772,291360
40196,15941,16064,15939,16029,140356,277660
40197,16078,16109,15999,16037,95218,276026
40198,16067,16072,15749,15757,249158,296910
40199,15763,15958,15655,15936,380076,292858
40200,15886,16068,15759,16016,415968,298280
40203,15992,16080,15931,16015,251562,297704
40204,15898,15914,15665,15672,308698,294676
40205,15720,15773,15660,15712,177740,284408
40206,15591,15670,15513,15631,205720,277466
40207,15640,15687,15537,15609,161570,271496
40210,15659,15758,15596,15714,242108,275354
40211,15674,15695,15462,15518,218876,279428
40212,15669,15814,15624,15788,216528,273936
40213,15722,15883,15684,15843,237704,273548
40214,15696,15785,15647,15776,151250,268300
40217,15608,15638,15511,15548,170802,258698
40218,15705,15735,15655,15673,101354,249886
40219,15860,15973,15831,15871,155038,237766
40220,15934,15964,15882,15904,62546,223544
40221,15944,15986,15894,15941,49964,217236
40231,16581,16661,16373,16467,175098,233184
40232,16535,16626,16524,16565,169182,259352
40233,16503,16544,16360,16360,144560,254856
40234,16380,16424,16195,16198,159090,248404
40235,16357,16579,16353,16542,347522,271168
40238,16691,16757,16525,16543,186910,259444
40239,16572,16577,16392,16410,127014,253628
40240,16387,16650,16345,16613,321574,275000
40241,16648,16722,16470,16472,244564,258694
40242,16503,16562,16465,16532,130658,257244
40245,16593,16724,16536,16619,239958,274086
40246,16625,16931,16614,16871,536252,341230
40247,16759,16801,16683,16703,289530,310800
40248,16712,16741,16516,16563,237630,296090
40249,16539,16661,16478,16642,194596,294884
40252,16760,16782,16688,16769,266222,303432
40253,16746,16889,16608,16838,371932,328646
40254,16892,16991,16836,16942,365386,347832
40255,16888,16990,16817,16887,305084,340048
40256,16967,17219,16967,17123,407182,385484
40259,17098,17198,17094,17103,309034,408812
40260,17143,17175,16916,16969,346900,391272
40261,17026,17061,16869,16908,280190,387870
40262,16857,16939,16806,16867,217050,388768
40263,16794,16833,16719,16787,253060,376020
40266,16811,16858,16744,16760,150538,361160
40267,16806,16809,16710,16767,212252,349532
40268,16732,16786,16628,16646,240758,337114
40269,16723,16764,16686,16713,178464,339490
40270,16767,16877,16756,16875,165580,338812
40274,16886,16948,16877,16927,123040,338406
40275,16900,16930,16853,16859,120680,327856
40276,16791,16817,16774,16785,95086,325856
40277,16677,16692,16604,16688,170262,327610
40280,16695,16752,16669,16715,108720,325100
40281,16670,16707,16651,16695,79954,315698
40282,16801,16829,16733,16735,85974,309336
40283,16745,16757,16709,16709,45538,304578
40284,16762,16774,16732,16746,108304,308000
40287,16676,16696,16567,16599,173112,311368
40288,16664,16740,16659,16739,111394,301620
40289,16918,17014,16873,16913,281370,332754
40290,16879,16908,16845,16851,114190,323028
40291,16845,16923,16845,16890,132258,331640
40294,16956,16975,16887,16891,120592,328660
40295,16890,16952,16850,16909,134888,320524
40296,16843,17025,16825,16991,297844,346578
40297,16985,17074,16968,17052,240140,356494
40298,17006,17070,16962,17068,209700,351352
40302,17038,17091,16999,17021,162500,358796
40303,16904,16934,16876,16922,178234,357130
40304,16963,17012,16903,16903,152160,362828
40305,16793,16846,16744,16802,241568,347640
40308,16865,16926,16824,16926,129748,333808
40309,16900,16982,16879,16905,200540,341378
40310,16872,16956,16872,16953,145352,337816
40311,16954,17029,16944,17014,182652,340370
40312,17009,17077,16974,17040,164944,338872
40315,17045,17265,16956,17054,767772,407004
40316,17105,17375,17076,17364,506320,391786
40317,17337,17683,17310,17608,635288,429096
40318,17691,17734,17462,17583,706188,437578
40319,17502,17620,17423,17574,493222,451912
40322,17662,17665,17405,17447,578382,451418
40323,17416,17495,17217,17222,584258,420638
40324,17309,17387,17231,17369,521698,416502
40325,17316,17377,17262,17277,324978,396456
40326,17286,17296,17070,17091,488374,394108
40329,17019,17152,16960,17087,441362,385168
40330,17091,17191,17058,17164,343802,375066
40331,17111,17120,16829,16905,514784,373396
40332,16971,16999,16816,16974,362390,383406
40333,16917,17009,16843,16989,303458,378978
40336,16758,16870,16667,16738,607072,405544
40337,16802,16947,16799,16942,310892,393338
40338,17018,17177,17004,17160,382410,366620
40339,17258,17336,17185,17215,268382,331126
40340,17237,17278,17118,17218,272746,310876
40346,17327,17337,17240,17268,177442,313828
40347,17235,17334,17094,17099,353420,330746
40350,17168,17229,17017,17101,532230,336820
40351,17071,17073,16948,17020,410830,352426
40352,17034,17232,17026,17213,502844,361804
40353,17216,17277,17198,17248,218606,355918
40354,17289,17338,17184,17221,349566,356096
40357,17250,17254,17168,17249,216762,359138
40358,17198,17345,17189,17281,334226,367184
40359,17262,17412,17215,17406,349554,382350
40360,17262,17412,17205,17213,386682,378792
40361,17276,17304,17188,17293,251702,371188
40364,17237,17237,17068,17080,341112,377238
40365,17046,17145,17017,17135,227920,371864
40366,17056,17069,17001,17027,213236,374196
40367,17101,17107,17047,17063,170176,367878
40368,17005,17031,16913,16928,279414,381966
40371,16980,17002,16679,16750,383874,403514
40372,16731,16765,16657,16664,313170,379410
40373,16755,16790,16719,16735,214792,364828
40374,16588,16693,16552,16652,205532,363408
40375,16692,16863,16666,16855,225996,359492
40378,16879,17060,16867,17045,273404,365414
40379,17011,17069,16934,17029,247034,364962
40380,16936,16972,16819,16856,338714,399034
40381,16932,16980,16885,16955,217762,383926
40382,17036,17096,16999,17082,190260,370124
40385,17155,17283,17150,17200,297846,391446
40386,17242,17272,16948,16950,314276,389224
40387,16911,16959,16865,16926,301116,393926
40388,16889,16963,16823,16875,255838,373360
40389,16877,16931,16855,16921,190126,367234
40392,17027,17098,16964,16978,240046,348430
40393,16976,17062,16909,16971,260436,347754
40394,17035,17067,16929,16946,182090,343952
40395,16956,16974,16855,16870,31734,333408
40396,16932,16979,16914,16965,137216,329310
40399,16961,16989,16897,16943,145582,327686
40400,16924,17143,16911,17036,332442,329880
40401,17115,17203,17063,17106,201256,313928
40402,17098,17182,17089,17103,152528,307542
40403,17359,17405,17294,17363,189486,302908
40406,17394,17398,17330,17370,115308,290856
40407,17330,17337,17290,17308,77626,285358
40408,17294,17374,17289,17314,99798,278712
40409,17289,17350,17232,17311,114140,278508
40410,17271,17343,17063,17066,249350,274650
40413,17108,17157,17090,17124,93550,272946
40414,17139,17285,17114,17241,193402,281216
40415,17325,17369,17281,17296,192192,283654
40416,17314,17347,17271,17335,117956,286356
40417,17429,17576,17399,17569,186876,297524
40420,17538,17646,17509,17556,164428,294544
40421,17575,17733,17566,17700,205750,292880
40422,17672,17724,17649,17713,158180,292020
40423,17821,18016,17816,17988,205842,288838
40424,18216,18330,18153,18324,290182,287914
40427,18353,18784,18293,18652,469690,313088
40428,18713,18933,18531,18857,1052382,353268
40429,18946,18992,18677,18743,975028,377412
40430,18750,18822,18512,18773,1004788,373446
40431,18825,19224,18741,19208,969950,426526
40434,19229,19289,19024,19156,1177470,455924
40435,19279,19442,19261,19438,1103624,483192
40436,19578,19841,19463,19596,1459570,516672
40437,19505,19552,19350,19497,1048660,507272
40438,19719,19912,19642,19887,936178,483072
40441,20470,20575,20359,20575,114064,478566
40442,21068,21714,20806,21683,1890032,465158
40448,21895,21990,21246,21671,2115916,509442
40449,22143,22272,21926,22233,1469144,524646
40450,22130,22134,21223,21309,1406728,460320
40451,20984,21662,20777,21628,2022812,459608
40459,22127,22586,22081,22585,337764,481714
40462,23899,24273,23517,24012,1549238,487680
40463,23735,24025,23317,23560,2622274,560834
40464,23606,23769,23383,23672,1945232,530756
40465,23798,24541,23538,24540,2027348,552090
40466,24588,24612,24045,24300,1977650,471884
40469,23400,24005,23400,23870,1812350,537006
40470,24246,24440,23915,24064,365456,540008
40471,23541,24605,23483,24542,1526062,529084
40472,24987,25201,24869,25133,1390722,526194
40473,25004,25346,24930,25292,1320452,512314
40476,26114,26443,26105,26442,456462,487306
40477,27542,28096,26944,27264,1426222,461080
40478,27860,28027,26552,26825,2191458,505370
40479,26866,27984,26860,27947,1857918,485092
40480,27471,27674,26870,27275,2555148,560042
40483,28018,28651,27778,28571,1493836,574710
40484,28653,28941,28292,28810,2456672,590996
40485,29432,30041,29343,29776,2128676,579572
40486,29744,29968,29560,29903,1676480,562094
40487,30636,31265,30636,31265,810916,521616
40490,31474,33328,31280,32979,1893420,469064
40491,33108,33474,31926,33010,2671276,462968
40492,33630,33688,32099,32374,2375526,481742
40493,31871,32213,31347,31348,504616,434826
40494,29602,29607,29281,29281,147168,379200
40497,27296,28762,27185,28154,2526524,347874
40498,28494,29316,27717,28291,2775080,344598
40499,27078,28026,27077,27085,2013286,373766
40500,27525,28217,26071,27375,3341964,350212
40501,27933,27943,26373,27077,1480128,354976
40504,26413,26809,25760,25771,2506600,421960
40505,25823,25993,25024,25095,2709134,403772
40506,24753,25992,24588,25733,4543210,449218
40507,25814,25912,25159,25193,2832964,402754
40508,25217,25341,24270,24431,2203682,399732
40511,24348,25396,24151,25156,2423554,404192
40512,25176,25455,24401,25419,2598454,426456
40513,25259,25551,25031,25280,2136884,385588
40514,25919,26418,25758,26203,1760700,362358
40515,26351,27095,26329,26637,2152148,365010
40518,27219,27494,26812,26861,2061860,381002
40519,26757,27240,26485,27237,1881734,370674
40520,26848,26934,26178,26215,1640702,378814
40521,26616,26823,26049,26215,1970488,364550
40522,26530,26698,26266,26614,1785632,335666
40525,26464,27514,26385,27389,1632128,339846
40526,27623,28057,27566,27907,633872,346196
40527,27636,27802,27220,27230,1517490,340960
40528,27281,27785,27167,27476,1463698,348666
40529,27648,27877,27471,27662,1283536,341330
40532,28112,28486,27865,28209,1444110,336172
40533,28559,28816,28395,28751,1340650,345756
40534,28554,28602,27349,27479,1525206,352794
40535,27373,27877,27203,27671,1443832,356494
40536,27725,27903,27311,27610,1238458,323998
40539,27359,27730,27340,27470,908162,327480
40540,27553,27682,27484,27563,592680,311338
40541,27469,27541,26858,27467,1114608,335758
40542,27256,27718,27088,27695,966872,336004
40543,27563,28107,27549,28073,833476,331152
40547,27948,28060,27624,27862,667488,332610
40548,27845,28228,27845,27946,756978,328854
40549,28182,28932,28145,28910,917408,390764
40550,28457,28589,27713,27886,1044642,358156
40553,28146,28374,28047,28077,753704,355694
40554,28372,28534,28290,28462,723924,341638
40555,28976,29129,28715,28810,751606,350960
40556,28889,29016,28661,28716,718140,358990
40557,28347,28624,28295,28579,463504,348644
40560,28478,28836,28429,28655,550370,344382
40561,28697,28809,28488,28733,561860,355886
40562,28911,29284,28792,29121,583332,375518
40563,29074,29285,28986,29059,535954,374250
40564,29183,30411,29147,30151,923128,413398
40567,30488,31719,30413,31157,916126,399864
40568,31336,31542,30128,30643,1386348,402618
40569,30570,30906,29911,30539,1366162,400884
40570,31105,31571,30944,31497,1108028,431228
40571,31179,31281,30917,31012,877534,407370
40574,30901,31814,30799,31466,782922,420676
40575,31756,32387,31504,32311,774314,439218
40583,32470,32470,31712,31910,313164,431608
40584,32412,32692,32262,32378,749514,445348
40585,32818,33152,32453,32544,921202,450620
40588,32726,32726,31714,31929,377998,451702
40589,31627,32398,31587,32039,985274,467372
40590,32017,32560,31993,32494,1164994,492132
40591,32995,33351,32805,32822,1220674,496734
40592,33176,33176,32157,32242,1418870,490530
40595,31890,31967,30909,31039,1164442,485178
40596,31132,31657,30282,30808,1785698,467428
40597,30259,31047,30186,30715,1567800,474026
40598,31037,31146,29222,29428,1863374,482866
40599,29273,29766,29038,29701,1612558,482252
40602,30195,31444,29941,31387,1480708,485136
40603,31482,32172,31417,31933,1772102,500852
40604,31414,32319,31041,32170,1871026,518918
40605,32241,32419,31333,31433,2329480,522312
40606,31599,31897,31000,31368,2156016,526196
40609,31572,31891,31312,31829,1795710,560756
40610,31241,31422,29658,30287,2147272,552802
40611,30280,30928,29956,30722,2166172,572572
40612,30171,30580,29961,30196,2124222,557966
40613,29921,30429,29683,29880,2042490,573632
40616,29974,30338,28195,28741,2723794,576450
40617,28491,28994,27868,28122,2672062,555246
40618,27936,28967,27677,28948,2496300,552452
40619,28381,28903,28108,28659,2683362,531926
40620,29410,29570,29053,29557,1999446,507670
40623,29599,29745,29090,29253,2148144,506026
40624,29179,29454,28793,29285,2041180,513984
40625,29556,29997,29491,29898,1620768,505528
40626,29562,29770,29313,29403,1751406,527060
40627,29715,29755,29277,29307,1819280,521032
40630,29190,29206,27577,28024,2058580,527348
40631,27809,28404,27509,28151,2521574,542232
40632,28105,28400,27946,27980,2269146,543838
40633,27801,27934,27466,27674,2135704,532872
40634,28175,28178,27509,27570,2092128,546646
40639,27558,28203,27339,28115,2130940,559014
40640,28240,28357,27944,27945,1915504,584904
40641,27707,28650,27666,28643,2065126,576848
40644,28552,30086,28529,29334,2011430,588646
40645,29130,29491,28997,29165,2091022,619914
40646,28850,28941,28330,28925,2198208,580436
40647,28575,28664,27934,27978,2420838,577384
40648,28006,28122,27646,27682,2259114,572006
40651,27417,27630,27061,27435,2302734,584334
40652,27466,27659,26741,26979,2505224,578952
40653,26931,27261,26913,27108,2077492,590322
40654,26983,27540,26899,27154,2496214,577700
40655,27395,27699,27197,27611,2331354,590524
40658,27669,27702,27021,27120,1841124,563246
40659,26733,26802,26379,26438,1761604,551610
40660,26404,26426,25771,25870,2068984,564112
40661,25620,26350,25586,25804,2908130,589454
40662,25908,26033,25552,25651,2089020,548464
40666,25749,25892,25473,25857,1582680,563504
40667,25871,25950,25243,25258,1903280,595824
40668,24870,24924,24124,24171,1949256,581532
40669,23781,24404,23746,24313,2437320,566502
40672,24323,24541,24145,24424,2415942,595576
40673,24342,24825,23920,24800,3591356,671408
40674,25156,25216,24760,24788,2912750,612970
40675,24466,24567,23817,23982,2767676,578660
40676,24035,25042,24029,25033,2920748,643308
40679,24851,25196,24653,24812,3196084,639372
40680,25105,25193,24294,24833,3380214,628100
40681,24873,25083,24774,24805,2362770,623570
40682,25071,25286,24717,24721,2630812,634640
40683,24588,24695,24358,24581,2384102,600586
40686,24669,24793,24448,24578,2245892,639110
40687,24672,25043,24633,24816,2018944,623582
40688,24862,25013,24699,24872,1997336,633992
40689,25111,25310,25032,25162,1854576,618652
40690,24870,25053,24836,25004,1746662,606984
40693,25023,25179,24970,24972,1215618,611890
40694,24990,25650,24990,25644,1972542,666472
40695,25833,25840,25462,25570,1413204,662034
40696,25419,25570,25243,25531,1607896,653402
40697,25662,26165,25648,26146,1599928,659024
40701,25733,25871,25575,25659,1786432,647776
40702,25254,25305,24803,25160,1874656,637978
40703,25225,25299,25014,25052,1519354,609408
40704,25241,25357,25131,25211,1492918,594592
40707,25160,25175,24733,24746,1314504,565702
40708,24733,24827,24273,24476,1615178,608808
40709,24652,24782,24491,24757,1419632,610224
40710,24382,24557,24293,24391,1316496,600302
40711,24170,24378,24170,24353,1492356,601590
40714,24483,24500,24298,24414,922590,594660
40715,24494,24749,24461,24719,1238584,623584
40716,24794,24843,24496,24550,1161944,633618
40717,24467,24467,24046,24124,1368990,626620
40718,24131,24204,23802,24050,1347154,615598
40721,23908,23908,22801,22935,1557874,602128
40722,23171,23171,22755,22755,1476066,617148
40723,22926,22954,22563,22899,2137100,625780
40724,22935,23249,22824,23123,1633770,581478
40725,22797,22803,22569,22643,1533676,588828
40728,22629,23072,22621,22756,539286,635262
40729,22669,22958,22645,22755,1569150,618960
40730,22670,23017,22415,22999,2326820,739688
40731,22824,23069,22668,22777,1947906,709942
40732,22943,23184,22847,22906,1762236,710244
40735,22718,22762,22182,22189,1739062,697340
40736,21823,21823,21153,21437,1980584,681384
40737,21580,21841,21492,21772,1835608,701258
40738,21915,21975,21450,21704,2030262,705228
40739,21275,21683,21275,21536,1900370,720340
40742,21412,21936,21412,21689,1969624,794346
40743,21805,21967,21730,21829,1830974,817828
40744,22094,22095,21557,21557,1961132,813140
40745,21590,21734,21520,21600,1383968,779960
40746,21608,21810,21594,21723,1282300,806846
40749,21767,21780,21551,21604,1297526,782608
40750,21589,21637,21334,21497,1303324,776934
40751,21717,21969,21702,21956,1613444,887158
40752,21923,21980,21755,21769,1235178,863776
40753,21790,21833,21485,21512,1196108,768540
40756,21612,21644,21367,21481,1231056,798958
40757,21597,21713,21496,21555,1046660,807848
40758,21630,21639,21326,21362,1181304,812850
40759,21255,21255,21059,21091,1094528,786712
40760,20978,21297,20731,21224,1886452,742916
40763,20997,21251,20884,21015,1137516,676210
40764,20599,20831,20193,20821,1295204,568366
40765,20889,20949,20697,20780,791268,573972
40766,20761,20866,20725,20791,655300,571344
40767,20808,21258,20777,20924,1641718,657192
40770,21166,21240,21011,21062,855712,688126
40771,21189,21210,20939,20954,774184,658500
40772,20960,21164,20945,21104,738422,684108
40773,21233,21334,21121,21127,796426,669348
40774,21053,21299,21033,21291,922804,659052
40777,21239,21318,21165,21174,674010,593850
40778,21206,21288,21205,21268,381312,594524
40779,21268,21720,21221,21683,1008274,718586
40780,21640,21717,21564,21648,935272,722082
40781,21613,21626,21391,21418,718360,663490
40784,21493,21593,21444,21528,465710,678752
40785,21587,21708,21537,21621,559426,694266
40786,21640,21692,21515,21612,499784,687828
40787,21619,21656,21529,21547,309270,671394
40788,21532,21696,21525,21634,483400,683016
40791,21621,21697,21448,21468,458266,590858
40792,21429,21510,21355,21425,348392,556328
40793,21483,21577,21451,21577,280336,577354
40794,21809,22113,21715,21997,1230938,707608
40795,22017,22049,21848,21915,559282,674672
40799,21899,21950,21762,21868,404810,623746
40800,21907,21925,21646,21743,394620,554084
40801,21813,21956,21723,21825,535188,562616
40802,21763,21773,21613,21668,358790,529068
40805,21609,21615,21517,21565,297548,488746
40806,21340,21490,21335,21402,288654,477308
40807,21400,21488,21372,21441,210572,483144
40808,21298,21376,21175,21184,266952,461388
40809,20899,21023,20530,20658,463056,414160
40812,20708,20919,20286,20463,376136,397472
40813,20614,20675,20436,20526,231184,377682
40814,20536,20551,20378,20425,158888,369842
40815,20258,20258,20026,20092,275946,364370
40816,20222,20505,20192,20469,194350,341516
40826,20475,20500,20380,20405,97532,332060
40827,20535,20540,20455,20455,92126,333590
40828,20475,20625,20225,20545,244072,350508
40829,20390,20490,20350,20415,140060,347038
40830,20435,20480,20410,20445,80150,349464
40833,20425,20445,20290,20320,144802,351142
40834,20270,20280,20130,20150,109046,353496
40835,20185,20220,20120,20145,79644,345054
40836,20040,20075,19860,19940,196604,340790
40837,19860,20105,19845,20010,132080,332116
40840,20070,20540,19995,20245,239228,350946
40841,20265,20370,20135,20210,223422,341782
40842,20245,20355,20220,20235,154600,338520
40843,20240,20310,20230,20265,75900,332890
40844,20525,20600,20330,20415,261062,341132
40847,20425,20435,20170,20235,112328,329826
40848,20225,20275,20190,20200,67478,321100
40849,20060,20340,20060,20295,143800,336190
40850,20250,20270,20205,20240,78418,315676
40851,20290,20380,20260,20360,95014,319860
40854,20345,20350,20225,20315,55026,304234
40855,20280,20295,20245,20275,39378,303458
40856,20310,20385,20270,20300,50134,301988
40857,20250,20270,20185,20210,63822,284640
40858,20285,20315,20260,20265,56884,284494
40861,20330,20440,20280,20380,119074,305998
40862,20335,20345,20320,20340,49272,291232
40863,20420,20425,20330,20380,96190,291218
40864,20400,20420,20345,20405,53946,286292
40865,20300,20390,20295,20355,56108,269034
40868,20250,20300,20235,20270,53228,260576
40869,20200,20245,20120,20140,58634,261248
40870,20165,20205,20160,20185,32460,256236
40871,20165,20180,20075,20130,46858,258188
40872,20120,20360,19915,20295,191552,264472
40875,20295,20340,20260,20275,79012,250336
40876,20280,20340,20275,20330,55184,244038
40877,20350,20380,20305,20315,65992,235946
40878,20380,20755,20370,20465,472574,280576
40879,20445,20535,20395,20475,152116,258162
40882,20520,20605,20480,20595,107182,259698
40883,20565,20735,20535,20675,211284,273366
40884,20720,20760,20640,20690,65228,265374
40885,20640,20675,20565,20630,76120,250016
40886,20580,20690,20555,20635,76454,242538
40889,20610,20650,20565,20600,47682,232476
40890,20490,20565,20480,20495,53836,228200
40891,20530,20605,20505,20565,32260,222136
40892,20455,20530,20440,20465,58132,219494
40893,20500,20885,20490,20780,382758,281214
40896,20750,20790,20660,20705,111410,273238
40897,20735,20870,20705,20800,169310,278296
40898,20810,20860,20765,20775,76830,266698
40899,20780,20795,20730,20770,66028,252054
40900,20775,20860,20775,20815,67536,245098
40903,20840,20840,20740,20765,50902,233692
40904,20760,20955,20755,20870,243108,277782
40905,20910,20940,20880,20910,70210,282208
40906,20915,20980,20865,20905,146522,284254
40907,20915,20940,20770,20790,117726,266222
40912,20965,21050,20805,20910,101414,273174
40913,20905,20995,20880,20945,94042,273428
40914,20910,21020,20905,21000,62542,275584
40917,21025,21165,21000,21120,116542,293440
40918,21145,21235,21120,21225,84900,293888
40919,21255,21345,21185,21325,97720,303136
40920,21320,21570,21290,21455,148752,308504
40921,21400,21450,21255,21280,103502,299186
40924,21270,21330,21225,21280,49398,293238
40925,21330,21445,21305,21430,74934,287652
40926,21520,21580,21440,21485,65796,283164
40927,21465,21540,21420,21460,41354,277884
40928,21490,21555,21445,21550,46984,275698
40938,21535,21720,21500,21660,85362,289536
40939,21630,21800,21610,21775,125140,313686
40940,21740,21830,21715,21755,104020,324708
40941,21790,21800,21680,21730,78702,328370
40942,21730,21835,21680,21825,94930,337260
40945,21895,22180,21890,22180,193134,375304
40946,22170,22370,22015,22100,366704,369348
40947,22140,22250,22040,22235,200726,374390
40948,22150,22225,22005,22025,167244,357464
40949,21850,22015,21805,21920,178082,375318
40952,21935,22035,21890,21935,96948,375120
40953,21960,21965,21805,21855,100626,375776
40954,21890,21960,21840,21855,89266,381142
40955,21870,21870,21385,21435,213444,363570
40956,21525,21545,21455,21515,98496,362032
40959,21560,21600,21425,21455,101166,365864
40960,21425,21545,21295,21525,162016,373096
40961,21570,21645,21520,21575,151390,379496
40962,21450,21520,21425,21445,111630,383776
40963,21390,21470,21315,21345,109380,393194
40966,21395,21515,21390,21450,127452,399868
40967,21480,21655,21460,21645,143920,410440
40968,21675,21745,21585,21740,145034,415530
40969,21625,21785,21585,21605,196636,404032
40970,21635,21655,21495,21580,133824,412904
40973,21490,21930,21440,21860,411502,458974
40974,21930,21970,21715,21810,368020,484596
40975,21660,21670,21465,21470,241192,459894
40976,21495,21555,21470,21490,119560,451766
40977,21490,21645,21460,21585,171458,458238
40980,21505,21530,21355,21405,223264,464208
40981,21390,21480,21380,21435,111420,463396
40982,21450,21530,21205,21245,266848,476552
40983,21215,21265,21160,21165,131142,475504
40984,21155,21245,21080,21135,144258,467572
40987,21175,21305,21155,21265,199078,475450
40988,21315,21330,21195,21240,152054,475010
40989,21190,21275,21180,21240,98666,473490
40990,21240,21265,21200,21220,69726,470234
40991,21270,21295,21230,21250,85422,468380
40994,21260,21270,21160,21190,119754,478378
40995,21240,21250,21140,21180,117380,486714
40996,21205,21255,21125,21125,136890,484900
40997,21140,21285,21095,21175,235016,478072
40998,21145,21235,21140,21150,92372,470738
41004,20970,21085,20955,21060,112360,469802
41005,21038,21145,21005,21100,119436,474750
41008,21082,21220,21040,21160,129728,476382
41009,21188,21390,21180,21365,231020,487460
41010,21289,21375,21255,21290,186352,487558
41011,21336,21375,21300,21340,133178,492906
41012,21392,21425,21335,21340,136760,495494
41015,21272,21365,21255,21340,104212,499698
41016,21265,21300,21090,21150,197848,497416
41017,21194,21225,21135,21195,102118,491670
41018,21214,21425,21214,21420,327792,548048
41019,21402,21440,21350,21375,152402,532666
41022,21385,21405,21225,21225,158976,493590
41023,21289,21300,21120,21180,217462,506662
41024,21167,21220,21140,21170,74822,505448
41025,21165,21205,21145,21165,65960,503922
41026,21207,21210,21085,21105,127356,510910
41031,21036,21075,20940,21020,93606,521494
41032,21011,21080,20965,20985,100940,529486
41033,20969,21060,20965,21050,95060,536142
41036,20986,21005,20845,20850,134054,537618
41037,20802,20860,20720,20785,224380,556406
41038,20753,20775,20585,20585,150448,558588
41039,20573,20620,20445,20505,193682,569508
41040,20294,20295,19725,19790,663872,596074
41043,19796,19805,19310,19475,741030,563628
41044,19531,19535,19260,19430,514804,546056
41045,19428,19515,19305,19305,449384,529860
41046,19233,19280,18940,19150,774132,558592
41047,19123,19430,19075,19385,663158,552788
41050,19484,19635,19484,19590,324146,527678
41051,19518,19555,19390,19405,361510,551042
41052,19010,19120,18760,19100,720474,553864
41053,19079,19295,19010,19230,598692,542268
41054,19229,19285,19050,19160,417024,536928
41057,19172,19185,19010,19070,379686,548916
41058,19047,19260,19015,19210,369320,526284
41059,19120,19195,19090,19130,225506,526762
41060,19000,19130,18985,19095,164402,512384
41061,19095,19170,18945,18985,302960,525046
41064,18765,18825,18315,18315,447002,529732
41065,18357,18505,18325,18430,352786,516698
41066,18362,18515,18290,18395,344590,525480
41067,18709,18735,18580,18670,442774,527366
41068,18852,18875,18565,18670,477032,506626
41071,18745,18880,18620,18750,388828,512290
41072,18700,18755,18615,18705,337768,513500
41073,18702,18720,18600,18665,198370,508864
41074,18676,19060,18650,18855,591706,496890
41075,18982,19185,18960,19090,559184,495556
41078,19132,19245,19095,19195,311168,504052
41079,19248,19270,19150,19170,304572,502134
41080,19325,19375,19210,19235,277322,500624
41081,19072,19072,18885,18885,279656,496246
41085,18799,19040,18799,18985,226088,493762
41086,19007,19055,18865,18905,194488,487778
41087,18872,18915,18835,18860,128174,496312
41088,18894,18965,18885,18915,121694,494648
41089,18940,18990,18890,18975,122066,482860
41092,19089,19210,19015,19205,201482,495444
41093,19197,19380,19145,19290,411638,500402
41094,19337,19345,19160,19215,286072,509618
41095,19223,19355,19185,19345,249632,503926
41096,19269,19320,19215,19280,182050,502174
41099,19301,19345,19155,19305,190670,491002
41100,19260,19425,19245,19325,239726,495862
41101,19325,19450,19235,19265,309476,473858
41102,19289,19375,19275,19335,154566,470418
41103,19275,19345,19255,19335,117238,472418
41106,19464,19545,19420,19440,247694,469512
41107,19485,19485,19250,19260,239874,458328
41108,19194,19315,19030,19305,385330,466084
41109,19331,19430,19331,19430,161678,457780
41110,19406,19515,19315,19365,216018,433992
41113,19401,19401,19250,19290,156520,428052
41114,19254,19485,19175,19320,181576,423354
41115,19281,19330,19140,19150,225150,449330
41116,19111,19200,19000,19105,283438,484236
41117,19131,19145,19010,19110,161874,459954
41120,19102,19195,18510,18825,465406,480974
41121,18787,18990,18725,18950,265204,457294
41122,18911,19025,18790,18965,192008,448642
41123,18900,18975,18860,18940,132512,451090
41124,18933,18940,18840,18865,105890,444588
41127,19051,19140,18990,19120,167456,425324
41128,19193,19335,19160,19330,236858,418628
41129,19250,19395,19160,19210,207374,409498
41130,19277,19340,19255,19325,102658,408056
41131,19300,19375,19275,19335,128550,403224
41134,19214,19255,19195,19220,128676,398042
41135,19216,19305,19175,19270,181482,403140
41136,19241,19495,19241,19405,303242,404142
41137,19420,19460,19355,19410,157176,396112
41138,19414,19445,19365,19385,85172,390632
41141,19429,19520,19400,19450,182756,392098
41142,19494,19545,19490,19540,124068,384084
41143,19635,19695,19515,19600,178066,386714
41144,19606,19606,19470,19550,131948,379096
41145,19513,19535,19420,19425,95086,381682
41148,19450,19465,19265,19310,163700,384494
41149,19308,19370,19305,19340,90450,369396
41150,19322,19490,19320,19440,153976,362466
41151,19471,19530,19435,19525,98000,360218
41152,19501,19595,19475,19530,116082,358520
41155,19492,19700,19492,19690,149736,369056
41156,19650,19675,19550,19580,106356,370230
41157,19528,19635,19520,19630,80970,361990
41158,19624,19630,19555,19610,61638,360270
41159,19607,19685,19570,19645,93536,363332
41162,19667,19715,19665,19685,84428,365188
41163,19698,19700,19610,19640,85558,369174
41164,19604,19635,19560,19620,63084,366990
41165,19526,19535,19450,19455,100752,364664
41166,19515,19635,19470,19525,94892,358074
41169,19650,19660,19555,19640,99982,342430
41170,19610,19980,19575,19820,551198,367944
41171,19815,19880,19750,19780,193464,358994
41172,19810,19860,19735,19785,143170,363268
41173,19760,19765,19680,19705,113186,352278
41176,19625,19655,19480,19500,136448,353682
41177,19505,19545,19480,19510,71272,351406
41178,19475,19565,19375,19395,84794,348750
41179,19345,19395,19280,19295,141570,337018
41180,19355,19400,19145,19360,182556,331306
41190,19335,19505,19325,19405,65288,330828
41191,19430,19565,19425,19545,108904,340750
41192,19525,19555,19480,19525,66746,340006
41193,19525,19525,19390,19395,79560,351376
41194,19370,19440,19330,19390,86020,359680
41197,19365,19435,19285,19385,99472,367164
41198,19440,19530,19395,19515,90248,353480
41199,19615,19635,19540,19620,129346,348802
41200,19760,19825,19700,19805,231198,337070
41201,19730,19770,19625,19635,102208,320998
41204,19620,19720,19615,19665,93380,323538
41205,19660,19670,19550,19555,56362,317610
41206,19495,19555,19460,19520,77008,320612
41207,19490,19570,19485,19515,74686,322072
41208,19510,19545,19435,19455,83186,324190
41211,19455,19460,19395,19395,56076,331390
41212,19410,19515,19395,19500,64406,327892
41213,19450,19465,19400,19445,55674,329700
41214,19410,19590,19355,19470,79980,326430
41215,19450,19485,19365,19380,79886,335360
41218,19335,19375,19190,19225,168354,350586
41219,19220,19375,19220,19350,85738,336144
41220,19310,19345,19280,19325,68604,336690
41221,19270,19325,19195,19320,67432,330524
41222,19275,19360,19245,19260,92354,336830
41225,19260,19305,19160,19255,76144,335220
41226,19315,19320,19235,19270,34748,332640
41227,19245,19285,19205,19275,59864,327696
41228,19280,19355,19275,19335,94884,310478
41229,19365,19395,19320,19335,59754,308978
41232,19335,19365,19305,19310,47752,309944
41233,19305,19345,19255,19330,68886,307062
41234,19365,19400,19325,19340,77980,307616
41235,19360,19360,19295,19350,62778,307418
41236,19360,19395,19330,19395,45004,310194
41239,19360,19410,19340,19400,62280,314330
41240,19400,19440,19385,19410,49038,309386
41241,19395,19400,19345,19350,41400,309000
41242,19335,19380,19310,19325,57244,311854
41243,19340,19375,19320,19320,49382,305250
41246,19320,19380,19265,19335,77718,306080
41247,19330,19330,19265,19295,36320,305044
41248,19275,19310,19240,19275,66992,303778
41249,19275,19305,19255,19270,43082,304446
41250,19285,19320,19260,19290,63594,308952
41253,19300,19410,19285,19370,186270,335750
41254,19365,19365,19210,19210,133268,321342
41255,19240,19345,19210,19325,98308,319712
41256,19355,19405,19315,19355,93196,299300
41257,19320,19430,19310,19425,95048,297894
41260,19480,19645,19450,19585,168226,312942
41261,19585,19610,19515,19530,100508,308748
41262,19530,19535,19440,19465,74972,297262
41263,19430,19440,19310,19380,89928,287412
41264,19390,19455,19355,19370,77596,275952
41267,19400,19495,19260,19285,100228,277610
41268,19285,19320,19255,19295,57220,279288
41269,19300,19375,19290,19320,91630,274404
41270,19345,19385,19285,19290,70966,269266
41271,19263,19295,19140,19165,113902,266150
41274,19107,19165,18980,19065,106342,265882
41278,19051,19150,19020,19130,81918,259538
41281,19086,19305,19080,19270,180704,253916
41282,19288,19335,19240,19260,82178,251442
41283,19267,19385,19235,19280,95024,253046
41284,19275,19305,19235,19270,39670,252442
41285,19293,19325,19255,19290,65746,254428
41288,19311,19395,19310,19345,83078,263930
41289,19335,19455,19315,19350,122918,260166
41290,19387,19495,19375,19480,102418,266722
41291,19511,19535,19440,19480,61236,259200
41292,19508,19530,19440,19515,68416,253530
41295,19529,19529,19410,19415,60990,242428
41296,19407,19460,19395,19445,39078,243048
41297,19507,19750,19485,19680,213236,249930
41298,19697,19755,19585,19725,116472,245488
41299,19856,19930,19800,19815,128764,243214
41302,19723,19825,19720,19815,55942,242156
41303,19828,20455,19828,20410,566632,321696
41304,20355,20435,20290,20330,394038,334098
41305,20344,20385,20255,20280,190214,338094
41306,20295,20530,20125,20135,588400,338916
41309,20181,20250,20100,20180,296374,337540
41310,20098,20295,20070,20160,333362,333492
41311,20165,20260,20035,20035,234486,284728
41312,20007,20030,19780,19800,214888,227994
41313,19786,19850,19745,19745,106190,214956
41323,19718,19905,19690,19845,84688,212414
41324,19862,20120,19862,20040,285042,233442
41325,20085,20190,19970,19970,179376,227776
41326,19914,19985,19725,19835,179094,204872
41327,19811,19985,19780,19915,160428,207252
41330,19855,19935,19765,19830,138764,185442
41331,19727,19805,19695,19715,105416,184054
41332,19759,19840,19730,19760,93308,181482
41333,19903,19965,19875,19900,136568,190306
41334,19926,19960,19835,19875,114238,185100
41337,19890,20135,19875,20100,208750,200466
41338,20144,20405,20075,20120,354718,197974
41339,20167,20290,20130,20170,183988,199988
41340,20205,20275,20125,20145,117122,197950
41341,20125,20250,20085,20250,129872,205770
41344,20217,20240,20140,20165,80596,200930
41345,20182,20215,20045,20115,94824,198084
41346,20156,20310,20125,20290,202622,214304
41347,20363,20380,20210,20295,167950,217098
41348,20401,20525,20335,20360,248418,219600
41351,20324,20400,19735,20135,181170,187996
41352,20113,20220,20113,20155,80794,183932
41353,20168,20200,20125,20155,56924,186872
41354,20100,20205,20065,20190,111288,186278
41355,20166,20245,20130,20150,85250,177752
41358,20090,20160,20070,20130,52712,177636
41359,20116,20260,20075,20255,101424,189582
41360,20263,20310,20205,20245,94426,190216
41361,20277,20277,20175,20220,62962,188878
41362,20146,20370,20140,20285,157698,195706
41365,20262,20300,20190,20265,93494,196018
41366,20273,20320,20215,20255,88916,200480
41367,20280,20295,20195,20210,93612,196200
41372,20173,20295,20110,20290,94094,185506
41373,20230,20290,20220,20265,55264,184584
41374,20261,20370,20225,20365,115854,183306
41375,20353,20400,20280,20290,107240,171452
41376,20272,20310,20230,20245,47750,168074
41379,20228,20270,20135,20165,82500,170810
41380,20092,20180,20035,20160,57328,163766
41381,20159,20220,20115,20185,56248,162904
41382,20144,20265,20135,20160,59704,163590
41383,20173,20175,19890,19915,349816,201504
41386,19939,20030,19905,19980,105036,196540
41387,19990,20005,19850,19950,125984,199664
41388,19921,19970,19860,19900,70234,194982
41389,19848,19875,19780,19855,75762,195130
41390,19854,20045,19854,19940,61980,187008
41396,19866,19935,19820,19900,41548,190068
41397,19918,20015,19915,20005,49544,189128
41400,20050,20110,20020,20075,76622,187860
41401,20114,20155,20075,20080,56192,185698
41402,20089,20140,20085,20105,39642,181404
41403,20116,20170,20095,20165,58908,168878
41404,20168,20315,20160,20260,122454,165358
41407,20234,20240,20135,20150,47806,153970
41408,20148,20180,20100,20145,33342,148878
41409,20157,20210,20075,20095,50798,142144
41410,20112,20112,20045,20055,23116,128802
41411,20042,20100,20040,20070,23534,126228
41414,20079,20165,20079,20145,37600,127218
41415,20114,20145,20080,20115,16856,123958
41416,20054,20105,20050,20080,12976,124822
41417,20075,20085,20045,20065,14846,122936
41418,20049,20070,20030,20065,12544,123664
41421,20042,20115,20020,20035,19312,125890
41422,20030,20100,20025,20075,15144,125148
41423,20083,20085,20025,20030,11980,121108
41424,20019,20060,19975,20005,22686,118892
41425,20010,20025,19950,19990,26458,124654
41428,19951,20020,19895,20020,19040,122948
41429,20098,20120,20055,20090,28386,118370
41430,20095,20115,20065,20090,15882,118930
41431,20050,20120,20045,20050,17074,117116
41432,20070,20120,20060,20110,12986,115376
41438,20205,20220,20170,20200,50204,110640
41439,20210,20230,20165,20170,31472,114712
41442,20124,20125,19780,20005,55798,105884
41443,20004,20090,19955,20075,23764,99308
41444,20043,20105,20035,20105,11840,98662
41445,20089,20105,20025,20045,17350,100354
41446,20024,20065,19980,20050,16400,99042
41449,20034,20100,20030,20095,18274,99484
41450,20063,20120,20050,20115,22392,99684
41451,20133,20155,20115,20125,18038,100566
41452,20097,20140,20085,20135,11776,97594
41453,20128,20165,20035,20045,25014,98856
41456,20050,20085,20035,20035,13652,98978
41457,20059,20065,20020,20045,16776,97610
41458,20047,20190,20030,20135,28790,94510
41459,20149,20165,20120,20120,16452,94138
41460,20124,20195,20120,20160,31312,93646
41463,20095,20160,20065,20120,46466,97204
41464,20105,20155,20035,20040,32398,89010
41465,20020,20050,19840,19840,58528,107748
41466,19860,19965,19835,19915,63138,110288
41467,19840,19920,19830,19880,35334,109494
41470,19840,19910,19830,19860,27064,108802
41471,19855,19925,19820,19925,36242,105072
41472,19890,19945,19845,19920,32478,100336
41473,19890,19970,19890,19940,22304,99740
41474,19955,19995,19940,19960,20106,99390
41477,19920,19975,19920,19965,13874,98152
41478,19960,20010,19950,19955,9702,95348
41479,19965,19985,19935,19985,22140,96152
41480,19985,20005,19980,19995,35916,98216
41481,19995,19995,19780,19790,73364,105828
41484,19775,19810,19185,19575,163104,126542
41485,19560,19600,19455,19505,46228,128262
41486,19470,19590,19470,19585,40478,122398
41487,19615,19635,19485,19550,24508,119220
41488,19580,19590,19465,19550,24504,116184
41491,19530,19610,19510,19600,28192,115960
41492,19570,19620,19560,19600,15766,115784
41493,19605,19630,19540,19570,22364,115928
41494,19625,19640,19595,19600,33038,119226
41495,19625,19640,19575,19590,31428,116592
41498,19590,19600,19485,19520,24164,118622
41499,19545,19610,19540,19595,30254,120598
41500,19635,19680,19625,19640,39646,119198
41501,19590,19630,19580,19580,26494,122284
41502,19575,19620,19535,19560,35516,126836
41505,19605,19605,19545,19560,25538,129194
41506,19550,19600,19540,19575,22912,126096
41507,19455,19535,19445,19505,46124,118526
41508,19435,19470,19410,19415,37772,118330
41509,19365,19450,19345,19440,20452,114274
41512,19460,20065,19460,19655,73746,108786
41513,19605,19660,19595,19630,24018,111084
41514,19650,19655,19590,19610,26876,107062
41515,19625,19655,19485,19490,30460,104922
41516,19535,19560,19510,19535,11160,103122
41519,19555,19560,19485,19505,12994,101630
41520,19570,19575,19500,19535,27222,103616
41521,19445,19525,19410,19425,39640,106606
41522,19445,19460,19355,19380,44096,103754
41523,19375,19400,19365,19375,15518,105136
41526,19395,19430,19380,19420,25882,107338
41527,19430,19470,19340,19360,27848,114230
41528,19405,19420,19325,19335,18236,112176
41529,19320,19380,19315,19340,4266,110980
41530,19400,19410,19365,19375,8166,109598
41533,19280,19350,19270,19310,19958,101458
41534,19350,19400,19290,19325,18334,100250
41535,19380,19380,19295,19340,11692,98472
41540,19350,19375,19290,19335,10894,96744
41541,19385,19385,19325,19350,8430,90970
41542,19380,19380,19290,19330,7046,87754
41543,19285,19320,19260,19280,10766,86080
41544,19290,19395,19275,19375,14008,78412
41547,19410,19455,19395,19445,16752,76844
41555,19385,19435,19330,19435,7272,77120
41556,19385,19520,19385,19505,26242,85032
41557,19450,19505,19430,19440,19872,89058
41558,19425,19475,19345,19360,32430,95748
41561,19525,19525,19440,19455,12240,97288
41562,19430,19475,19390,19415,12918,98626
41563,19420,19445,19390,19400,9228,98872
41564,19380,19385,19265,19270,23308,91932
41565,19260,19335,19250,19255,13742,88628
41568,19215,19275,19170,19270,18474,90492
41569,19320,19320,19235,19240,14310,91748
41570,19210,19265,19150,19155,14006,93916
41571,19115,19185,19080,19095,26774,95470
41572,19100,19125,19065,19095,14132,94048
41575,19050,19120,19010,19015,12238,95774
41576,19000,19025,18970,18995,10798,95346
41577,19065,19065,18995,19020,8944,96460
41578,19005,19105,18990,19105,15952,94552
41579,19050,19080,19020,19080,11816,92942
41582,19055,19085,19030,19055,5984,93846
41583,19110,19115,19005,19025,6226,93512
41584,19090,19095,18940,18960,16578,96280
41585,18970,18990,18960,18975,6896,97000
41586,18980,19075,18970,19045,12098,95030
41589,19055,19140,19025,19065,13976,92518
41590,19070,19095,18985,18990,12954,92922
41591,18985,19030,18975,19025,8944,92336
41592,19005,19045,18985,19040,16008,90514
41593,18975,19020,18925,18930,18368,85036
41596,18975,19005,18680,18685,49728,103292
41597,18645,18680,18560,18610,46576,113128
41598,18600,18750,18600,18745,34592,106176
41599,18795,18805,18685,18740,29206,104590
41600,18665,18725,18665,18720,11346,103504
41603,18675,18675,18610,18620,16266,104998
41604,18630,18685,18620,18660,11654,104744
41605,18640,18680,18575,18595,25266,103614
41606,18565,18630,18535,18615,14830,100846
41607,18615,18685,18615,18685,16456,97750
41610,18680,18760,18680,18745,28896,96462
41611,18740,18790,18680,18705,19028,99122
41612,18625,18735,18625,18715,10980,98512
41613,18730,18775,18665,18685,14424,96112
41614,18700,18735,18660,18725,9044,96476
41617,18755,18795,18730,18745,16498,95910
41618,18725,18755,18705,18710,5816,94758
41619,18730,18785,18710,18715,8804,93632
41620,18730,18745,18620,18690,25244,94026
41621,18710,18710,18610,18645,19914,90894
41624,18650,18665,18575,18605,19036,93684
41625,18630,18630,18560,18590,6812,93716
41626,18600,18610,18555,18580,16580,92724
41627,18600,18655,18575,18615,44054,94964
41628,18645,18645,18585,18605,16278,92630
41631,18495,18625,18460,18560,16036,92710
41632,18575,18595,18540,18555,11872,96222
41633,18590,18600,18535,18570,9364,97254
41634,18595,18695,18585,18695,17568,99514
41635,18715,19070,18715,18955,136786,103158
41638,18785,18915,18590,18635,94042,115106
41639,18705,18860,18675,18830,70834,125678
41641,18865,18865,18630,18700,76156,135298
41642,18665,18705,18625,18660,31078,133856
41645,18675,18675,18435,18445,53818,137510
41646,18500,18670,18435,18655,51712,146500
41647,18680,18950,18650,18885,117006,148954
41648,18820,18890,18735,18755,63476,137414
41649,18775,18975,18675,18685,127996,135490
41652,18670,18830,18665,18765,74096,144552
41653,18830,18870,18755,18860,45370,143588
41654,18825,18875,18745,18790,29610,143996
41655,18800,18845,18615,18640,34562,144536
41656,18760,18835,18675,18750,61934,150970
41659,18690,18765,18625,18670,56034,151882
41660,18730,18775,18640,18740,50998,153592
41661,18855,18855,18685,18690,38268,152564
41662,18750,18760,18695,18715,22874,153412
41663,18730,18765,18595,18740,31932,157310
41666,18740,18760,18655,18665,27390,152956
41667,18580,18635,18515,18535,42600,149234
41668,18525,18615,18520,18565,10466,144920
41669,18590,18655,18535,18540,9350,141350
41677,18635,18685,18555,18655,19116,141854
41680,18655,18815,18560,18810,45184,153636
41681,18760,18995,18725,18735,61298,153212
41682,18815,18830,18725,18785,21804,154130
41683,18735,18855,18685,18690,23790,156110
41684,18510,18760,18510,18695,42142,167630
41687,18675,18745,18565,18585,27240,168116
41688,18675,18695,18475,18485,18796,168124
41689,18490,18645,18480,18575,15926,168376
41690,18620,18625,18430,18440,26550,169250
41691,18575,18580,18415,18475,8084,169034
41694,18550,18550,18365,18390,39078,162616
41695,18510,18510,18395,18405,20024,161028
41696,18365,18370,18260,18340,52510,164734
41697,18135,18265,17990,18010,50704,165248
41698,18030,18150,17560,17645,161168,160894
41701,17575,17895,17540,17890,136000,166110
41702,17960,18005,17840,17940,83286,166648
41703,18005,18025,17875,17930,38750,172146
41704,17970,17985,17810,17855,77930,175534
41705,17970,18045,17875,17905,50196,172722
41708,17850,17875,17585,17630,93134,164066
41709,17645,17695,17545,17605,43004,159030
41710,17600,17625,17475,17490,32784,158078
41711,17515,17650,17440,17550,33592,158130
41712,17550,17565,17405,17450,31288,160214
41715,17435,17490,17370,17405,36614,164044
41716,17420,17470,17350,17420,27602,162612
41717,17470,17470,17385,17400,19580,159692
41718,17450,17515,17345,17430,20354,156024
41719,17405,17445,17325,17385,23094,157462
41722,17375,17380,17325,17340,19284,158962
41723,17200,17270,17075,17100,88038,174482
41724,17170,17180,17070,17080,33122,176190
41725,17005,17005,16820,16835,76978,184378
41726,16875,16885,16820,16845,29150,187270
41729,16795,16915,16790,16850,56040,182718
41730,16835,16885,16785,16845,26076,182060
41731,17020,17020,16750,16750,22260,178462
41732,16760,16775,16630,16635,25122,178820
41733,16630,16670,16580,16670,34216,184386
41737,16735,16980,16660,16750,187658,203226
41738,16745,16765,16590,16605,62786,203856
41739,16620,16620,16455,16490,129960,204606
41740,16500,16605,16425,16450,92976,191722
41743,16490,16500,16420,16450,37938,186196
41744,16465,16525,16435,16505,36694,182730
41745,16460,16560,16455,16505,42874,180950
41746,16510,16560,16495,16540,40018,182910
41747,16545,16555,16465,16480,32256,174790
41750,16465,16690,16345,16350,51090,172056
41751,16340,16370,16240,16305,35208,168808
41752,16305,16330,16250,16270,15608,169144
41753,16255,16415,16240,16325,25884,167158
41754,16315,16340,16285,16325,17324,166562
41757,16345,16420,16310,16405,46596,176646
41758,16375,16410,16340,16345,31364,176248
41759,16365,16410,16355,16405,22596,179192
41764,16370,16435,16340,16350,28838,178272
41765,16365,16365,16265,16275,28856,179348
41766,16230,16310,16230,16260,17320,180266
41767,16245,16285,16210,16250,14786,180996
41768,16240,16285,16235,16260,10820,179920
41771,16245,16245,16150,16160,25284,184996
41772,16135,16210,16115,16190,17002,180936
41773,16200,16285,16175,16280,26700,180770
41774,16245,16260,16210,16235,12670,180056
41775,16190,16225,16120,16145,24788,182026
41778,16150,16150,15990,16070,29220,186852
41779,16050,16145,16045,16120,17474,187220
41780,16095,16200,16080,16140,27360,188692
41781,16140,16170,16095,16105,18084,191706
41782,16065,16120,16010,16085,24634,195274
41785,16045,16105,16015,16080,34610,212170
41786,16100,16105,16030,16065,18482,212932
41787,16050,16050,15945,15960,39312,215624
41788,15940,15990,15940,15960,18308,216346
41789,15975,16000,15890,15935,34006,218706
41793,15930,15955,15730,15745,69694,234082
41794,15730,15780,15630,15670,51740,237338
41795,15645,15645,15495,15565,67542,243090
41796,15550,15680,15535,15675,53346,236176
41799,15655,15695,15605,15645,23034,234406
41800,15640,15745,15635,15730,32904,233344
41801,15725,15780,15710,15745,34984,230592
41802,15710,15715,15640,15675,17686,229478
41803,15690,15725,15660,15680,18030,232144
41806,15685,15860,15680,15830,47672,231908
41807,15790,15790,15730,15755,24432,234204
41808,15735,15750,15615,15620,49412,236982
41809,15625,15720,15625,15695,43380,231326
41810,15755,15755,15665,15700,29092,231776
41813,15645,15695,15635,15680,32776,238478
41814,15680,15705,15640,15655,25062,241702
41815,15600,15625,15545,15600,44462,244662
41816,15530,15575,15475,15570,63136,251578
41817,15540,15590,15530,15560,36298,251582
41820,15545,15615,15540,15595,35686,247378
41821,15550,15560,15385,15450,67406,253328
41822,15445,15445,15105,15200,125520,283802
41823,15150,15150,14935,14975,139240,307116
41824,15005,15060,14930,15020,69258,301996
41827,14985,14995,14675,14690,126306,323428
41828,14605,14825,14495,14800,166414,317230
41829,14750,14790,14665,14690,111844,337448
41830,14640,14750,14505,14545,126418,361078
41831,14505,14545,14290,14400,193844,385650
41834,14380,14640,14365,14400,119974,390028
41835,14455,14475,14360,14400,83726,396110
41836,14410,14595,14340,14550,183712,398034
41837,14500,14585,14455,14500,99618,399100
41838,14505,14595,14450,14565,90960,400690
41841,14565,14635,14500,14585,103670,404100
41842,14580,14760,14535,14750,198364,399738
41843,14755,14790,14660,14750,133250,393314
41844,14740,14755,14535,14640,213602,381038
41845,14495,14575,14440,14550,119070,383424
41848,14480,14565,14440,14515,104832,378622
41849,14545,14665,14520,14570,144666,385286
41850,14520,14605,14510,14575,59538,387934
41851,14490,14595,14480,14565,59612,384554
41852,14510,14530,14150,14160,316310,457772
41855,14225,14655,14185,14600,406680,424910
41856,14605,14815,14510,14695,563708,452032
41857,14670,14760,14575,14715,364284,478988
41858,14710,14795,14685,14740,283812,475900
41859,14715,14765,14695,14735,150132,473068
41862,14740,14980,14735,14955,364102,495968
41863,14920,14965,14830,14895,271944,504044
41864,14820,14870,14725,14790,231598,502248
41865,14905,14990,14785,14850,292244,502270
41866,14830,14860,14755,14790,182376,502528
41869,14745,14785,14405,14460,391788,473026
41870,14450,14485,14385,14405,170610,466566
41871,14440,14525,14375,14375,190958,460798
41872,14540,14565,14450,14485,158506,465680
41873,14460,14460,14225,14315,313082,475362
41876,14340,14400,14190,14340,179404,484184
41877,14340,14580,14325,14555,284490,498454
41878,14560,14700,14485,14500,354724,513914
41879,14530,14575,14270,14295,330632,535486
41880,14275,14350,14210,14255,224186,546362
41883,14240,14340,13925,13930,561774,604654
41884,13940,14140,13910,14010,433104,589372
41885,13950,14240,13915,14090,476064,588796
41886,14120,14170,13975,13985,354314,613694
41887,13960,13975,13655,13665,512294,625010
41891,13720,13865,13505,13700,624500,588160
41892,13775,13825,13640,13735,360658,585048
41893,13825,13825,13660,13690,307648,591862
41894,13755,13820,13625,13635,448264,621672
41897,13595,13790,13575,13790,367264,605064
41898,13675,13785,13655,13720,356278,601508
41899,13745,13960,13645,13955,552836,582362
41900,13855,13900,13555,13575,771606,699906
41901,13590,13590,13180,13195,819924,732400
41904,13180,13265,12890,13035,865778,724912
41905,13015,13355,12905,13270,1100916,756798
41906,13295,13335,12870,12870,1342486,847584
41907,12860,12965,12565,12945,1426928,810396
41908,12975,13270,12880,13270,771846,779682
41911,13370,13900,13085,13680,1633866,681374
41912,13635,13635,13345,13415,904360,679058
41920,13685,13760,13430,13530,527190,684078
41921,13535,13610,13125,13390,1442254,710172
41922,13330,13515,13255,13465,910934,678972
41925,13500,13745,13500,13655,689278,664436
41926,13700,13845,13585,13795,782592,653052
41927,13700,13830,13620,13690,785068,670322
41928,13615,13820,13545,13820,782858,677940
41929,13865,14020,13760,13810,874774,716846
41932,13945,14025,13770,13915,973258,733452
41933,13880,14010,13810,13855,958438,720736
41934,13860,13910,13785,13835,574414,715268
41935,13785,13835,13695,13695,590646,758856
41936,13710,13810,13655,13785,421584,727972
41939,13755,13785,13400,13425,882476,859234
41940,13435,13550,13410,13480,637370,841754
41941,13545,13715,13505,13670,562656,775134
41942,13600,13840,13585,13665,702246,772976
41943,13585,13590,13445,13585,567104,778300
41946,13550,13565,13365,13375,586608,850108
41947,13395,13485,13345,13400,513464,865440
41948,13275,13350,13215,13250,468922,853818
41949,13270,13365,13210,13345,406528,849912
41950,13355,13385,13305,13340,298920,826544
41953,13350,13460,13350,13405,329286,837622
41954,13285,13415,13260,13345,422862,839052
41955,13385,13430,13345,13410,308886,845012
41956,13310,13350,13270,13300,343026,846016
41957,13120,13175,13050,13115,521302,850442
41960,13120,13155,12855,12865,757392,930878
41961,12890,13015,12845,12995,589720,869166
41962,13015,13035,12910,12935,327470,862980
41963,12885,12930,12690,12740,805116,936914
41964,12780,12785,12710,12715,325030,935328
41967,12700,12720,12440,12480,687804,973940
41968,12445,12925,12390,12840,1389616,883504
41969,12765,12790,12605,12635,591302,888870
41970,12690,12975,12680,12945,981548,878978
41971,12880,13025,12845,12915,670706,857498
41974,12825,12965,12760,12845,645030,867208
41975,12865,12935,12805,12870,446486,841252
41976,12865,12975,12830,12945,566172,851932
41977,12920,13215,12920,13095,946172,801720
41978,13140,13205,13075,13140,418446,783716
41981,13080,13160,13045,13105,419050,740966
41982,13060,13060,12860,12905,550726,692608
41983,12945,13115,12895,12995,491796,689006
41984,12950,13025,12920,13010,257274,671082
41985,13065,13245,13060,13205,655394,701696
41988,13205,13245,13065,13125,318994,677940
41989,13145,13170,12995,13060,312704,641708
41990,13010,13040,12850,12905,439088,567152
41991,12915,12995,12795,12870,340692,572942
41992,12890,12920,12825,12895,230088,568364
41995,12870,12935,12860,12885,126844,560544
41996,12920,12995,12885,12910,266014,563810
41997,12895,12990,12795,12975,402598,575494
41998,12935,13185,12910,13165,520390,655592
41999,13155,13175,13060,13070,265162,616380
42002,13080,13340,13055,13210,398280,631750
42003,13205,13400,13165,13385,387944,639222
42004,13365,13435,13270,13300,283054,622062
42009,13065,13115,12950,13070,272258,579942
42010,13065,13185,13055,13150,191008,584294
42011,13160,13245,13090,13115,222078,578072
42012,13120,13215,13080,13185,191330,585136
42013,13210,13230,13125,13155,142746,574406
42016,13170,13195,13100,13130,157814,571004
42017,13105,13125,12960,12960,307644,537154
42018,12955,13025,12915,12950,220072,522748
42019,12935,13050,12920,13020,224654,520480
42020,13025,13290,13025,13170,300354,503324
42023,13160,13225,13120,13195,180958,482034
42024,13180,13245,13135,13165,143286,476400
42025,13180,13190,13010,13070,295600,471426
42026,13090,13155,13055,13085,169044,459804
42027,13105,13135,12975,13095,278704,456344
42030,13075,13165,13000,13010,247274,455182
42031,13015,13215,12955,13085,288304,452458
42032,13100,13230,13090,13225,207222,487486
42033,13210,13350,13180,13300,417390,525272
42034,13280,13305,13165,13170,223462,491308
42037,13160,13200,13125,13175,154656,480608
42038,13200,13305,13180,13255,197834,500368
42039,13290,13465,13250,13415,478608,555974
42040,13410,13410,13225,13235,312152,519486
42041,13245,13360,13245,13320,181126,526586
42044,13315,13365,13260,13350,181708,542546
42045,13320,13440,13320,13380,219654,545432
42046,13390,13425,13305,13355,183598,524976
42047,13310,13355,13280,13315,130234,507522
42048,13305,13450,13305,13405,193976,477944
42051,13405,13470,13385,13420,127874,452390
42052,13415,13495,13410,13440,97444,442346
42060,13510,13535,13405,13460,108390,442908
42061,13455,13600,13450,13575,303302,489066
42062,13560,13590,13505,13535,201402,495846
42065,13525,13575,13460,13520,209064,476970
42066,13505,13550,13250,13380,401062,431672
42067,13340,13390,13320,13345,104698,417900
42068,13340,13365,13310,13330,117138,404912
42069,13300,13385,13300,13335,96956,394008
42072,13305,13330,13210,13255,225744,374080
42073,13255,13265,13210,13215,90630,362724
42074,13220,13245,13165,13235,97336,353082
42075,13225,13445,13225,13335,162100,355288
42076,13330,13360,13305,13325,63884,352160
42079,13335,13335,13240,13300,90792,344164
42080,13290,13315,13250,13255,61448,341550
42081,13250,13255,13180,13200,105308,331512
42082,13190,13325,13120,13150,183164,354270
42083,13185,13195,13075,13120,126320,367382
42086,13130,13220,13115,13220,159088,361494
42087,13225,13320,13220,13255,163772,345192
42088,13280,13280,13190,13195,107952,328938
42089,13175,13200,13105,13175,135126,333398
42090,13170,13250,13080,13245,140486,327580
42093,13260,13265,13140,13145,132458,327838
42094,13150,13185,13065,13070,122164,341474
42095,13045,13120,12930,13000,194520,340742
42096,13005,13085,12970,12995,122932,347320
42097,13030,13065,12925,12950,127434,342628
42101,13010,13040,12850,12910,145296,350282
42102,12925,13075,12850,13045,242762,374804
42103,13065,13125,13005,13040,172580,375714
42104,13040,13040,12900,12935,133982,369320
42107,12910,12975,12860,12955,138306,371910
42108,12960,13015,12925,12995,129350,380414
42109,13005,13045,12940,12965,98352,379408
42110,12975,13100,12960,13075,151910,383218
42111,13055,13100,12995,13030,104330,387398
42114,13040,13075,13010,13055,89850,379962
42115,13035,13135,13030,13110,157878,400972
42116,13090,13365,13090,13330,458448,454704
42117,13330,13365,13050,13125,415904,444004
42118,13165,13275,13165,13250,250664,468140
42121,13295,13500,13235,13440,545040,573274
42122,13445,13525,13360,13415,362364,579616
42123,13420,13570,13320,13370,626496,616486
42124,13405,13505,13360,13415,336826,637034
42128,13355,13605,13355,13600,346234,692330
42129,13600,13630,13440,13550,510110,689524
42130,13570,13645,13530,13575,408788,706812
42131,13570,13605,13395,13405,416020,691974
42132,13385,13385,13280,13320,355600,675354
42135,13340,13430,13325,13390,244618,673838
42136,13315,13365,13245,13265,349624,640248
42137,13275,13315,13230,13245,169338,641812
42138,13270,13350,13255,13345,246362,650736
42139,13360,13425,13340,13350,266796,626766
42142,13355,13410,13340,13395,114922,595056
42143,13370,13400,13270,13270,193336,568306
42144,13235,13265,13155,13165,224904,541082
42145,13165,13270,13150,13235,138014,540138
42146,13255,13280,13175,13185,143678,545354
42149,13190,13205,13100,13135,182854,547512
42150,13155,13305,13140,13200,217048,527862
42151,13260,13265,13185,13205,130908,532434
42152,13200,13265,13195,13215,136866,532346
42153,13215,13290,13185,13265,151604,524670
42156,13300,13335,13200,13275,228122,509898
42157,13280,13310,13215,13230,142516,517694
42158,13225,13285,13225,13260,177820,534928
42159,13255,13295,13205,13215,176204,538084
42160,13205,13245,13175,13215,122470,534148
42163,13185,13220,13160,13205,81516,532064
42164,13210,13240,13190,13210,89142,533018
42165,13225,13240,13200,13215,76204,530222
42166,13215,13240,13025,13045,289402,562946
42167,13060,13060,12920,12960,286438,522598
42170,12965,13030,12900,12910,167510,522610
42171,12900,12960,12885,12960,111400,524350
42172,12950,13005,12905,12980,109416,515838
42173,12960,13000,12935,12950,82150,514336
42174,12955,12995,12875,12965,148426,501246
42178,12990,13060,12970,12980,67642,494590
42179,12950,12990,12945,12980,65444,489866
42180,13000,13040,12950,12955,70950,481968
42181,12965,13015,12945,12995,111350,466044
42184,13010,13065,13005,13030,157024,459708
42185,13030,13040,12945,13000,131858,445614
42186,12990,13160,12980,13105,179070,449448
42187,13085,13125,13065,13110,69138,443564
42188,13110,13170,13110,13145,123296,449750
42191,13160,13160,13000,13005,141620,433640
42192,13005,13040,12925,12935,163214,407978
42193,12895,12935,12480,12485,449134,373288
42194,12435,12930,12250,12835,345544,344240
42195,12855,12995,12800,12885,236786,385120
42198,12915,12935,12775,12795,116734,398066
42199,12785,12830,12660,12700,172280,410336
42200,12735,12735,12595,12660,135738,417510
42201,12650,12670,12585,12625,79736,418190
42202,12615,12675,12615,12630,64272,420214
42205,12615,12745,12525,12720,148494,427086
42206,12725,12760,12685,12715,78188,427162
42207,12715,12750,12670,12690,64392,423474
42208,12690,12720,12650,12685,64022,420656
42209,12695,12775,12670,12740,118016,416642
42212,12750,12770,12685,12705,86828,418394
42213,12675,12800,12675,12795,124694,425658
42214,12780,12795,12735,12755,99728,418242
42215,12745,12765,12715,12740,64282,413526
42216,12745,12755,12600,12630,141632,442774
42219,12635,12710,12615,12655,106326,430816
42220,12635,12710,12530,12615,154366,438890
42221,12635,12640,12530,12530,85830,450610
42222,12540,12555,12310,12375,228262,488870
42223,12350,12430,12350,12400,127906,485016
42226,12395,12435,12285,12370,130866,495064
42227,12355,12520,12350,12445,157556,492498
42228,12430,12470,12395,12430,87692,495712
42229,12445,12690,12445,12655,258550,485606
42230,12685,12715,12600,12605,154138,483152
42233,12625,12675,12605,12670,88084,473918
42234,12700,12700,12605,12620,73324,470678
42235,12620,12770,12545,12760,256652,509462
42236,12760,12785,12635,12675,142114,499656
42237,12680,12730,12565,12565,116920,492260
42240,12570,12580,12395,12495,247804,468294
42241,12420,12485,12360,12435,171146,464214
42242,12475,12495,12370,12380,103416,462820
42243,12350,12470,12345,12470,112750,462868
42244,12480,12595,12420,12430,142622,468144
42247,12420,12455,12375,12380,85862,469452
42248,12385,12535,12365,12475,153164,472416
42249,12470,12530,12425,12500,95304,460780
42254,12470,12580,12470,12525,78528,461308
42255,12540,12540,12460,12510,73210,459924
42256,12535,12615,12530,12575,140132,465302
42257,12580,12645,12535,12615,117590,470388
42258,12620,12665,12545,12580,108380,461766
42261,12560,12590,12520,12550,55662,459628
42262,12560,12610,12510,12545,87656,451296
42263,12540,12545,12455,12505,112072,439356
42264,12510,12525,12470,12475,55194,427422
42265,12485,12515,12435,12435,56898,432322
42268,12440,12455,12375,12430,97130,430666
42269,12395,12460,12395,12410,82116,431940
42270,12405,12520,12400,12520,169552,439400
42271,12510,12560,12490,12555,108264,445520
42272,12560,12560,12365,12370,240840,483848
42275,12340,12340,12115,12140,343910,492760
42276,12120,12230,12120,12180,161116,480114
42277,12195,12275,12170,12255,129866,467412
42285,12340,12375,12235,12240,129630,480062
42286,12240,12255,12065,12180,345644,497984
42289,12210,12240,12130,12140,161388,507258
42290,12130,12180,12075,12160,149612,502028
42291,12160,12250,12095,12180,172356,507270
42292,12190,12205,11990,12005,190010,543004
42293,12015,12025,11890,11905,289888,570528
42296,11900,11930,11750,11790,267440,579418
42297,11795,11880,11780,11830,170668,579318
42298,11850,11865,11705,11790,278350,584390
42299,11805,11920,11730,11865,310552,584298
42300,11875,11965,11755,11880,431122,590322
42304,11855,11925,11805,11915,219954,586746
42305,11920,11950,11855,11885,171734,583882
42306,11860,11895,11750,11875,302712,589354
42307,11860,11940,11825,11910,207338,586336
42310,11940,11965,11840,11945,256018,575002
42311,11925,11945,11875,11890,126576,558614
42312,11890,11960,11860,11910,189004,550132
42313,11905,11930,11800,11830,189106,575004
42314,11825,11850,11755,11785,211064,576200
42317,11855,11855,11815,11825,47642,577870
