40284,3496.1,3517.4,3432.1,3434.5,58457,3590
40287,3413.8,3413.8,3181.8,3209.7,123612,5120
40288,3225.9,3249.8,3180.7,3228.4,153419,5750
40289,3230.1,3291.9,3220.5,3280.1,121023,6319
40290,3274.6,3284.2,3222.6,3249.9,140307,6716
40291,3258.6,3276.2,3234.4,3235.4,121963,7222
40294,3260.4,3265.2,3223.7,3233,116259,8687
40295,3217.1,3217.1,3121.6,3155.8,146123,9307
40296,3115.4,3156.6,3112.6,3146.7,133791,9067
40297,3161,3172.6,3099.6,3100.8,121254,11020
40298,3118.5,3134.8,3059.8,3125.8,193380,10918
40302,3095.2,3109.5,3078,3095.5,157571,11017
40303,3068.1,3101.7,3047.1,3094.1,153710,12786
40304,3099,3099.6,2976.9,2990.6,181699,14101
40305,2950.8,2975.4,2884.7,2920.9,256676,12114
40308,2940.2,2946.7,2889.2,2937.7,218207,14141
40309,2971,2972.8,2818.2,2820.9,246312,14211
40310,2826.5,2870.3,2801.6,2854.9,315025,14352
40311,2866,2925.5,2843.9,2913.7,255153,15072
40312,2898.7,2910.4,2867.6,2880,228636,13862
40315,2843.1,2849.6,2714.4,2724.3,221841,15146
40316,2718.2,2845.6,2716.2,2812,306063,15378
40317,2786.2,2859.8,2739.8,2789.4,362039,16036
40318,2809.5,2847.1,2749.1,2770.7,305072,17869
40319,2703.7,2811.5,2683.7,2810.9,317595,16572
40322,2822.4,2942.6,2821.9,2914.2,318863,18754
40323,2888.7,2899.7,2822.8,2824.5,300900,18799
40324,2862.1,2887.6,2827.3,2850,339998,18659
40325,2831.9,2917.5,2798.4,2910.9,339829,19982
40326,2939.8,2951.2,2861,2874,318732,20589
40329,2858.6,2905.2,2794.9,2800.4,350260,22592
40330,2790.1,2827.7,2740.2,2771.1,436171,21800
40331,2769.2,2789,2726.3,2784.9,358266,23300
40332,2806.6,2814.5,2750.1,2757.5,358036,23699
40333,2754.1,2775.9,2731.1,2771.2,337663,21672
40336,2695.3,2724.5,2687.9,2715.2,307258,21667
40337,2723.9,2734,2691.6,2733,241972,23308
40338,2730.8,2814.2,2708.8,2799.3,345288,24818
40339,2783.3,2799.9,2773.1,2781.9,261058,23289
40340,2800.9,2810,2784,2786.3,215378,22298
40346,2802.9,2810.2,2765.9,2767.6,190270,24352
40347,2768.1,2782.8,2715,2727.8,269428,24780
40350,2746.2,2824.7,2728,2814.2,291232,26294
40351,2802.4,2823.8,2802.4,2807.9,229511,24623
40352,2795.5,2810.1,2752.2,2775.9,248831,24244
40353,2780.4,2818.3,2760.3,2781.6,308163,24280
40354,2768.6,2781.9,2745.5,2764.8,258764,24467
40357,2766.3,2773,2740.3,2751.6,217347,26927
40358,2752.1,2756.3,2608.6,2610,311941,30903
40359,2593.4,2601.8,2572.5,2588.9,257968,28785
40360,2593.4,2601.8,2545.1,2554.7,252810,30819
40361,2559.3,2572.9,2487.5,2556.7,384533,31782
40364,2542.8,2557.2,2489.9,2541,375716,30953
40365,2532.3,2593.3,2522.3,2575.2,382806,31308
40366,2569.5,2591.3,2556.4,2579.5,331217,30081
40367,2602.9,2609.4,2572.1,2579.5,268482,30175
40368,2585.2,2675.3,2573,2660.5,350454,30526
40371,2664.7,2700.5,2657.2,2671,318630,30159
40372,2660.8,2660.8,2629.7,2637.7,317273,27439
40373,2655.6,2692.1,2642.6,2657.8,335984,30425
40374,2652.4,2716.6,2613.2,2616,478480,29569
40375,2619.8,2633,2592.7,2625.9,381333,27536
40378,2607.1,2720.5,2600.8,2703.4,391254,29364
40379,2706.9,2766.5,2706.5,2753.2,402172,28649
40380,2753.9,2763.8,2740,2751.2,317187,29956
40381,2745.7,2791.9,2743.8,2790.8,397593,31362
40382,2801,2806.5,2771.5,2790.7,336165,29552
40385,2798.5,2809.5,2775.4,2803.8,303860,31767
40386,2804,2806.3,2780.3,2785.4,307294,30190
40387,2785.1,2894.8,2782.7,2894.2,368399,34250
40388,2895.7,2902.2,2868.9,2884.6,284687,31996
40389,2880.4,2887.4,2862.5,2879.9,250345,30851
40392,2895,2957.1,2888.7,2934.3,302570,34275
40393,2937.5,2942,2857.5,2865.4,337090,30850
40394,2870,2898.7,2843.8,2882.7,401463,33573
40395,2883,2888.4,2830.9,2855.8,175838,30498
40396,2861.4,2930.3,2840.3,2928.3,340356,33963
40399,2925.4,2939.1,2899.9,2921.7,305499,31679
40400,2921.7,2928.3,2837.5,2846.2,346966,29767
40401,2848.4,2879.7,2833,2848.8,386328,29276
40402,2827.6,2875.9,2820.6,2836.1,366922,29391
40403,2839.4,2870,2818.7,2864.7,329250,30413
40406,2856.5,2951.4,2852.9,2939.2,316773,32498
40407,2943.3,2973.9,2941.1,2962.6,253767,31651
40408,2969.4,2987,2949.3,2964.2,295864,34426
40409,2968.4,3018,2955.2,2986.2,338394,35786
40410,2976.5,2982.8,2916.9,2928.2,337115,31585
40413,2928,2943.1,2902.2,2911.2,258218,32623
40414,2907.4,2962.9,2880.9,2919.5,350205,31536
40415,2916.3,2926.7,2858.3,2861.8,337714,32712
40416,2875.7,2898.5,2853.4,2871.4,279834,33965
40417,2866.7,2879.8,2853.6,2878.7,278254,31482
40420,2894.3,2953.4,2894.3,2936.1,266601,34617
40421,2920.8,2927,2908.4,2916.2,202762,32836
40422,2933.3,2961,2877,2896.4,319978,34031
40423,2933.9,2954.5,2918.4,2935.7,301104,31889
40424,2939.9,2945.5,2906.8,2939.2,272198,30120
40427,2964.4,2999.7,2956.5,2998.6,258191,33279
40428,2998.8,3004,2975.4,3003.1,213412,34894
40429,2990.4,3004.5,2978.1,3001.9,199484,34362
40430,3011.6,3013,2941.4,2953.5,256338,32271
40431,2960.5,2960.5,2919.4,2946.6,227948,34060
40434,2957.7,2989.1,2942.4,2975.2,222682,32446
40435,2979.9,3002,2965.5,2976.2,248515,29494
40436,2977.2,2981.1,2926.8,2929.5,231849,31830
40437,2935.5,2935.9,2849.3,2881.1,302366,31744
40438,2880.7,2891.9,2871.6,2883.5,232534,28425
40441,2886.1,2896.3,2852.7,2878,215963,29551
40442,2886.2,2891.3,2865.4,2876.9,168230,27858
40448,2889.8,2919,2884.7,2909.6,163652,28665
40449,2904.7,2910.4,2895.1,2897.6,124338,26153
40450,2900.9,2917,2887.2,2900.4,142544,25813
40451,2882.1,2960.4,2877.7,2959.4,198757,25182
40459,2977.1,3078.6,2973,3061.4,162251,28475
40462,3082.9,3169.3,3082.9,3147.4,234528,27962
40463,3137.7,3173.3,3135.3,3165.9,203442,29168
40464,3180.9,3226.5,3175.6,3225.2,251094,30491
40465,3243.4,3270.7,3234.7,3251.5,240210,29923
40466,3239.2,3398.5,3236.8,3395.8,297174,33180
40469,3400.4,3428.6,3331.8,3336.7,317550,33239
40470,3365.5,3439.8,3334.4,3430.4,164633,36456
40471,3391.1,3520.1,3383.2,3467.5,399315,37004
40472,3485,3501.7,3416.5,3457.5,340089,38151
40473,3465.4,3505.7,3435,3472.9,307151,38800
40476,3493.9,3617.5,3468.7,3615.6,271670,40400
40477,3625,3629,3536,3570.8,250801,39594
40478,3574.5,3617.6,3489.3,3503.4,321670,41150
40479,3506.3,3551.3,3502.5,3532.7,263495,41468
40480,3451.9,3514.4,3415.5,3437.7,288874,37679
40483,3462.2,3590.9,3462,3572,244575,40906
40484,3574.6,3604.7,3519.9,3521.1,285009,41415
40485,3554.5,3555,3474.6,3496.5,316126,40405
40486,3508,3564,3498.2,3557.4,262780,41535
40487,3615.9,3667.4,3602.2,3628.6,237152,41535
40490,3637.4,3642.2,3595.9,3620.1,178364,42825
40491,3619.2,3624.8,3575.5,3594.2,178743,41672
40492,3591.3,3592.1,3524.5,3562,196860,41707
40493,3552.7,3643.9,3548.7,3557.9,262967,42125
40494,3526,3551.6,3302.5,3336.3,322056,34900
40497,3361.6,3378,3319.1,3351.7,250066,35825
40498,3348.8,3357.8,3195.7,3215.1,280901,33380
40499,3168.2,3232.1,3144.7,3157.5,333507,36609
40500,3182.1,3216.2,3158.9,3196.4,254669,35812
40501,3215.8,3258.4,3092.8,3251.3,189682,32160
40504,3232,3251.5,3179.4,3204.5,255584,30306
40505,3193.5,3197.1,3077.1,3135.1,296240,28278
40506,3123.3,3234.2,3122.5,3213.2,304615,29628
40507,3228.9,3257.4,3201.3,3242.5,196712,27570
40508,3240.5,3254.8,3190.3,3228.1,215645,26288
40511,3220.9,3248.4,3184,3226.3,176948,27890
40512,3220.5,3234.4,3089.5,3166.4,264939,26733
40513,3170.8,3179.3,3141.3,3159.7,183664,26938
40514,3206,3233.5,3181.1,3182.2,165884,30236
40515,3190.1,3203.5,3152.4,3192.1,186801,28071
40518,3213.5,3223.5,3167.1,3188.2,176241,29271
40519,3161,3258.5,3132.4,3240.5,237404,30009
40520,3218.3,3246,3176.8,3178.5,177577,29739
40521,3190,3202.5,3145.6,3160.2,203388,32210
40522,3151.9,3215.2,3138.5,3192.4,211261,32597
40525,3237.3,3308.1,3212.7,3304.4,225302,35143
40526,3306.8,3322.3,3301.3,3311.6,61882,35983
40527,3313.4,3324,3282.3,3285.8,183694,33063
40528,3282.9,3308.3,3267.3,3269.9,150634,32114
40529,3281.5,3294.8,3264.9,3293.3,155517,30826
40532,3315.7,3323.2,3151.4,3226,231914,29703
40533,3234.6,3321.6,3223.6,3319.5,212149,31394
40534,3317.4,3322.9,3227.8,3260.4,182673,29223
40535,3263.1,3289.6,3222.4,3237.7,225295,30742
40536,3226.7,3240.6,3183.8,3214.7,254832,31210
40539,3235.1,3280.2,3132.3,3137.8,272374,33688
40540,3138,3144.9,3091.7,3093.2,213440,35123
40541,3092.2,3112.8,3085,3110,152974,35093
40542,3104.6,3132.4,3069.3,3114.3,194219,33220
40543,3116.8,3180.7,3115.5,3179.2,240072,29805
40547,3195.5,3232.1,3179.6,3211.7,197547,30446
40548,3204.5,3221.5,3197,3206,151371,28949
40549,3220.5,3240.8,3185,3192.7,195083,31905
40550,3183.2,3245.7,3164.4,3190.1,229108,29570
40553,3201.4,3216.5,3133.7,3140.6,196329,34405
40554,3143.2,3159,3123.6,3158.3,179948,34551
40555,3168.7,3183,3125,3171.9,217577,32645
40556,3187.9,3191.6,3147.5,3165.7,213245,33185
40557,3161.7,3163.3,3106,3115.5,223512,36476
40560,3111.9,3112.3,2985.4,2989.9,228665,40092
40561,2987.2,3004,2978,2994,166932,37241
40562,2997.9,3073.9,2988.9,3069.8,223443,35706
40563,3063.3,3063.8,2961.3,2965,241601,34708
40564,2960.9,3066.8,2956.4,3001.3,341054,33397
40567,3017,3029.2,2966,2982.3,258040,34178
40568,2992.4,2994.6,2947,2971.6,235440,36560
40569,2965.4,3009.7,2962.6,2999,221280,36312
40570,2990.8,3058.8,2955.4,3041.9,280123,34864
40571,3036.3,3069,3032.5,3059.6,174644,32383
40574,3047.4,3102.3,3046.3,3094.3,163269,33991
40575,3101,3112.1,3084.5,3100.8,112427,32716
40583,3098.5,3109.5,3048,3053.7,79803,33576
40584,3056.2,3129.8,3045.4,3118.3,197662,35297
40585,3121.8,3143.4,3111.7,3132.7,188813,32690
40588,3134.3,3255.8,3130.8,3247.8,96336,36107
40589,3251.8,3279.2,3235.4,3243.8,192742,36335
40590,3242.7,3277.3,3227.8,3276.6,201527,38903
40591,3285.5,3294,3238.9,3268.6,201044,37108
40592,3270.8,3274.7,3228,3239.3,203877,37118
40595,3224.5,3297.3,3222.1,3293.7,212681,38677
40596,3294.9,3303.2,3185.2,3189.8,251207,34976
40597,3182.5,3208,3174.8,3185,181015,36071
40598,3186.1,3218.2,3177.2,3203.7,212721,33516
40599,3211.6,3244.5,3185.1,3225.9,225208,33477
40602,3224.5,3269.3,3195.7,3264.8,213993,35336
40603,3270.2,3290.5,3254.9,3264.1,182880,34857
40604,3250.7,3270.7,3222.2,3254.7,208519,35091
40605,3261.3,3291.5,3230.2,3232.4,236076,37477
40606,3241.8,3300,3237,3297.3,195244,40097
40609,3297.4,3361,3296.8,3351,210345,42898
40610,3344.8,3373.3,3326.9,3372,161604,41131
40611,3380.2,3380.7,3344.9,3354.4,190401,43262
40612,3350.1,3350.9,3291.7,3299.4,193598,43417
40613,3291.6,3312.8,3244.9,3260.5,185710,41784
40616,3271.8,3283.9,3245.6,3269.2,178140,41378
40617,3261.2,3266,3152.1,3213,274136,34609
40618,3241.4,3267.4,3221.1,3260.9,184163,32234
40619,3244.3,3256.9,3201.6,3230.3,228994,32029
40620,3250.5,3267.6,3231.3,3241.1,176017,33476
40623,3235.7,3292.9,3210.8,3239,190372,33462
40624,3252,3254.6,3190.1,3240.4,217278,35069
40625,3241.5,3292.3,3230.4,3278,192070,35031
40626,3281.6,3287.2,3269.5,3275.3,130418,33467
40627,3280.7,3331.2,3277.8,3306.5,176092,36489
40630,3316,3344.5,3303.1,3304.9,177950,36327
40631,3299.4,3329.1,3270.6,3281.9,198473,36834
40632,3285.7,3292.1,3255.8,3271.9,188198,39439
40633,3274.1,3281.2,3229,3252.5,187459,37433
40634,3251.3,3288.5,3241.1,3285.4,161411,36431
40639,3282.1,3328.7,3274.6,3317.1,187403,37615
40640,3321.8,3336.3,3313,3332.9,134280,35557
40641,3332.9,3374.6,3326,3374.3,169593,37083
40644,3378.9,3390.7,3346.6,3354.4,150607,36604
40645,3349.6,3359.4,3320.8,3336.6,173194,36048
40646,3329,3391.9,3314.9,3391,182094,39311
40647,3391.3,3393,3362.3,3366,165240,36344
40648,3366.5,3397.4,3336.2,3376.3,221686,37102
40651,3373.2,3388.9,3347.9,3361.3,178158,36204
40652,3348.6,3350.1,3307.3,3316.7,176528,36452
40653,3326.2,3332.7,3301.4,3320.9,137275,39418
40654,3338.5,3349.9,3318.3,3325.6,148446,38317
40655,3326.8,3340.5,3303.6,3313.6,136684,38114
40658,3309.1,3310.3,3259.5,3266,154643,39122
40659,3260.9,3271.9,3237.9,3257.8,141394,41730
40660,3261.4,3267.9,3207.8,3236,139156,41966
40661,3242.1,3256.9,3192.4,3201.8,212259,45221
40662,3196.4,3221.2,3193.4,3200.4,152638,44585
40666,3208.4,3223.5,3182,3216.9,138980,43422
40667,3210.2,3210.8,3128.7,3135.2,173430,42423
40668,3125,3145,3121.9,3126.7,134741,42318
40669,3114.4,3149.4,3097.3,3139.5,180745,39676
40672,3142.3,3159.9,3122.1,3144.7,154966,38436
40673,3141,3164.3,3131.9,3157.4,168669,38160
40674,3161.6,3171.8,3133.7,3148.1,180820,37232
40675,3133.4,3148.7,3098.1,3098.1,167320,37582
40676,3110.3,3142.3,3095.2,3135,188816,39482
40679,3127,3142.6,3102.7,3112,153870,38698
40680,3110.1,3146.8,3087.2,3127.4,190707,37750
40681,3126.2,3158.9,3122.8,3149,159861,37744
40682,3154.1,3162.5,3130.2,3130.9,144332,37869
40683,3132.6,3145.2,3126,3130.1,136698,35412
40686,3121.7,3127.4,3025,3026.9,169958,38810
40687,3026.4,3037.4,3018.6,3028,126454,38536
40688,3026.7,3041,2995,3019.2,162638,39120
40689,3023.4,3030.5,2988,2996.4,159923,40340
40690,2999.9,3016.9,2983.1,2984.7,202890,45369
40693,2982.1,2993.4,2964.1,2975.9,158954,45204
40694,2979.5,3013.3,2966.5,3000.4,158269,44796
40695,3001.9,3009,2994,3006.8,119675,41863
40696,2988.3,2993.5,2933.4,2967.9,192662,40446
40697,2970.5,3003.1,2964.6,2991.7,152626,38839
40701,2958.2,3005.8,2958.2,2999.9,135721,38564
40702,2997.4,3019.8,2961.3,3012,175368,38223
40703,3013.2,3014.2,2957.1,2964,182339,40186
40704,2966.4,2973.4,2937.1,2953.2,182322,41767
40707,2945.5,2962.8,2924.3,2961.2,177488,42420
40708,2960,3001.5,2955.3,2990.6,179355,39305
40709,2994.2,2998.4,2965.9,2966.6,150865,39234
40710,2952.8,2954.3,2928.9,2929.8,173435,40610
40711,2933.1,2942.2,2893.3,2894,157832,40456
40714,2894.1,2902.1,2867.6,2887.9,153147,38777
40715,2892.6,2911.1,2885.1,2906.3,155275,36849
40716,2913.2,2921.9,2892.5,2902.2,153937,35379
40717,2898.8,2979.1,2888.9,2966,218811,34448
40718,2965.6,3065.1,2959.2,3044.3,246389,35899
40721,3036.3,3060.3,3026.6,3042.4,187849,36391
40722,3047.4,3056.1,3023.1,3044.8,180865,36113
40723,3053.7,3054.5,3013.3,3022.2,187749,36119
40724,3020.6,3084.6,3018.6,3040.2,211249,37179
40725,3045,3080.9,3039.9,3055.4,201880,36691
40728,3064.7,3134.1,3064.7,3127,75978,37732
40729,3126.1,3132.5,3114.8,3124.1,131061,36098
40730,3125.1,3129.8,3096.5,3119.5,159098,38174
40731,3128.7,3151.7,3104.1,3118.6,225974,37484
40732,3127.8,3138.4,3104.3,3125.1,208389,38349
40735,3116.6,3125.1,3096.3,3108.1,171964,37855
40736,3094.1,3095.2,3059.1,3060.1,171435,36524
40737,3069.3,3119.5,3069.3,3114.3,181422,36187
40738,3114.6,3131.6,3104.1,3125.8,167659,36283
40739,3122.6,3148.6,3110,3141.7,177418,37261
40742,3150.4,3159.5,3125.6,3126.5,139255,38576
40743,3120.1,3122.4,3101.8,3120.2,132266,38809
40744,3131.3,3133.8,3083,3099.1,153161,39386
40745,3096.9,3116.8,3073.7,3077.9,169879,40585
40746,3085.4,3100.2,3076.1,3079,134465,40326
40749,3067.1,3067.1,2970.2,2981.3,153481,40618
40750,2981.9,2989.1,2976.9,2986.8,97551,40922
40751,2977.7,3008.4,2960.1,2998.9,172424,37376
40752,2981.5,2996.2,2969.5,2994.2,142678,36591
40753,2989.9,3008,2961.1,2975.7,183651,35987
40756,2987.3,3000.3,2970.9,2991.5,130142,38043
40757,2970.2,2972.3,2928.6,2968.2,172174,37270
40758,2939.2,2977.1,2937.5,2964.3,156861,36160
40759,2971.3,2988.7,2960.6,2967.3,123178,37118
40760,2904.8,2923.9,2878.1,2901.6,158581,33703
40763,2895.2,2901.9,2758.2,2801,244612,37514
40764,2719.8,2826.7,2708.6,2825.3,280528,33016
40765,2844.9,2855.1,2811.7,2814.2,190563,31701
40766,2793.4,2886.9,2791.1,2886.5,274612,32915
40767,2889.7,2892.9,2864,2867.3,185164,30580
40770,2881.7,2912.1,2868.6,2904.3,174558,31981
40771,2909.2,2917.4,2879.3,2881.2,159841,31487
40772,2885.9,2915.9,2885.9,2892.1,184048,32050
40773,2885.8,2896,2834.3,2848.3,180265,33774
40774,2817,2825.8,2789.4,2807.9,192483,33889
40777,2815.2,2837.3,2767.7,2788.4,208179,33907
40778,2792.8,2836.4,2783.7,2833.9,215612,34271
40779,2838.8,2846.4,2796.7,2802.3,191132,34286
40780,2814,2917.7,2813.4,2914.9,274274,38008
40781,2906.9,2916,2875.2,2896.8,214462,33983
40784,2878.6,2880.4,2844.1,2858.2,211451,33806
40785,2876,2912.8,2831.7,2834.6,248682,35563
40786,2838.2,2859.6,2828.4,2849,221274,35177
40787,2855.5,2878.8,2821.7,2830.7,242565,36195
40788,2827.6,2844.2,2793.8,2811,229211,36694
40791,2794.7,2797.7,2746,2750.9,192650,39360
40792,2741,2749.8,2715.3,2740,207717,40575
40793,2745.1,2787.8,2730.8,2778.4,234545,42491
40794,2784.3,2791.2,2759,2764.9,182297,41023
40795,2775.8,2807.6,2740.6,2752.7,259121,41240
40799,2717.5,2730.1,2702.4,2725.1,185366,40760
40800,2730.5,2744.8,2677.7,2735.2,281416,38948
40801,2745.6,2761.9,2728.2,2731.9,262282,38523
40802,2751.4,2762.6,2732.1,2737.6,207687,36877
40805,2711.7,2713.4,2671.1,2671.8,152493,37626
40806,2677.7,2708.7,2670.2,2706.9,200770,37760
40807,2700.3,2787,2678.5,2767.9,285138,40940
40808,2741,2761.6,2683.1,2686.8,231648,38949
40809,2645.1,2696.2,2626.7,2669.8,317714,36461
40812,2652.6,2687.6,2603.9,2606.9,279331,39750
40813,2632.6,2663.4,2620,2650.1,258919,38561
40814,2650.3,2662.8,2604.2,2620.4,233314,38601
40815,2600.2,2627.4,2584.5,2608.7,264654,40377
40816,2611.2,2616.2,2573.8,2574.7,201915,37768
40826,2600.6,2605.8,2565.2,2570.8,167565,43782
40827,2647.2,2649.4,2540.6,2557,254445,47122
40828,2545.8,2652.6,2536.6,2638.2,363812,44252
40829,2645.8,2672.4,2634.2,2658,277816,40122
40830,2662.6,2671.8,2637,2660,246961,40706
40833,2671.2,2693.6,2654.6,2667.2,245909,40092
40834,2643,2650.6,2590.4,2595.2,218165,40344
40835,2608.2,2627.4,2582.2,2587.4,274273,39891
40836,2563.4,2570.8,2505.8,2525.6,259182,40634
40837,2532.4,2546.8,2516.8,2522.4,246362,41839
40840,2535.8,2599.6,2512.8,2578.2,304890,45867
40841,2581,2647.2,2566.2,2624.2,307812,41518
40842,2628.2,2685,2625,2665,294074,41908
40843,2670.6,2679.4,2656.2,2677.4,219410,44220
40844,2698.6,2746.8,2690.6,2705,267237,42171
40847,2704,2712.8,2681.8,2696.2,184750,41422
40848,2688,2736.4,2679.6,2689.2,274962,42033
40849,2669.2,2781,2658.8,2779.6,305370,45765
40850,2772,2788.4,2744,2750.6,276639,44306
40851,2780.4,2797.2,2756.8,2776.2,278560,46488
40854,2762.8,2776,2741.8,2758.6,202558,46848
40855,2755.2,2771,2735.6,2743.6,237624,48544
40856,2758.2,2770.2,2717.2,2751.2,265151,48675
40857,2714.6,2736,2703.4,2704.6,245717,45204
40858,2712.6,2727.4,2695.2,2697.8,180419,44973
40861,2725.6,2768.8,2721.8,2757.4,230615,46746
40862,2750.4,2760.6,2738.4,2745.8,168734,45477
40863,2753.4,2756.4,2664.6,2683.2,241671,40824
40864,2680.4,2696.6,2670.8,2677.8,188826,41011
40865,2663.2,2663.6,2611.2,2619.6,229563,43562
40868,2618,2623.2,2600,2615.6,143056,45985
40869,2604.6,2623.8,2588.6,2613.2,232600,43703
40870,2616.8,2622.6,2581,2588.4,219034,42348
40871,2574.4,2615.4,2569.8,2600,241913,42536
40872,2593.8,2603.8,2568,2575,175163,41636
40875,2589.6,2601.2,2570.2,2587,193723,43242
40876,2596.8,2614.6,2583.8,2604.2,207729,44971
40877,2605.2,2605.8,2517.8,2530.4,224905,42313
40878,2588.2,2644,2580.6,2585.8,317064,42378
40879,2582,2585.4,2552,2567.6,260280,41148
40882,2564.6,2573.8,2532.8,2538.8,274294,46477
40883,2531,2539.2,2513.8,2522.4,211263,47988
40884,2527,2541.6,2516.6,2540.2,231083,47896
40885,2535.2,2563,2502,2534.2,302395,48859
40886,2520.8,2534.8,2510.2,2513.8,219154,50409
40889,2515.4,2515.8,2489,2493,187534,51422
40890,2483.4,2488.6,2438.6,2442.4,231636,55588
40891,2438.4,2445.4,2415.6,2424,214049,55838
40892,2410,2413,2352,2353,364304,56212
40893,2358.6,2403.8,2353.6,2393.4,293813,54556
40896,2381,2408,2325.8,2406.6,352820,50430
40897,2395.2,2424.6,2379.8,2384.2,302603,47806
40898,2402.8,2419.6,2350.6,2362.8,302094,50138
40899,2348,2382,2310.8,2362,420024,52041
40900,2362.6,2405.4,2348,2365.2,366637,50792
40903,2356.4,2387.2,2342.4,2349.2,311746,52282
40904,2347.4,2368.6,2324.2,2326.8,310312,53605
40905,2325.4,2335.2,2298,2326.4,319823,54376
40906,2312.4,2343.6,2311.6,2327.2,273997,53000
40907,2337.2,2366.2,2333.6,2362.6,273243,48443
40912,2386.4,2388.6,2310.8,2311.2,234410,54108
40913,2309.4,2332,2292.4,2296.2,334417,55489
40914,2295.4,2305.2,2278.2,2303.2,285689,57081
40917,2296.4,2382.6,2282.8,2381.6,413995,54205
40918,2389.4,2468.6,2377.2,2467,404292,52583
40919,2467.4,2472.6,2441.4,2450.4,319027,55036
40920,2447.2,2479.2,2438.8,2451,351138,54674
40921,2454.4,2462,2393.8,2415.8,372250,53877
40924,2404.2,2410.4,2354.6,2358.2,341922,55210
40925,2369.4,2508.6,2347.8,2505.4,512318,59970
40926,2501,2512.2,2430.8,2443.4,426166,54257
40927,2451.4,2516.4,2440.6,2491.2,530627,54764
40928,2500.6,2532.8,2480.8,2519.4,379075,50528
40938,2519.2,2521,2469.6,2474.2,318967,50323
40939,2478.8,2489.8,2461.8,2480.8,317323,52391
40940,2476.6,2497.6,2433,2444.2,339102,52798
40941,2449.4,2500.4,2438.8,2491.4,415243,53467
40942,2491.4,2530.2,2478.2,2513.2,366434,53606
40945,2527,2536.4,2497,2509,330985,55060
40946,2506,2507.8,2447.6,2469,350531,52638
40947,2472.4,2556.6,2462.2,2541.2,423570,55842
40948,2536.2,2556.6,2522.8,2537.6,413397,52897
40949,2535.4,2576.2,2526,2538.4,457814,50990
40952,2523.2,2569.4,2507.6,2538.4,437987,54103
40953,2534,2544.8,2514.6,2527.6,404899,51033
40954,2531,2577.4,2524.8,2559.2,429078,50904
40955,2547.4,2565.6,2521.4,2545.6,362573,47056
40956,2563.2,2574.4,2533.8,2552.6,386330,47160
40959,2585,2589,2552.4,2555.4,307004,53027
40960,2558.8,2572.4,2528.4,2571.8,372649,51965
40961,2573.2,2608.8,2565.8,2599.6,378227,51682
40962,2598,2618.4,2594,2610,339360,48981
40963,2619.6,2662.6,2602.6,2662.6,382316,50276
40966,2667.4,2705.8,2664.4,2674,357560,53620
40967,2675.2,2689.2,2660.4,2672.6,341959,59354
40968,2663.8,2676.8,2650.6,2655.4,339534,59533
40969,2643.4,2665.8,2641.2,2642.8,288436,60806
40970,2650.2,2692,2650.2,2688.6,365035,58111
40973,2690.8,2700,2669.2,2673,270282,57128
40974,2669.2,2672.8,2627.8,2637,326480,58620
40975,2617.4,2640.2,2613.4,2617,304262,59179
40976,2624.2,2656.2,2623.2,2642.2,356482,57659
40977,2652.2,2671.6,2643.2,2669.6,347712,57780
40980,2668.2,2671.8,2646,2653.4,283169,56262
40981,2659.6,2687.4,2657,2685.6,329797,56849
40982,2700.8,2712.4,2609.8,2623.4,429709,58383
40983,2622.4,2632,2599.6,2601.4,380276,64415
40984,2606.6,2634.4,2588.8,2629.4,392388,60397
40987,2629.4,2637.8,2611.8,2633.4,288085,57406
40988,2635.8,2636.6,2599,2600.2,328240,59265
40989,2614.4,2623.6,2584.4,2605.8,369548,62163
40990,2604.8,2613.2,2584.6,2600.6,317756,61971
40991,2593.6,2593.8,2564.6,2575.2,299326,64011
40994,2573.2,2578.8,2562.2,2573,199407,65965
40995,2583.2,2583.2,2563.8,2568.8,216620,66880
40996,2561.2,2562,2488.4,2497.4,305029,70476
40997,2486.6,2490,2448.2,2468.2,332727,67278
40998,2472.4,2475.8,2455,2458.2,268090,64137
41004,2447.6,2523.4,2446.6,2516.6,380018,62474
41005,2518.2,2530.6,2509.6,2526.2,296186,58810
41008,2517.6,2529.6,2494.8,2506.8,346229,56717
41009,2504.2,2528.4,2466.6,2523.4,423446,57580
41010,2504.1,2550.4,2500,2528.8,450550,55223
41011,2531.3,2583.2,2524.4,2579.8,417127,58885
41012,2588.8,2605.6,2576.6,2595.2,366521,57951
41015,2584.3,2596.4,2569.6,2583.6,333696,57119
41016,2587.2,2588.4,2556,2558.4,361361,60452
41017,2567.9,2619.6,2561.8,2609.6,377100,64274
41018,2612.8,2619.6,2599,2613.2,288119,63404
41019,2609.5,2644.6,2605,2639.8,352984,62390
41022,2636.8,2641.6,2615.6,2623.8,259398,64265
41023,2621.6,2659,2576.2,2610,453304,60959
41024,2612.8,2638.8,2607.4,2633.4,381401,62003
41025,2639.2,2653.6,2625.4,2643.6,316751,63194
41026,2645.4,2651.2,2636.8,2643.4,258349,62321
41031,2660.2,2706.2,2654.8,2691.4,315040,67399
41032,2689.9,2701,2688.8,2699,208928,66944
41033,2696.7,2722.2,2683.6,2722.2,341435,68744
41036,2709.2,2721.2,2704,2719.4,264367,71771
41037,2721.8,2731,2691.8,2706.6,378048,74702
41038,2699.4,2699.4,2664.8,2668.4,317576,72185
41039,2669.5,2679.8,2662.8,2668.8,264357,75444
41040,2667.7,2680,2633.2,2636,343666,74304
41043,2652.8,2656.2,2602.8,2608.8,408177,69090
41044,2597.9,2619.8,2593.4,2612.4,313984,68092
41045,2608.4,2613.6,2565.4,2571,341574,62923
41046,2583.7,2621.8,2576.6,2609.8,315786,64492
41047,2598.1,2599,2559.4,2571.8,344994,60457
41050,2577.8,2605.2,2563.8,2585.4,382062,62315
41051,2595.3,2614.2,2591,2610.2,317783,61006
41052,2599.9,2617.2,2577.6,2590.6,363419,58620
41053,2596.8,2610.2,2567.2,2584.6,381864,60588
41054,2581.5,2587.2,2560,2567.4,314010,63791
41057,2566,2603.2,2549.6,2600,333845,65137
41058,2598.6,2655.8,2597.8,2645.4,370396,63027
41059,2636.3,2644.2,2629.2,2632.8,265067,62232
41060,2621.9,2642.8,2612.4,2635.2,321035,63675
41061,2630.4,2658.8,2615.4,2629,407856,62468
41064,2600.7,2600.7,2544.6,2544.8,337515,62649
41065,2555.7,2565.4,2546,2550.8,299759,64168
41066,2549.4,2569,2540,2548.4,383924,64874
41067,2568.8,2575.2,2521.4,2533,344519,65975
41068,2545.6,2547.6,2511,2512,443799,65157
41071,2532.6,2565,2520.4,2550.8,407391,63594
41072,2533.8,2546.2,2521,2536.2,366745,61068
41073,2537.6,2571.6,2530.4,2564,427859,61714
41074,2559.9,2578.6,2546.4,2550.4,342899,59349
41075,2558.2,2574.8,2534.2,2562.4,438280,56111
41078,2580,2592,2567.2,2574.6,370251,58921
41079,2574.2,2574.2,2552.6,2560.4,298035,61209
41080,2565.7,2571.8,2550.6,2551.6,312071,65851
41081,2547.6,2547.6,2495.4,2513.2,349152,67636
41085,2501.8,2508.8,2462,2470.4,279294,73086
41086,2465.7,2471.2,2451.4,2463.6,323826,73835
41087,2459.4,2477.4,2452.6,2457.6,298251,73398
41088,2464,2470.2,2438.6,2442.6,332740,76026
41089,2435.9,2474.8,2434.4,2472.4,374925,72718
41092,2481,2481,2458.6,2467.8,336713,77236
41093,2469.7,2502.8,2465.2,2473.2,417834,76627
41094,2476.8,2490.2,2467.6,2474,414001,77976
41095,2472.7,2473.4,2435.8,2449.2,393560,82242
41096,2448.5,2498.2,2433.4,2484.4,498818,82301
41099,2473.4,2482.8,2429.8,2435.4,389900,85349
41100,2434,2439.8,2423,2427.4,354561,86975
41101,2421.1,2443.6,2415.8,2433.6,416553,86985
41102,2432.9,2469,2417.4,2451.8,574219,84139
41103,2454.7,2481.6,2451.8,2463.2,462616,81693
41106,2470,2470.4,2420.6,2423.2,410927,90474
41107,2418.1,2434.2,2416,2429.8,345624,88294
41108,2427.3,2436.4,2390.6,2428.6,538879,87707
41109,2431.9,2463.4,2424.4,2435.6,509950,84206
41110,2437.4,2438.4,2412.8,2422,393533,84335
41113,2406.8,2406.8,2377.2,2382,323611,80928
41114,2378.3,2409.4,2374.8,2386,382759,80525
41115,2380.3,2400,2373,2377.8,360716,83515
41116,2376.8,2394,2365.4,2369,398290,87110
41117,2374.6,2384.4,2367.6,2376.4,335669,85720
41120,2377.1,2391.8,2363.6,2368.2,348383,90233
41121,2366,2380.2,2365.8,2367.6,281810,89432
41122,2363.3,2388.8,2363,2374.4,353141,89313
41123,2374.3,2376.4,2342,2356,320906,91402
41124,2358,2373.4,2350.2,2372.6,316772,93422
41127,2367.9,2397.4,2365.2,2389.6,410283,90652
41128,2390.7,2399.4,2390.7,2397.6,256746,87380
41129,2400.7,2413.6,2394.4,2396.8,299579,85927
41130,2398.9,2426.4,2390.6,2424.4,431167,86219
41131,2424.9,2428,2411.6,2418,269865,84304
41134,2415.3,2415.6,2371.6,2374.4,303892,90971
41135,2372.8,2377.2,2339,2366.2,423817,90143
41136,2362.9,2364.6,2346,2350.2,376490,89544
41137,2351,2355.8,2341.8,2345.6,291166,90395
41138,2345.8,2347,2323.6,2336.4,334132,91158
41141,2325.6,2332.4,2299.6,2320.4,305640,88086
41142,2320,2354.2,2318,2327.4,427409,90487
41143,2326.1,2335.4,2306.6,2314,303454,89893
41144,2316.5,2335.6,2308.2,2328.2,449426,92060
41145,2320.9,2320.9,2297.4,2299.6,313130,89012
41148,2300.3,2301.4,2252.8,2253.8,326166,95925
41149,2252.7,2273,2247.8,2252.6,341606,95737
41150,2250.9,2261.4,2234.4,2236.8,378798,93775
41151,2233.5,2242.4,2212.6,2226.6,430735,93765
41152,2219.8,2237.2,2219.8,2221,363800,92676
41155,2219.5,2249,2207.8,2239.4,456305,92046
41156,2237.9,2245.4,2211,2216,333756,89947
41157,2212.7,2222.4,2203.8,2215.4,369420,88528
41158,2215,2248.8,2210.6,2246.6,468734,90110
41159,2253.1,2367,2247.6,2347,764040,91208
41162,2346.6,2354.2,2332.6,2345,438846,93143
41163,2338.7,2338.7,2309.4,2331.6,515715,93401
41164,2337.2,2361,2312.6,2339.8,587437,91133
41165,2336.4,2344.8,2306,2310.6,592958,92808
41166,2344,2363.6,2314.8,2340.4,720252,93792
41169,2335.4,2335.4,2276.8,2280.8,529239,99418
41170,2272.6,2274.8,2245,2246.2,490812,96941
41171,2251.4,2272.2,2248.4,2263.8,484399,94471
41172,2260.8,2260.8,2208.6,2214,514218,91965
41173,2211.6,2237.4,2204.2,2221.6,596583,84755
41176,2205.8,2247,2191,2226.6,651513,85751
41177,2219.6,2242,2213.6,2224,510450,84013
41178,2216.2,2234.2,2197.6,2205.6,479701,84269
41179,2203,2322.8,2203,2262.8,756469,87214
41180,2256,2323.2,2246.2,2322.4,752956,80495
41190,2315,2320.4,2268.2,2283.2,476256,82779
41191,2288.8,2350,2287.4,2330.8,730920,90107
41192,2321,2339.6,2317,2329,525865,89009
41193,2327.6,2334.6,2312.6,2326.8,534790,90256
41194,2325.6,2349.8,2296,2315,662601,87372
41197,2308.2,2332.4,2291,2310.6,511266,91103
41198,2314.4,2329.8,2299.2,2308.4,647783,91060
41199,2317,2328.2,2293,2321.8,711447,91737
41200,2329.6,2361.2,2324.6,2352.2,693929,98798
41201,2352,2357.8,2345.8,2350.6,345019,92267
41204,2339.4,2368.8,2332.8,2355.8,435535,94540
41205,2359.6,2362.2,2327.8,2329.2,470149,94626
41206,2322.8,2341.8,2320.4,2327,470438,93610
41207,2327.6,2338.4,2308.6,2312,471001,98869
41208,2310.6,2313.8,2249.8,2256.8,531788,96190
41211,2255.4,2260.2,2238.2,2249,348999,95121
41212,2249.8,2273.8,2242,2250.6,501477,95273
41213,2256,2265.4,2243.4,2260.2,503290,94016
41214,2262.4,2322.2,2260.6,2311.2,621358,96142
41215,2315.8,2321,2294.2,2312.8,466928,94048
41218,2310.6,2335.2,2298.6,2312.4,529364,92076
41219,2315.6,2320,2266.2,2296.6,596177,94961
41220,2301.8,2314.8,2284.6,2297.4,635375,96663
41221,2281.8,2287.6,2249.4,2250.4,576446,97113
41222,2251.4,2259.6,2241.8,2250.2,432469,95771
41225,2250.4,2261.8,2236,2254.2,542402,96534
41226,2254.8,2256,2213.6,2220.2,544267,95169
41227,2221.6,2230.2,2216.6,2224.8,417877,93744
41228,2217.6,2231.4,2197.8,2201.4,663331,91409
41229,2200.4,2202.6,2171.6,2186.6,567654,89398
41232,2187,2187.8,2159.6,2179.8,509660,88502
41233,2185.8,2191.6,2169.6,2184.4,481799,88359
41234,2180.8,2204,2161.6,2195.8,733832,90635
41235,2193.4,2193.4,2175.4,2191,535500,89417
41236,2196,2212.6,2188.8,2198.2,637025,88806
41239,2200.8,2200.8,2177,2184,486378,88920
41240,2180.8,2180.8,2160,2161.6,449836,93959
41241,2158,2158,2140.4,2145.4,399060,99274
41242,2144.2,2153,2129.2,2129.4,395096,102203
41243,2127.8,2151,2125.2,2142.2,597572,97785
41246,2143.6,2159.6,2119.6,2121.4,585161,103651
41247,2116.6,2143,2116.2,2135.4,598575,105486
41248,2137.6,2229.4,2135.6,2220,856917,98480
41249,2222,2226.2,2204.4,2208.8,560819,96169
41250,2212.4,2263,2210,2259.4,810380,91493
41253,2266,2281.2,2260.6,2274,685272,93546
41254,2272.2,2277.8,2262.8,2267.4,540428,90859
41255,2269,2281,2261,2274.8,653648,94006
41256,2273.8,2274.2,2253.8,2259.8,605573,91367
41257,2260.4,2383.4,2258.6,2382.6,992370,98853
41260,2382.6,2388.2,2372.8,2387,605907,99456
41261,2387.4,2424.4,2361.6,2382.6,973730,97792
41262,2379.2,2405.8,2376.4,2387.6,728369,99726
41263,2379.4,2420.4,2367.6,2413.6,786084,107347
41264,2419.2,2441.2,2386.2,2398.8,890857,99500
41267,2395.6,2423.4,2394.8,2397.2,697559,104561
41268,2392.8,2483.4,2388,2459.2,902626,105817
41269,2459.8,2472,2459.8,2468,429400,103697
41270,2477.8,2502.8,2460.2,2473.4,636113,105122
41271,2472.9,2508,2469.2,2505.6,684150,107539
41274,2507.7,2549.6,2507.7,2544.8,629011,110386
41278,2569.3,2574,2510.2,2541,607696,109773
41281,2545.1,2561.2,2531.2,2541.6,641934,109552
41282,2544.4,2555.6,2514.4,2539.2,766882,107542
41283,2539.2,2550.8,2516.6,2533.8,663362,108196
41284,2536.9,2569.2,2521,2546.4,768572,109526
41285,2549.7,2555.8,2490.2,2507.2,842615,112603
41288,2505.1,2605.6,2498.8,2597,855692,120439
41289,2598.1,2620.2,2595.2,2611.4,590508,114733
41290,2613.8,2618.2,2548,2586.6,835268,109867
41291,2586.4,2596.4,2554,2582.2,867193,104363
41292,2585.9,2632,2571.2,2617,932226,106754
41295,2619.8,2626.8,2594,2614.8,696653,104127
41296,2618.4,2622.6,2586.2,2609.6,837908,98419
41297,2610.2,2623.2,2589.4,2623,747295,101117
41298,2622.3,2679.6,2580.4,2598.4,1043749,103539
41299,2605,2608.6,2589,2600.8,547349,106572
41302,2601.3,2666.6,2598.6,2661.4,823517,113146
41303,2662.8,2693.8,2660.4,2678.8,630317,102963
41304,2686.5,2708.2,2670.2,2707.6,662600,101852
41305,2707.6,2712.2,2686,2709.2,680921,104251
41306,2703.7,2762.6,2685.6,2756.2,926505,109338
41309,2763.8,2778.6,2750,2761,690018,114313
41310,2750.3,2805.4,2748.8,2786,822896,123140
41311,2793.1,2812.2,2789.8,2802,581070,124062
41312,2798.3,2808.4,2757.6,2801.8,832993,133907
41313,2802.1,2832,2783.4,2788.8,722844,131654
41323,2800.4,2807.2,2744.6,2759.2,630404,126774
41324,2759.6,2763,2703.4,2716.4,674598,133050
41325,2719.5,2724,2702.8,2717.8,565419,134810
41326,2705.2,2705.2,2596.6,2622.2,806615,115438
41327,2621.9,2632.2,2600.6,2600.6,463622,114643
41330,2596.3,2648.4,2591.2,2611.8,756908,111773
41331,2598.1,2644.6,2566.4,2571.4,860727,103045
41332,2585.9,2628.2,2578.6,2594.6,919725,101447
41333,2611.1,2690.8,2604,2685.8,920037,103619
41334,2678.9,2689.8,2629.2,2674.2,772484,95866
41337,2659.3,2659.3,2545,2555.8,908282,111955
41338,2560.1,2634.6,2558,2624.2,963692,106372
41339,2635.4,2672,2629.4,2657.4,898125,102210
41340,2661.5,2667.2,2596.8,2624.6,983542,101051
41341,2631.6,2646.2,2611,2621,818609,102207
41344,2625.5,2628.4,2578.4,2602.6,811962,104188
41345,2604,2631,2535.8,2562.8,1026553,102028
41346,2561.2,2564.6,2519.8,2536.2,852822,100159
41347,2524.4,2557,2512,2531.4,867023,99021
41348,2535.7,2616.4,2507,2538.8,1204369,92898
41351,2511.2,2557.6,2505.8,2513,821587,99398
41352,2522.2,2545.4,2499.8,2530.6,845577,100650
41353,2529.9,2614.2,2527.4,2611.6,1079584,104617
41354,2620.6,2633.8,2604.6,2617.6,685049,106688
41355,2613.8,2634.8,2608.6,2627,739176,107878
41358,2632.4,2653.8,2610.6,2623.6,777107,109539
41359,2617.9,2617.9,2554.4,2573.8,858680,104634
41360,2580.3,2618.4,2564,2575,897685,105930
41361,2570.7,2570.7,2494.2,2507.2,781159,104433
41362,2498.5,2516,2482.6,2484,637590,101567
41365,2482.9,2512,2472,2483.8,722143,102107
41366,2489.2,2529,2468,2505.8,949990,102236
41367,2504.8,2514.8,2475.2,2478.6,825856,102995
41372,2451,2477.8,2436,2464.2,705962,109426
41373,2472.7,2511.4,2471.6,2480.6,889684,105436
41374,2485.8,2491.2,2464.6,2480.4,708549,105652
41375,2492.5,2511.2,2465.6,2472.2,720085,111321
41376,2473.1,2481.8,2454.6,2461.8,629459,103694
41379,2444.9,2461,2422.2,2439.4,688354,104449
41380,2421.1,2455.2,2416.2,2448.2,818870,106923
41381,2454,2456.4,2427.8,2450.6,762773,101963
41382,2433.3,2477.4,2421.2,2455,1000268,104510
41383,2460.9,2543.8,2460,2532.4,1012882,112088
41386,2527,2540.6,2519.6,2529.4,515383,111159
41387,2532.7,2538.6,2438.8,2443.6,751583,105823
41388,2454.6,2511,2440.4,2489.2,895579,104362
41389,2489.4,2504,2448,2457.6,1035481,106897
41390,2466.5,2486.4,2428.6,2435.8,793122,99668
41396,2423.6,2443.2,2412,2435.6,601101,101034
41397,2447.6,2516,2444.4,2482.8,912766,104166
41400,2498.7,2523.8,2489,2505.8,790583,106077
41401,2505.6,2527.8,2491.8,2521,746284,107476
41402,2529.6,2558.6,2523.2,2539.4,815428,121968
41403,2535.2,2538.2,2499.4,2516.6,747664,118829
41404,2511.5,2541.6,2504.6,2539.6,873788,124266
41407,2537.7,2542.6,2505.2,2511.4,794274,128156
41408,2513.2,2519.4,2459.6,2477.4,857756,125398
41409,2484.3,2491.6,2471.2,2476,666833,122091
41410,2477.9,2532.6,2459.4,2529.4,997594,113853
41411,2529,2586.6,2523.4,2574.4,819181,122635
41414,2580.4,2618,2576.2,2594.6,724892,121507
41415,2594.8,2607.8,2583.6,2600.8,604189,125638
41416,2603.2,2617.8,2591.8,2603.2,748802,126735
41417,2591.6,2614.6,2563.2,2571.4,841468,126626
41418,2583.8,2605.6,2559.8,2588.8,888352,124184
41421,2579.8,2602.8,2573,2574.4,663920,126101
41422,2574.3,2635.4,2566.8,2633.8,848537,132135
41423,2638.8,2656.6,2624,2628.2,630863,129071
41424,2625.7,2637.8,2613,2626,617115,131388
41425,2634.3,2640.2,2589.4,2600.6,694425,127615
41428,2604.7,2620.4,2589.8,2597.6,611780,129379
41429,2597.6,2599.8,2551,2563.2,707620,130483
41430,2564.8,2567.8,2545,2554,493738,132421
41431,2548.5,2559.2,2531,2535,615101,133937
41432,2535.2,2539.8,2467.4,2476.2,652474,128624
41438,2457.4,2458.4,2365.6,2383.2,648109,127580
41439,2392.2,2407.8,2386.2,2395.4,517593,119838
41442,2405.9,2420,2385.8,2394.2,621637,116969
41443,2403.2,2409,2366.2,2401,708485,113250
41444,2401.8,2401.8,2344,2384.2,869478,111263
41445,2371,2372.6,2311,2320,754667,115579
41446,2295.9,2316.6,2266.8,2298.6,849483,111502
41449,2293.1,2293.1,2133.2,2135.2,935915,115545
41450,2131.7,2150,1998.8,2115.4,1337553,95519
41451,2126.3,2152.6,2095.8,2124.6,996538,91034
41452,2135.6,2181.6,2097.4,2121.4,1102171,91257
41453,2119.3,2218.4,2100.4,2169.8,1322503,79907
41456,2159.6,2174.4,2108.6,2164.2,977291,81180
41457,2170.5,2173.2,2134,2161,930743,82857
41458,2151.6,2158.8,2109.8,2143,982652,85207
41459,2139.1,2198.2,2120,2167,1180773,88787
41460,2174.8,2199.2,2166.4,2168.4,926566,92077
41463,2144,2158.6,2100.4,2121.2,929096,91457
41464,2142.6,2143.8,2116.6,2118,678571,93324
41465,2111.4,2194,2104.2,2191.4,1096492,97645
41466,2204,2355.4,2199.6,2316.8,1313985,88363
41467,2314.4,2321,2252.6,2271.6,875435,80325
41470,2288.4,2335.8,2263.6,2288,1093067,82493
41471,2287,2301.6,2257.4,2296.2,1020125,84890
41472,2287.2,2319.4,2268.2,2270.4,1097617,85762
41473,2267.2,2272.2,2218.8,2232,1006781,81851
41474,2238,2246.6,2150.8,2156.4,1049219,89884
41477,2142.4,2180,2124.8,2167,898917,88400
41478,2170.4,2267.4,2170.4,2241.8,1204349,86223
41479,2230,2241.2,2170.2,2230.2,1051080,86992
41480,2224.8,2257.6,2189.4,2207.6,1198744,86294
41481,2200,2215.6,2170.2,2189.6,935418,85216
41484,2166.8,2166.8,2125,2160.2,815660,92134
41485,2155.8,2209,2142.4,2164.8,1003483,96654
41486,2175.2,2220.2,2160.4,2162.6,945563,97125
41487,2171.6,2242.8,2171.6,2241,1200353,98306
41488,2250.8,2268.4,2227.2,2237.4,920804,92981
41491,2242.2,2271.8,2227.4,2263.2,899497,97581
41492,2261.6,2296,2239.8,2276.2,961199,99782
41493,2268.4,2306.6,2253.4,2255.6,1055162,97792
41494,2266.6,2293.4,2252.6,2263.4,924600,98059
41495,2270.4,2295.2,2234.2,2285.2,1091657,94972
41498,2292,2356.2,2287.2,2346.6,1077729,107174
41499,2355.4,2359.8,2337.4,2355,754814,100055
41500,2361.2,2393.4,2341.8,2353.2,991855,98020
41501,2358.4,2368.6,2318.6,2330,868098,94572
41502,2319.8,2408.2,2285.8,2289,1326913,93345
41505,2282.6,2349,2277.4,2330.8,921573,95721
41506,2326.6,2359,2300.2,2310.2,929673,97276
41507,2321.6,2330.8,2290.4,2315.4,930937,96402
41508,2301,2337,2298.6,2310.4,874646,101075
41509,2326,2330,2245.2,2280.6,913970,101956
41512,2301.2,2345.2,2287,2341.4,953121,106439
41513,2341.4,2348.2,2320.2,2340,688734,97538
41514,2331,2349,2291.2,2324.4,967653,96694
41515,2334.6,2345.2,2297.2,2316.4,916694,92075
41516,2312.6,2329.4,2292,2303.8,938781,92545
41519,2316.6,2330.4,2293.4,2330,839904,94830
41520,2336.4,2355.2,2322.4,2350.6,878692,95219
41521,2351.4,2353.4,2341,2344.2,535241,92717
41522,2350,2350.4,2330.8,2343,617209,91716
41523,2336.6,2360,2332.2,2356.6,720071,91988
41526,2364.4,2448,2363,2436.2,928504,98159
41527,2439.2,2477,2435,2474.4,684927,100009
41528,2481,2499.4,2470,2483,739077,104486
41529,2482.2,2526.4,2473,2505.8,890519,106205
41530,2503.2,2514.6,2484.6,2500,689862,103783
41533,2506.6,2512.8,2476.6,2484.6,770604,106746
41534,2480.6,2485.2,2438.8,2445.2,829922,102840
41535,2445,2449.4,2415.6,2439.6,800581,94018
41540,2440.6,2485.8,2431.4,2472,813382,98328
41541,2473.6,2477.4,2424.4,2451.8,799941,94750
41542,2453,2464,2431.6,2438,710492,95919
41543,2436,2437.4,2386.2,2393.8,810367,96251
41544,2389,2405.6,2383.6,2401.4,582556,89127
41547,2399.2,2427,2399.2,2412,495506,85614
41555,2404.6,2450.4,2392.8,2442.2,641189,89566
41556,2438.2,2459.4,2428.8,2459,570183,90379
41557,2461.4,2463.8,2419.6,2431.6,745153,88403
41558,2449.2,2475.6,2439,2469.4,866948,83889
41561,2469.4,2481.2,2464,2473,653213,87659
41562,2478,2483,2446.8,2464,633128,88578
41563,2459.8,2461.8,2412.8,2426.8,820701,96727
41564,2435.6,2441.2,2408.2,2408.2,714783,96296
41565,2409.2,2434.2,2404,2416.8,760933,92209
41568,2421.4,2474.8,2415.2,2467.4,740582,96534
41569,2470.6,2472,2434.8,2446.8,640700,95215
41570,2449.6,2476,2410,2419.6,887265,98260
41571,2413.8,2425.2,2396.2,2406,780437,101768
41572,2406,2413,2348,2361,857884,102093
41575,2364.6,2374.6,2349.6,2364.6,631834,101513
41576,2367.2,2406.2,2329.8,2369.2,1059940,99664
41577,2375.6,2401.2,2362.4,2392.8,866154,98040
41578,2392.6,2392.6,2366.2,2381.8,752985,95616
41579,2379.8,2399,2367.4,2392.2,722558,97476
41582,2395.2,2410.6,2376,2385.2,638493,101249
41583,2383.8,2390.4,2345,2382.6,771418,100813
41584,2383.8,2385.4,2349,2352,712345,106612
41585,2354.2,2360,2334,2350.4,751248,105039
41586,2343,2349.8,2308.8,2312.2,783484,110552
41589,2313.2,2325.2,2296.6,2319.6,725256,106427
41590,2325,2344.8,2317.8,2332.8,795933,104005
41591,2329.6,2329.6,2289.2,2291.2,782279,110932
41592,2292.8,2305.8,2283.8,2298.6,750410,105806
41593,2301.2,2381.4,2301.2,2345.8,1011567,101273
41596,2368.2,2423.6,2358,2416.8,946812,107667
41597,2419.4,2422.2,2404.6,2416.6,586146,103977
41598,2419.4,2443,2405.8,2431.8,741724,105873
41599,2425.2,2426,2387.6,2415.8,770911,103395
41600,2425.6,2434.8,2398,2408.2,764274,106641
41603,2401,2427,2382.6,2391.4,764218,113385
41604,2389.4,2406.2,2383.8,2392.2,688222,113159
41605,2387.4,2437.2,2384.4,2423.6,847801,114109
41606,2427,2478,2426.4,2450.2,876567,119845
41607,2452.8,2460.2,2445,2458.4,529621,116977
41610,2441.4,2479,2413.4,2435,985472,120266
41611,2429.6,2465,2425,2453.4,719417,121425
41612,2450.8,2502,2448.2,2484,895647,126590
41613,2487.4,2491,2474,2485.4,576587,123623
41614,2483.6,2484,2459.2,2469,628075,123355
41617,2478.2,2490.8,2461,2463.6,573091,128575
41618,2464.4,2480.8,2459.2,2464.4,651832,128370
41619,2461.2,2461.2,2410.4,2423.4,638686,134555
41620,2421,2432,2415.2,2415.6,510861,132938
41621,2406.2,2430.6,2388.6,2416.2,695480,126134
41624,2412.8,2427.8,2367,2368.2,703434,133236
41625,2376,2378.8,2358.4,2361,591114,132606
41626,2359.2,2375.2,2359.2,2372.8,535835,128660
41627,2380.4,2383.4,2345.4,2349.2,767393,131250
41628,2351,2357.4,2296.6,2303,873942,128904
41631,2307.4,2317.2,2277.6,2309.8,696630,121368
41632,2312.2,2337.8,2285.4,2309.2,790809,121973
41633,2312.2,2330.8,2303,2323,746495,122305
41634,2324.8,2327.8,2282.8,2297.8,702808,128397
41635,2298.4,2349,2292,2330.6,916360,125146
41638,2345.8,2345.8,2319.2,2328.4,590553,126640
41639,2324.6,2359,2309.2,2349,850624,119534
41641,2345,2348.8,2329.2,2335.8,542528,126088
41642,2321.8,2331.4,2289.8,2306.2,625123,128757
41645,2298,2300.4,2234.6,2244,676271,125769
41646,2237.8,2255.6,2220,2241.4,659960,121308
41647,2246.6,2271.6,2231.8,2243.4,762650,123086
41648,2242,2267,2223.4,2226.4,759213,127687
41649,2226,2234,2209.6,2221.4,728881,125779
41652,2227,2231.8,2194,2208.4,678375,128668
41653,2200.8,2228,2190.6,2222.8,742917,123782
41654,2225.4,2226.4,2201.6,2217,615602,121916
41655,2221.4,2240,2209.6,2220.8,793503,117892
41656,2216,2220.2,2191.4,2202,791879,118964
41659,2203.6,2204.8,2177,2188.4,607298,118927
41660,2188.8,2220,2186.8,2210,687310,117073
41661,2209.6,2259.4,2209.6,2258,787382,119931
41662,2259,2259,2239.6,2247.4,552830,117048
41663,2240,2273.6,2233.4,2255.6,753876,114650
41666,2240.2,2245.8,2220.4,2230.8,566091,117184
41667,2230.4,2251.2,2221.4,2234.6,608898,116723
41668,2240.2,2250.4,2235.8,2244.2,495809,115807
41669,2237.4,2240.2,2200.2,2202.4,462439,115880
41677,2199,2219.6,2182.6,2218.6,498082,119132
41680,2225.8,2272,2225.8,2263.6,653038,118228
41681,2264.4,2289.8,2262,2279.4,670501,117633
41682,2286,2292.4,2277.6,2286.2,538610,117596
41683,2285.6,2291.8,2272.6,2274.4,575544,118119
41684,2276.4,2291.2,2274.8,2290.2,550480,117398
41687,2297.8,2321.2,2297,2309.8,645696,117293
41688,2311,2311,2276.2,2283.8,579841,119072
41689,2283.6,2315.8,2279.2,2308.2,745556,118529
41690,2310.6,2329.8,2281,2283.4,770989,121648
41691,2286.6,2291.6,2256.8,2266.6,609925,116514
41694,2258.2,2258.2,2186.6,2206.4,663675,116018
41695,2214.2,2218.8,2144.4,2145.8,723201,123579
41696,2141.8,2158,2132.4,2149.2,701708,122176
41697,2153.8,2169.6,2140.8,2148.2,800030,122318
41698,2154,2176,2119.6,2173.2,870301,119527
41701,2165.4,2184.8,2151.4,2163.6,714932,122813
41702,2160.2,2171,2139.8,2168.6,770575,124278
41703,2177.2,2181.4,2144.6,2148.4,713113,131781
41704,2142,2172.2,2116.4,2166,961802,124993
41705,2165.6,2175.6,2138.8,2139,767114,128389
41708,2117.8,2125.6,2058.2,2060.6,756301,132874
41709,2063.2,2100,2058.8,2084.2,845043,127194
41710,2069.8,2093.6,2059,2080,904175,128725
41711,2086.4,2116,2083.2,2098.2,875824,131224
41712,2090,2098.4,2077.8,2089.6,640483,129084
41715,2088.6,2136.8,2085.6,2124,771953,123048
41716,2128,2129.2,2098,2098.4,648361,129906
41717,2102.6,2103.6,2073.8,2103.4,821199,124092
41718,2097.2,2117.8,2042.8,2049.2,943972,134744
41719,2048.8,2158.4,2042.8,2143.8,1161642,121398
41722,2140.6,2152.8,2122.8,2139.6,740361,121255
41723,2139.4,2165.4,2132.4,2140.8,749090,121561
41724,2149.4,2154.8,2134,2141.6,657906,122111
41725,2136.4,2170.8,2115.2,2122.6,959511,120740
41726,2129.8,2154.6,2126,2132.8,881889,119502
41729,2137.8,2156.6,2120,2132.8,726682,120732
41730,2137.2,2166.2,2129.4,2147.6,785394,123981
41731,2149.8,2167.8,2147.8,2163.4,710749,124745
41732,2168,2184.4,2148,2149,730717,130675
41733,2146.2,2179.2,2141.2,2177,735356,131047
41737,2170.8,2240.4,2168.4,2237.2,898193,139729
41738,2239.4,2249.6,2227.4,2227.6,601334,137081
41739,2233.8,2289.4,2226.8,2277.4,940106,137769
41740,2274,2277.2,2254.6,2263.2,697134,133251
41743,2262.6,2273.8,2253.8,2263.8,573361,134958
41744,2265.8,2269.6,2218.2,2225.8,727732,134127
41745,2220.4,2241.8,2214.4,2223.2,814095,136645
41746,2231.6,2238.2,2216.6,2219.4,757530,139142
41747,2212.6,2226.4,2186.8,2216.4,854166,132060
41750,2203,2230.6,2166.6,2171,788000,135999
41751,2166.8,2189.2,2156,2179.6,768364,131747
41752,2182.6,2188.6,2167.6,2176.2,660317,131058
41753,2177,2196.8,2166.2,2174.6,728544,131567
41754,2175.6,2186.8,2157.6,2163.6,797373,131540
41757,2152.2,2164.8,2131.8,2134.8,676978,138581
41758,2134.4,2160.6,2133.2,2152.4,591270,134220
41759,2150.2,2153.6,2137.6,2138.8,445279,131100
41764,2141.2,2159,2116.4,2149,690990,136830
41765,2149.6,2170.2,2135.8,2138.2,680632,142059
41766,2135.4,2145.2,2127.2,2128.8,617160,144570
41767,2128.6,2166.8,2125.2,2129.8,848449,143988
41768,2128,2137.8,2117.6,2130.8,734996,144703
41771,2146.8,2179,2134.6,2172,888412,147623
41772,2174.4,2174.4,2156.6,2158.6,538406,146919
41773,2161,2173.6,2153.6,2156.4,663543,148385
41774,2154.6,2157.8,2132.6,2136,599189,148715
41775,2131,2142.4,2122.8,2128.6,658094,145296
41778,2124.2,2128.6,2087.2,2097.4,688278,151359
41779,2113.4,2117.8,2094.6,2097.2,565875,152963
41780,2094.4,2125.8,2080.2,2117.2,812098,152645
41781,2122.8,2152.8,2111.6,2112.4,827612,153786
41782,2113.8,2141.8,2113.8,2141.4,750339,148485
41785,2144.6,2162,2134.2,2146.4,625780,155912
41786,2147.2,2153,2136.2,2140.4,606841,155844
41787,2140.4,2172.4,2122.6,2172,860556,161971
41788,2173.6,2176.4,2148.4,2152.4,594193,162094
41789,2152,2164,2141.8,2147,687818,155054
41793,2155.8,2161.8,2138.6,2139.6,542743,165084
41794,2139.6,2142.8,2112.8,2125.2,592106,170038
41795,2123.6,2154.6,2120.6,2149.4,655314,165439
41796,2151.6,2151.6,2113.2,2125.4,753940,163736
41799,2126.2,2152.8,2115.6,2127.8,851109,164220
41800,2130,2158.6,2125.6,2156.8,936416,169840
41801,2154.6,2156.6,2143.8,2150.6,645499,170007
41802,2149.6,2157.4,2145,2148.8,533161,169966
41803,2146.6,2184.6,2130.2,2176,908882,177970
41806,2179.2,2197.4,2173,2186.2,652989,182000
41807,2186.6,2186.6,2169.6,2171.2,537838,183801
41808,2171,2178.6,2160.8,2162.4,554825,184126
41809,2164.4,2167.4,2120.2,2132.8,699153,189052
41810,2133,2141,2125.6,2135.2,624829,181711
41813,2137.4,2150.8,2124.6,2125.8,617860,181614
41814,2123.2,2141.8,2123.2,2134.8,592677,175996
41815,2133.6,2136.4,2117.8,2128.8,572754,179252
41816,2130.8,2149,2130.8,2138.4,649664,176290
41817,2138.6,2158,2131.2,2145.8,612542,171136
41820,2146.6,2168.6,2146.6,2157,630336,170584
41821,2160.4,2172.8,2148.8,2159.2,544085,173840
41822,2161.2,2168,2146,2166.4,648794,175982
41823,2168.8,2181.8,2160.6,2170.6,681084,176202
41824,2173.8,2175.6,2163.8,2169.4,487074,170047
41827,2169.2,2176.8,2159.4,2165,506669,171482
41828,2164.4,2170.2,2152.8,2168.6,566224,172711
41829,2166.8,2169.2,2133,2133.4,605910,177827
41830,2135,2141.8,2130.2,2134,407064,177100
41831,2132,2151.8,2132,2139.4,595060,169084
41834,2142.2,2167,2139.8,2164,599861,167897
41835,2166.4,2170,2158.6,2163.6,485925,164836
41836,2165,2175.2,2161.8,2162.8,559246,163685
41837,2163.6,2165,2142.6,2154.2,602348,162419
41838,2148.4,2172.6,2146.6,2160.2,738421,154394
41841,2160.4,2166.8,2151.8,2158.8,470894,154886
41842,2157.6,2197.4,2152.6,2188,722314,165409
41843,2189.4,2208.6,2183.6,2192,658445,164138
41844,2193,2244.8,2192.2,2242.6,946945,171650
41845,2244.8,2282.2,2241.4,2277.8,660120,168928
41848,2279,2360,2278.2,2339.6,990968,177939
41849,2343.4,2362.4,2332.4,2339.2,748813,176881
41850,2334.2,2351.4,2328.6,2332.8,774154,179661
41851,2333.2,2375.6,2327.2,2375.2,846249,186322
41852,2369,2396.4,2338,2347.4,1036118,184512
41855,2348.2,2397.6,2348.2,2392.2,996064,194307
41856,2394.4,2399.8,2366.4,2373.8,914210,191669
41857,2374.4,2382.2,2343,2367.4,966081,188203
41858,2372,2381.4,2336.8,2340.6,959335,188245
41859,2340.4,2355.4,2332,2344.4,795926,182253
41862,2352.4,2381.2,2348.4,2366,856117,184345
41863,2369.2,2373,2351.4,2372.4,736073,177995
41864,2373.6,2378.8,2341.2,2367.4,952077,176785
41865,2371.2,2377.2,2341.6,2346,923789,173051
41866,2351.4,2386.2,2346.6,2379.8,911674,174316
41869,2381.2,2396.2,2369.8,2378.8,725463,169829
41870,2382,2386.6,2359.6,2377,720446,165944
41871,2376.6,2381,2363.4,2367,688781,164891
41872,2369.4,2372,2338.8,2357.8,712617,162972
41873,2359,2377.6,2354.4,2375.6,717768,162090
41876,2376.2,2380.4,2345.2,2351.8,703685,164252
41877,2351.8,2359.2,2331.6,2341.4,751962,167197
41878,2342.2,2351,2337.2,2340,534797,167020
41879,2340.8,2347.4,2325.4,2334.6,653731,170582
41880,2332.2,2356.2,2332.2,2355.2,604425,168380
41883,2356.4,2362.4,2345.4,2353.2,573963,165376
41884,2355.2,2399,2351,2393.4,841435,172717
41885,2397.6,2428.8,2395.2,2416.2,861154,176364
41886,2418.2,2450.8,2415.6,2450.4,817189,184616
41887,2454.4,2480,2448.2,2475.4,923025,198622
41891,2476,2478,2454.6,2463.4,650801,197450
41892,2457,2458.8,2433.4,2447.2,712701,190899
41893,2447,2483.2,2423.8,2424.2,1153425,186120
41894,2425,2450.8,2421.8,2445.2,859471,184825
41897,2437.6,2448,2427.4,2440,759875,186163
41898,2440.6,2459,2393.6,2400.8,1156091,194431
41899,2412,2415.4,2394.8,2410.4,839768,188435
41900,2409.6,2424.8,2400,2416,927720,183982
41901,2420,2448.4,2413.8,2444.2,961937,176135
41904,2441.8,2441.8,2378.8,2392.2,865489,170607
41905,2390,2419.8,2390,2407.4,796344,173120
41906,2406.4,2473,2396.6,2472,1095229,199831
41907,2479,2499.6,2449,2458.6,1041047,198724
41908,2450.8,2468,2439,2454.6,890089,197249
41911,2454.2,2465.8,2443.8,2458.6,646520,192042
41912,2462.6,2470,2449,2457.4,594468,183850
41920,2469.8,2489.8,2450.8,2487.8,736785,184516
41921,2491,2499,2471.4,2480,702168,185803
41922,2473.2,2486.8,2461,2473.8,772947,177830
41925,2470.4,2470.8,2429.6,2458.8,810049,176961
41926,2454,2466.8,2427.8,2442.8,845913,171777
41927,2444.2,2468.2,2430,2459.4,1023140,164365
41928,2450.8,2481.8,2443.2,2451.8,1199645,168828
41929,2454.8,2462.8,2426.6,2446.2,1027551,169177
41932,2455.8,2461.4,2444.2,2455.8,682608,171091
41933,2456,2465.6,2438.2,2441.2,791870,176546
41934,2444.4,2454.8,2428.2,2430.6,748913,179738
41935,2428.6,2438.2,2404.6,2407.6,867759,177798
41936,2409.8,2415.4,2398.2,2399,656563,181526
41939,2393.6,2393.6,2370.2,2383.2,754631,185732
41940,2385.2,2430.2,2385.2,2427.8,785989,184438
41941,2431.4,2473.2,2425.8,2460,953511,181528
41942,2461.2,2475.4,2454.2,2471.6,904396,183160
41943,2475.2,2526.8,2473.2,2525.4,1211598,189181
41946,2527.4,2531.8,2510.8,2513.8,731421,193949
41947,2510.6,2520.2,2507.4,2513.4,675448,189339
41948,2514.6,2527,2502.6,2517.6,811618,190657
41949,2520.6,2523.4,2491.6,2520.4,900900,202317
41950,2523.4,2552.4,2489.4,2499.6,1317110,191592
41953,2522.2,2572.4,2511.8,2568.8,1222513,200375
41954,2572.2,2595,2536,2553.8,1540582,199382
41955,2555.4,2594.8,2547.8,2588.6,1122691,202020
41956,2588.6,2593,2565.8,2575.4,1210059,198206
41957,2573.4,2583,2553.8,2583,1048237,191988
41960,2600,2618.2,2565,2572.2,1329870,197450
41961,2572.8,2575.4,2540.6,2549.6,977317,206644
41962,2548.6,2557.2,2537.4,2541.2,867854,200025
41963,2535.8,2555,2526.6,2554.6,948654,207615
41964,2553.2,2606.6,2540.6,2605,1179710,204002
41967,2626,2700.8,2620,2678.4,1371888,206926
41968,2683.4,2731.6,2674.2,2729.2,1075368,216265
41969,2729.4,2754.8,2717.6,2750.2,1307171,218901
41970,2752.2,2770.6,2731.4,2758.2,1184754,216093
41971,2757,2828.8,2745,2828.8,1299202,211289
41974,2823,2846.2,2800.2,2812.6,1214035,212346
41975,2810.2,2991.2,2809,2939.6,1968113,209795
41976,2948.2,3065.4,2945.8,3000.8,2303389,214329
41977,3006.6,3203.8,3006.6,3201.4,2159674,228339
41978,3216.2,3267,3114.8,3192.4,2413050,232722
41981,3182,3359.2,3143.2,3337,2049584,242066
41982,3322.8,3481.4,3013.8,3152,2930128,214822
41983,3166.4,3319.6,3136,3250.4,2501205,235622
41984,3222.4,3302.6,3197,3233.2,2041015,227781
41985,3241.8,3321.8,3219,3248.8,1758553,238874
41988,3233.8,3307,3203.6,3277.6,1404741,249577
41989,3274.6,3381,3269.6,3374,1886856,238774
41990,3389,3487,3371.8,3486.8,2230010,234705
41991,3389,3550.6,3371.8,3512.4,1802071,240707
41992,3525.2,3539.2,3400.6,3527.6,1784296,233715
41995,3531.8,3538.4,3415.6,3418.6,1810607,229957
41996,3419.4,3488.6,3332.6,3334,1792205,225621
41997,3332.8,3368.8,3209.2,3277.8,1997078,200074
41998,3291.2,3401.4,3270.8,3400,1940099,197798
41999,3402.4,3536.2,3374.4,3507,2000158,207016
42002,3542.6,3618.6,3433.6,3500.6,1932218,201856
42003,3503.8,3558.6,3469.6,3514.4,2044955,206357
42004,3517.2,3624.4,3510.6,3623.8,1526454,215437
42009,3643.8,3804,3621,3710.2,1500643,237221
42010,3701.4,3747.4,3653.4,3701.6,1737699,236054
42011,3702.4,3723.8,3658.8,3711.8,1475006,231591
42012,3722.8,3727.2,3601.4,3609.4,1807466,229779
42013,3615.4,3760,3559.2,3575.4,2038525,213768
42016,3603.4,3610.4,3502.8,3583.8,1539983,212848
42017,3585,3609.8,3550,3579.6,1349288,222139
42018,3583.8,3610,3522.6,3562.2,1382198,227414
42019,3563.6,3707,3542,3706,1766348,226674
42020,3706.6,3737.8,3685.8,3697.2,1511496,223267
42023,3569.6,3569.6,3342.8,3343.4,1297466,225924
42024,3328,3474,3323.8,3425.2,2048219,214500
42025,3435,3606.2,3435,3576.6,1710330,219167
42026,3587.6,3620.6,3551.8,3589.6,1368861,213835
42027,3609,3676.2,3580.4,3627,1665037,212044
42030,3635,3660.8,3599.4,3653.4,1210104,216640
42031,3666.2,3669.4,3531.6,3600.8,1515865,218221
42032,3594,3626.2,3536,3549.8,1555853,219756
42033,3494.8,3538.6,3474.2,3515.4,1407556,213949
42034,3523.6,3555.8,3440.6,3449.4,1589453,213087
42037,3395,3442.8,3370.4,3412.8,1267068,219311
42038,3418.4,3486,3398.8,3478.4,1406441,230295
42039,3498.2,3531,3406,3414.8,1421554,238537
42040,3516.6,3562,3367.2,3378.6,1808881,232188
42041,3380.6,3414,3310.8,3370.8,1533764,224007
42044,3354.4,3427.6,3341.6,3408,1483136,232800
42045,3410.4,3472.6,3386.8,3472,1545688,243396
42046,3479.4,3503.4,3468.4,3485,1254080,250673
42047,3488.8,3505.2,3452.6,3493.4,1083933,248680
42048,3498,3569.6,3495.4,3505.2,1382845,239701
42051,3512.6,3560.2,3509,3556,882121,240428
42052,3558.6,3593.6,3555.6,3571.2,872386,238206
42060,3579.6,3582.8,3485.4,3503.2,966332,225954
42061,3503.8,3636,3488.2,3632.6,1138319,246239
42062,3635.8,3641,3590,3606.4,1026427,241822
42065,3651.8,3651.8,3598,3627,1246053,244792
42066,3622,3622,3525.6,3557.8,1230649,240379
42067,3552.4,3580,3519.4,3549.2,1278654,243877
42068,3546.2,3549.8,3488.6,3523.6,1290957,241949
42069,3525,3545.6,3496.4,3505.6,1091742,242503
42072,3485.6,3592.4,3435.6,3584,1326117,247989
42073,3588.6,3588.6,3539.8,3545.2,1139937,246631
42074,3536.4,3615.4,3530.6,3560.2,1348611,253407
42075,3575,3646.6,3573.4,3612.4,1456315,253089
42076,3632.2,3671.6,3617.6,3644.2,1290899,243325
42079,3641,3737.4,3640.8,3736.2,1251775,259514
42080,3752.4,3795,3747.8,3794,1403667,255553
42081,3799,3898.2,3792.4,3858,1511280,252545
42082,3876.4,3886.8,3849.2,3868.4,1270864,253878
42083,3880.4,3947.4,3858.8,3936,1768389,237953
42086,3966.2,4018.8,3963.8,4011.6,1428039,251828
42087,4019.4,4024.8,3936.8,3980.4,1522604,249247
42088,3983.2,4001.6,3928.6,3968.4,1421698,242249
42089,3957,4005,3903.2,3946.2,1795203,234150
42090,3946.4,4000.4,3935.4,3995.2,1423153,231080
42093,3999.4,4152.8,3999.4,4147.4,1422053,238425
42094,4178.8,4208.4,4014.4,4043,1818532,230358
42095,4054.2,4178.8,4054.2,4130.4,1739401,241799
42096,4158,4182.4,4059.6,4115,1703369,224380
42097,4103,4222,4090,4214.2,1814089,233020
42101,4239.6,4262.6,4190.8,4248.2,1394231,222376
42102,4253.2,4291.2,4199.6,4251.4,1739388,220465
42103,4254.2,4278.2,4186.2,4229.6,1836113,213040
42104,4231.4,4385.8,4217.8,4382.6,1699942,228078
42107,4405.4,4447.4,4365.6,4428.4,1489756,226103
42108,4422.6,4483.4,4384,4422,1740283,215543
42109,4424.8,4469.2,4377.2,4384,1942904,209840
42110,4388.6,4561.2,4377.6,4555.2,1924575,218487
42111,4563.2,4664.6,4555,4609,1779283,194152
42114,4603.8,4685.2,4493.4,4519.8,1894990,199431
42115,4543.8,4634,4531.4,4623.4,1641559,201932
42116,4640.4,4767.8,4637,4766.4,1441626,207539
42117,4771.6,4794.2,4699.6,4721.6,1653711,194835
42118,4696.4,4737.6,4620.2,4728.6,1614501,201380
42121,4747.8,4830.2,4743.2,4808.4,1522447,201607
42122,4800.8,4814.8,4664.8,4724.2,1640807,186882
42123,4709,4805,4705.2,4775.2,1374165,196677
42124,4784.8,4829,4737.6,4770.6,1365274,187270
42128,4785,4809,4716.4,4760.4,1152000,190876
42129,4765.8,4768,4566.2,4615.2,1457077,199149
42130,4624,4712.6,4529.4,4577.2,1724773,210147
42131,4572.8,4585.6,4499.2,4506.2,1659278,235927
42132,4528.6,4574.4,4454.6,4547.2,1709350,232889
42135,4573.2,4671.2,4534.8,4659.8,1533741,201568
42136,4660,4719.6,4636.4,4703.2,1474091,193881
42137,4705.2,4714.2,4633.8,4657.2,1393969,185766
42138,4664.2,4692.4,4639.4,4664.2,1412108,176581
42139,4670.8,4674.4,4517.2,4559.2,1721536,175794
42142,4570.6,4594,4525.6,4530.6,1295206,179000
42143,4540.2,4777.6,4537,4771.6,1591072,207685
42144,4778.4,4906.2,4738.8,4773.4,1631623,209976
42145,4781.8,4902,4778,4889.8,1598112,231210
42146,4905,5026.2,4891.6,5021.6,1582585,238937
42149,4991.6,5189.6,4984,5157.2,1376943,236656
42150,5170.6,5288,5151.8,5275.8,1632641,236157
42151,5305.4,5370.2,5209,5292.2,1686566,220397
42152,5309,5329.8,4850.8,4943.4,1960123,224429
42153,4967.8,5027.8,4803.2,4899.2,1998421,222926
42156,4908.2,5262.6,4886,5253,1580581,233550
42157,5255,5336.6,5130,5269,1793934,221973
42158,5283.4,5310.2,5136.6,5187,1980879,226216
42159,5190.8,5279.2,4746,5255.2,2168640,201042
42160,5264.8,5329.8,5085.8,5235.8,2058218,188794
42163,5227.4,5393.8,5154.4,5333.8,1804105,167857
42164,5227.4,5393.8,5154.4,5251.6,1791588,156370
42165,5209.6,5392.8,5184,5253.6,1780145,156016
42166,5277.4,5330.8,5223,5298,1555978,153010
42167,5301.4,5376.8,5266.2,5361.6,1518095,153962
42170,5356.4,5387.4,5160.8,5198.6,1689438,166597
42171,5190.4,5196.6,5004.8,5069,1938191,167438
42172,5087,5166.2,4966.6,5120,1909641,172680
42173,5114.4,5124.4,4923.8,4941,1849939,165849
42174,4938.2,4943.2,4535,4603.8,2283013,171793
42178,4594,4815.2,4464.2,4736.2,2207919,176144
42179,4756.4,4871.6,4707.2,4860.6,1926895,169253
42180,4878,4909,4571.6,4587.8,2209492,162018
42181,4583.8,4618.2,4213,4213,2355785,153014
42184,4345.2,4406.4,3819,4009.6,3185557,139128
42185,4065,4445.4,3975.8,4381,2512956,146514
42186,4388.2,4481,4010,4056.2,2435322,134903
42187,4167.4,4311,3930.6,4125.6,2791987,138526
42188,4124,4202,3786,3931,2631323,172174
42191,4308.4,4340.8,3811.8,4040.6,2176664,162237
42192,4027.6,4027.6,3649.2,3676.4,1622458,150129
42193,3575.4,3684.4,3450.2,3450.2,448649,135433
42194,3327.4,3792.4,3303.4,3792.4,706522,111233
42195,3795.6,4166.6,3764.4,4134.4,1254467,103873
42198,4094.4,4248.8,4056.2,4063,1841169,100186
42199,4071.4,4111.8,3901.2,3954.2,1854653,93398
42200,3961.4,3971.8,3711,3743,1943492,94455
42201,3707.4,3978.4,3613.6,3852.6,2465940,82229
42202,3872.6,4154.2,3854,4065.2,2217278,83617
42205,4081.4,4094.6,3845.4,3922.4,2035183,84190
42206,3917.2,4024.6,3844,3941.4,2206775,83081
42207,3938.2,3969.4,3840.8,3919.2,1769380,85982
42208,3916.4,4203.6,3908.2,4168.8,1894038,96608
42209,4177,4190.6,3956,3990.8,2014626,92754
42212,3983.6,3995,3628.4,3628.4,1814080,97008
42213,3600.2,3730.8,3539,3633.8,2348390,93358
42214,3663.8,3806.4,3585.2,3800.2,2178765,97685
42215,3798.2,3801.4,3561.2,3630,2356133,99349
42216,3624.6,3756.2,3587.4,3664.8,2039295,94803
42219,3640.4,3643.4,3536.6,3592.6,1358406,94166
42220,3640.4,3836.2,3536.6,3801.4,1626132,97750
42221,3801,3809.8,3695.2,3720.2,1561653,96014
42222,3690.8,3819.8,3656.6,3730.6,1997252,99042
42223,3729.4,3908,3729.4,3830.2,2083566,100768
42226,3839.8,4072,3839.8,4014.6,1882454,109242
42227,4029.8,4039.6,3967,3982.2,1898543,105644
42228,3966.2,4027,3934.4,3944,2121004,106932
42229,3952.2,4005.6,3900.2,3987,1902632,103450
42230,3993.2,4037.6,3948.4,3965.4,1969916,102857
42233,3952.8,3963,3870.4,3946.4,1824052,106378
42234,3956.4,3986,3573.4,3667.8,2349411,109547
42235,3650.4,3770.6,3575,3710.6,2524743,102088
42236,3697.2,3722.8,3587.2,3613.6,2287290,105411
42237,3588.8,3622.6,3405.6,3461,2505858,101509
42240,3377.6,3377.6,3119,3119,1400381,103869
42241,3037.8,3092.8,2807.2,2807.2,2476366,101463
42242,2842.2,3003.4,2668.6,2727.2,1869386,92918
42243,2801.8,3027.8,2801.8,3009.2,1815890,91448
42244,3061.4,3204.2,2993.8,3164.2,1340096,82163
42247,3146.2,3146.2,2956.6,3035.6,578180,72108
42248,3043,3104.4,2854.8,2950.2,598142,68482
42249,2898.2,3149.2,2864.2,2912.4,616367,66172
42254,3028.4,3258.2,2999.6,3038.6,43015,55497
42255,3052.6,3282.4,3018.2,3281.8,34085,49640
42256,3307.2,3341.4,3251.2,3282,27899,48498
42257,3256.8,3282.6,3220.2,3238.2,19160,48336
42258,3248.8,3292.2,3212,3242.4,20147,47552
42261,3279.4,3290.2,3008,3025.8,28817,46536
42262,3030.4,3095.4,2981.8,3011.2,25393,45612
42263,3028.2,3218.4,2977.4,3179.2,29497,43432
42264,3180.6,3205.2,3075.2,3090.8,27148,41722
42265,3114.4,3131.2,3072.2,3099.4,22610,39660
42268,3048.8,3182.2,3042.4,3182.2,19003,37687
42269,3188,3213,3160.8,3184.6,17624,37854
42270,3168.2,3169.8,3087.2,3112.6,16671,38507
42271,3120.4,3173.8,3114.6,3144.2,15491,39054
42272,3149,3149.6,3036,3073.4,17284,39249
42275,3149,3149.6,3036,3104.4,-2471,39241
42276,3069.6,3077,2999,3032.6,14902,39457
42277,3045.2,3098.8,3041.4,3073,13472,38867
42285,3192.8,3255.4,3164.2,3165.8,16216,40049
42286,3193,3265.2,3185,3255.4,17852,41293
