40648,2275,2285,2228,2250,58080,6694
40651,2239,2389,2237,2382,133636,19940
40652,2371,2385,2321,2337,205268,23738
40653,2353,2396,2329,2344,176032,23970
40654,2359,2364,2324,2336,97806,22728
40655,2347,2352,2298,2331,128548,19446
40658,2336,2360,2319,2331,65102,18596
40659,2312,2330,2305,2323,44636,18420
40660,2332,2340,2317,2322,32090,16914
40661,2333,2348,2328,2339,26344,14746
40662,2339,2344,2325,2331,17764,12312
40666,2332,2355,2328,2346,26696,13430
40667,2347,2348,2322,2331,14634,11348
40668,2317,2321,2296,2310,14072,11296
40669,2263,2291,2263,2273,14920,10726
40672,2286,2286,2275,2282,7270,9796
40673,2284,2290,2277,2289,7988,8766
40674,2295,2339,2288,2316,30238,9928
40675,2300,2353,2300,2345,62144,18268
40676,2358,2444,2353,2419,135262,27080
40679,2411,2423,2397,2408,57378,26532
40680,2417,2417,2372,2392,57900,22532
40681,2404,2424,2371,2373,70694,22636
40682,2388,2389,2364,2368,47798,19124
40683,2366,2392,2366,2377,37118,19016
40686,2383,2383,2352,2358,19074,18520
40687,2361,2381,2347,2381,30624,21748
40688,2385,2385,2367,2376,18240,19574
40689,2383,2398,2378,2379,19624,20154
40690,2381,2381,2352,2372,21780,19316
40693,2371,2383,2361,2366,16498,18552
40694,2368,2379,2362,2366,15260,16636
40695,2371,2376,2358,2360,13748,16448
40696,2355,2364,2338,2341,18830,16114
40697,2342,2346,2322,2328,17242,16160
40701,2322,2342,2313,2333,15690,15504
40702,2334,2337,2321,2327,8244,14854
40703,2331,2334,2319,2319,8168,14926
40704,2322,2325,2308,2312,13080,16600
40707,2310,2322,2298,2321,9462,18144
40708,2323,2354,2319,2335,42480,16070
40709,2341,2343,2322,2324,9826,15554
40710,2321,2323,2301,2308,9586,15016
40711,2310,2321,2305,2308,6542,15008
40714,2307,2311,2282,2283,8558,15532
40715,2290,2301,2272,2297,10418,15466
40716,2291,2298,2285,2290,6224,14864
40717,2289,2323,2282,2319,23352,16370
40718,2317,2324,2301,2303,13418,14862
40721,2296,2319,2293,2309,12506,14844
40722,2319,2339,2303,2304,18848,15670
40723,2312,2314,2290,2297,10994,15490
40724,2301,2313,2297,2310,11120,14942
40725,2309,2318,2296,2297,7444,14926
40728,2295,2326,2295,2317,4894,15726
40729,2319,2323,2307,2316,9460,16294
40730,2324,2346,2317,2344,22880,19396
40731,2341,2351,2312,2316,20036,16350
40732,2317,2328,2310,2315,12922,15934
40735,2311,2324,2305,2308,7732,14584
40736,2308,2317,2293,2300,7646,14140
40737,2306,2315,2302,2313,5892,13270
40738,2318,2318,2299,2308,6774,13104
40739,2309,2312,2301,2306,3420,12388
40742,2309,2317,2306,2308,6056,12436
40743,2309,2312,2305,2308,2942,11728
40744,2311,2316,2295,2302,7082,12636
40745,2301,2305,2287,2290,6326,12912
40746,2283,2296,2280,2290,3120,12452
40749,2290,2301,2286,2290,4640,11840
40750,2293,2296,2284,2294,2504,11158
40751,2297,2297,2288,2289,2424,10850
40752,2288,2298,2285,2290,4236,9932
40753,2293,2295,2289,2290,2386,9520
40756,2291,2293,2287,2291,1870,9100
40757,2290,2293,2288,2291,1510,8550
40758,2292,2294,2290,2292,1444,7954
40759,2291,2314,2290,2312,2950,7748
40760,2306,2319,2293,2306,8856,6978
40763,2298,2298,2278,2283,3948,5316
40764,2274,2274,2205,2251,3766,4122
40765,2255,2271,2254,2257,1042,4102
40766,2242,2264,2242,2259,1062,3958
40767,2275,2275,2253,2258,908,3848
40770,2262,2264,2229,2235,1880,4036
40771,2238,2238,2207,2211,2144,4236
40772,2203,2221,2197,2209,2584,4470
40773,2216,2218,2192,2201,3260,4810
40774,2191,2199,2179,2186,3104,5302
40777,2174,2196,2174,2183,7898,6458
40778,2194,2195,2117,2132,26090,13544
40779,2144,2167,2128,2164,31036,12706
40780,2163,2189,2155,2187,22046,11168
40781,2183,2198,2182,2187,13484,10668
40784,2193,2194,2175,2182,7622,10526
40785,2187,2193,2181,2187,6382,10366
40786,2194,2224,2191,2209,13568,9604
40787,2208,2217,2201,2208,5356,9142
40788,2211,2211,2181,2189,6840,9398
40791,2184,2204,2182,2189,5800,9044
40792,2194,2214,2186,2210,11258,8810
40793,2210,2221,2209,2218,6282,8436
40794,2219,2224,2207,2207,3970,8172
40795,2208,2212,2204,2210,2778,7778
40799,2213,2213,2200,2202,2166,7952
40800,2205,2206,2183,2190,3770,7682
40801,2193,2205,2192,2198,3694,8078
40802,2236,2243,2225,2242,5268,7622
40805,2238,2243,2217,2219,6540,8004
40806,2211,2220,2196,2214,8014,8510
40807,2213,2247,2212,2235,17602,10654
40808,2220,2223,2170,2194,12558,10296
40809,2151,2190,2135,2146,17366,9450
40812,2149,2156,2077,2079,10322,8756
40813,2102,2121,2098,2111,9804,8560
40814,2115,2118,2079,2093,6442,8722
40815,2059,2059,2008,2027,8956,7180
40816,2051,2051,2031,2042,6428,6602
40826,2059,2088,2046,2052,3808,6612
40827,2065,2080,2057,2059,6480,7088
40828,2061,2070,2046,2067,4574,6936
40829,2065,2070,2057,2065,2752,6852
40830,2060,2068,2057,2061,2934,6950
40833,2069,2071,2015,2019,10388,9348
40834,2015,2015,1986,1990,10790,9116
40835,2007,2007,1974,1983,6248,9156
40836,1954,1962,1890,1892,8874,8662
40837,1900,1925,1894,1920,8072,8302
40840,1939,1987,1909,1963,12092,7942
40841,1979,2007,1955,1970,12618,7526
40842,1953,1980,1952,1970,7916,7744
40843,1971,1979,1967,1974,5876,7726
40844,2006,2020,1976,1982,6668,7152
40847,1979,1983,1955,1963,3576,6782
40848,1957,1974,1950,1958,3918,6676
40849,1937,1955,1927,1951,3734,6544
40850,1940,1950,1937,1939,2982,6528
40851,1961,1973,1951,1971,4468,6076
40854,1964,1971,1960,1966,2856,6030
40855,1967,1986,1967,1982,5950,6200
40856,1991,1994,1976,1983,3108,6052
40857,1901,1966,1901,1951,5776,5674
40858,1956,2045,1955,2044,23596,9960
40861,2049,2064,2025,2033,26448,10150
40862,2025,2084,2015,2043,57012,13974
40863,2037,2054,2019,2022,32362,12916
40864,2030,2049,2019,2031,22890,11972
40865,2014,2027,2004,2018,12806,10944
40868,2012,2032,1996,2002,14870,10568
40869,1999,2006,1992,2000,6912,9452
40870,2002,2003,1983,1984,4590,8648
40871,1980,1986,1961,1983,6140,7950
40872,1975,1987,1969,1973,3880,7580
40875,1983,1989,1962,1972,5770,7394
40876,1973,1984,1965,1982,4664,7392
40877,1982,2033,1980,1991,31710,9324
40878,2033,2055,2005,2019,17410,7970
40879,2015,2017,2006,2009,5248,7482
40882,2008,2016,2006,2014,4202,6880
40883,2010,2010,1965,1986,15188,8230
40884,1987,1990,1981,1989,4834,7584
40885,1978,1985,1968,1981,5902,7382
40886,1974,1991,1974,1980,4414,6830
40889,1984,1984,1951,1951,6482,8230
40890,1942,1959,1939,1958,5296,7716
40891,1956,1957,1939,1947,4248,7676
40892,1917,1933,1912,1924,4594,7034
40893,1934,1965,1927,1961,7308,6004
40896,1957,1967,1949,1962,5920,5710
40897,1964,1978,1960,1967,6256,5160
40898,1975,1980,1968,1970,3606,5070
40899,1963,1971,1954,1970,4226,4742
40900,1971,1971,1958,1958,3446,5070
40903,1963,1970,1945,1950,6448,5350
40904,1951,1955,1944,1950,2398,5154
40905,1954,1983,1952,1973,9120,4758
40906,1964,1975,1959,1970,3372,4398
40907,1975,1992,1972,1981,5276,4472
40912,1999,1999,1969,1969,3614,4390
40913,1971,1977,1958,1976,2634,4268
40914,1970,2020,1970,2010,13626,4682
40917,2008,2024,2005,2020,4238,4726
40918,2024,2036,2010,2027,7244,4890
40919,2030,2068,2026,2056,15290,5908
40920,2054,2062,2048,2057,5298,5594
40921,2054,2077,2032,2032,8724,5240
40924,2019,2043,2017,2036,4652,4852
40925,2038,2064,2032,2054,6098,4414
40926,2073,2079,2058,2066,4104,3860
40927,2070,2095,2065,2074,5832,3576
40928,2075,2084,2070,2073,2628,3336
40938,2074,2120,2072,2091,8046,3750
40939,2093,2105,2088,2097,4926,4114
40940,2097,2100,2078,2082,3780,4138
40941,2083,2094,2076,2085,3000,3868
40942,2083,2093,2075,2086,3512,3948
40945,2097,2124,2090,2113,8560,4718
40946,2113,2122,2094,2094,4652,4688
40947,2098,2118,2097,2113,4536,5018
40948,2108,2126,2081,2086,10096,4388
40949,2091,2096,2074,2078,5476,4004
40952,2081,2083,2069,2074,3556,3952
40953,2075,2077,2065,2066,2934,4044
40954,2069,2078,2062,2063,4908,4434
40955,2059,2066,2039,2048,5202,4066
40956,2057,2061,2045,2046,2818,4164
40959,2056,2064,2049,2053,4422,4274
40960,2054,2067,2050,2064,3826,4126
40961,2072,2073,2064,2069,2148,4046
40962,2067,2068,2062,2068,1754,3822
40963,2071,2079,2064,2068,3656,3898
40966,2072,2087,2071,2084,2620,3774
40967,2082,2089,2082,2088,1332,3790
40968,2084,2095,2084,2094,1596,3806
40969,2090,2090,2076,2076,1968,3528
40970,2084,2101,2079,2093,3424,3952
40973,2091,2096,2069,2069,3112,4108
40974,2067,2072,2064,2068,2048,3826
40975,2056,2062,2046,2048,1978,3732
40976,2054,2062,2049,2057,1610,3780
40977,2057,2074,2057,2070,2442,3960
40980,2074,2074,2056,2059,2308,4060
40981,2060,2067,2059,2065,1796,3976
40982,2070,2072,2036,2037,3984,4318
40983,2034,2044,2017,2026,4606,4600
40984,2035,2036,2015,2023,2860,4662
40987,2025,2027,2004,2012,2794,5116
40988,2013,2032,2009,2029,5570,4880
40989,2029,2043,2026,2043,4444,4902
40990,2045,2046,2029,2043,3942,4634
40991,2042,2054,2037,2052,2484,4524
40994,2048,2060,2047,2049,2002,4656
40995,2056,2056,2046,2047,1362,4578
40996,2045,2045,2031,2033,1512,4386
40997,2028,2034,2028,2032,1036,4282
40998,2028,2034,2028,2033,920,4042
41004,2028,2033,2020,2030,1186,3996
41005,2021.8,2031,2019,2023,936,4040
41008,2022.5,2025,2013,2014,1272,4034
41009,2006.8,2021,2006.8,2021,1378,3840
41010,2017.3,2040,2017,2040,2448,3954
41011,2036.2,2054,2036.2,2051,3316,4182
41012,2045.3,2053,2040,2041,2428,4284
41015,2034.7,2042,2030,2036,2208,4020
41016,2031.6,2038,2028,2029,1420,3720
41017,2036.9,2037,2018,2021,3870,4198
41018,2020.7,2022,2009,2015,3414,4484
41019,2018.4,2025,2007,2013,3082,4326
41022,2019.1,2020,1980,1990,8666,6592
41023,1990.3,2000,1987,1994,4500,6112
41024,1995.9,2001,1978,1997,7668,5940
41025,1993.1,2001,1990,2001,2950,5642
41026,2004.6,2009,1992,1992,3194,5502
41031,2001,2002,1989,1993,3048,5506
41032,1990.1,2004,1983,1986,6116,6714
41033,1972.6,1994,1972.6,1993,3942,6556
41036,1987,1995,1980,1989,5254,6936
41037,1991.2,1992,1963,1965,9312,9194
41038,1962.2,1975,1960,1970,7834,9148
41039,1969.1,1977,1964,1974,5540,7934
41040,1971.5,1976,1949,1968,10996,8086
41043,1972.3,1973,1891,1899,11282,8624
41044,1903.6,1905,1881,1895,8068,8464
41045,1892.3,1897,1871,1872,4544,7554
41046,1880.8,1888,1866,1885,6628,7974
41047,1878.9,1882,1863,1872,5824,7664
41050,1877.7,1895,1876,1886,5546,8018
41051,1892.4,1897,1879,1886,7882,9194
41052,1867.8,1876,1853,1860,6772,9000
41053,1857.6,1867,1854,1865,4032,8968
41054,1862.5,1870,1854,1869,4424,8938
41057,1872.9,1890,1868,1885,4862,8420
41058,1878.7,1892,1878,1888,8574,8780
41059,1883,1884,1871,1876,4802,8308
41060,1864.2,1873,1861,1869,3562,8072
41061,1866.6,1871,1860,1861,2464,7796
41064,1850,1850,1792,1794,7284,7910
41065,1803.9,1819,1801,1807,5700,7374
41066,1804.2,1821,1804.2,1818,4112,7008
41067,1824.6,1832,1808,1814,3910,7514
41068,1819.6,1819.6,1780,1788,7100,7796
41071,1799,1818,1795,1804,5488,7980
41072,1787.5,1789,1751,1759,6860,9066
41073,1758.7,1760,1739,1750,6676,9236
41074,1742.1,1758,1729,1735,9514,9916
41075,1742.9,1751,1735,1750,6910,9412
41078,1760.7,1762,1743,1752,7346,10026
41079,1745.5,1760,1745.5,1751,5416,9962
41080,1755.3,1771,1754,1768,6020,9924
41081,1748,1755,1731,1735,7274,10182
41085,1729.1,1740,1700,1702,11390,12896
41086,1705.3,1707,1678,1694,23396,14120
41087,1697.3,1702,1676,1682,14038,15532
41088,1681.8,1687,1654,1663,28870,18192
41089,1648.9,1675,1626,1669,63644,18980
41092,1690.5,1720,1652,1717,82728,21114
41093,1719.1,1736,1704,1730,86356,16790
41094,1733.9,1766,1725,1750,80324,17344
41095,1742.8,1768,1742.8,1766,59668,18134
41096,1759.8,1769,1749,1758,43288,16124
41099,1744.5,1749,1734,1734,28732,15586
41100,1722.4,1753,1722.4,1724,36654,17234
41101,1717.4,1726,1706,1711,34368,17058
41102,1714.3,1766,1705,1760,89312,24002
41103,1765.7,1784,1751,1775,80334,22238
41106,1776.3,1779,1733,1737,68520,21752
41107,1741.7,1743,1705,1709,62122,23114
41108,1717.3,1728,1698,1720,71524,23148
41109,1727.1,1731,1713,1714,45042,23076
41110,1709.1,1718,1654,1654,68540,26262
41113,1631.1,1637,1591,1604,63408,25884
41114,1594.3,1634,1592,1619,84224,26888
41115,1611.6,1624,1555,1568,115450,34244
41116,1579.7,1599,1547,1585,174712,31906
41117,1590.4,1604,1570,1602,121754,30952
41120,1597.8,1614,1552,1564,164790,37284
41121,1561.9,1575,1548,1570,117466,35086
41122,1558,1599,1558,1586,121654,31342
41123,1584.4,1596,1569,1590,118078,32050
41124,1582.8,1602,1560,1570,152930,37722
41127,1576.6,1588,1558,1567,137030,45956
41128,1563.3,1576,1558,1570,103986,47710
41129,1572.5,1586,1568,1579,122550,42132
41130,1581,1591,1578,1587,72570,42646
41131,1586.1,1597,1577,1584,90868,40870
41134,1581.4,1589,1562,1564,81422,44732
41135,1563,1568,1512,1515,155524,58506
41136,1509.9,1535,1499,1522,160668,55462
41137,1528.4,1538,1513,1521,149468,51072
41138,1526,1536,1517,1527,122088,51132
41141,1530,1537,1519,1525,110156,44198
41142,1524.5,1527,1483,1494,188006,49860
41143,1491.6,1510,1482,1492,144308,51758
41144,1493.8,1509,1488,1501,126336,52110
41145,1498.3,1507,1474,1480,124146,55862
41148,1485,1495,1474,1480,131352,59590
41149,1474.1,1476,1445,1447,148776,63062
41150,1440.4,1448,1404,1420,248108,62034
41151,1414.8,1418,1367,1404,447740,68078
41152,1394.4,1415,1386,1398,233034,66734
41155,1397.4,1401,1381,1384,204636,74428
41156,1381.9,1382,1336,1336,387238,83094
41157,1318.6,1341,1299,1299,394858,87112
41158,1304.6,1330,1291,1317,650086,90598
41159,1312.4,1361,1312.4,1361,503946,82002
41162,1378.5,1421,1375,1421,531766,65890
41163,1423.4,1437,1392,1427,664432,63432
41164,1424.4,1470,1415,1454,1121574,95314
41165,1451.5,1465,1436,1441,976928,98018
41166,1473.4,1510,1442,1452,915226,121806
41169,1440.7,1454,1413,1442,856254,108572
41170,1425,1483,1419,1473,1041180,124224
41171,1482,1489,1459,1468,880192,122158
41172,1454,1469,1430,1432,916990,121214
41173,1441,1449,1416,1435,1033784,117638
41176,1427,1451,1413,1446,775732,132694
41177,1452,1475,1440,1448,998102,117758
41178,1433,1448,1428,1440,679446,107476
41179,1437,1495,1435,1458,542916,88778
41180,1465,1472,1459,1468,299174,69604
41190,1464,1481,1462,1472,261692,74046
41191,1478,1529,1475,1527,678924,116972
41192,1525,1559,1519,1544,853464,126872
41193,1538,1548,1523,1529,655962,128430
41194,1531,1578,1525,1557,1203584,142964
41197,1545,1567,1524,1531,1023168,155360
41198,1536,1560,1527,1552,960524,187142
41199,1556,1588,1556,1572,1181336,185206
41200,1577,1597,1574,1593,825522,188428
41201,1591,1601,1569,1574,939236,174870
41204,1563,1611,1559,1611,875200,175896
41205,1617,1623,1566,1574,1275120,167692
41206,1569,1600,1555,1596,1551822,163786
41207,1604,1608,1584,1602,1589214,153698
41208,1601,1607,1580,1596,1303278,152118
41211,1596,1601,1557,1561,1184026,169024
41212,1557,1571,1554,1562,803660,170418
41213,1564,1577,1549,1574,869474,173546
41214,1573,1595,1567,1590,785424,160322
41215,1588,1595,1568,1588,838650,145916
41218,1579,1603,1571,1583,1308018,152822
41219,1586,1593,1576,1577,855618,162826
41220,1579,1582,1549,1550,1249202,197312
41221,1535,1550,1529,1545,929856,188104
41222,1549,1569,1547,1559,842744,154678
41225,1556,1576,1556,1575,782020,146328
41226,1572,1581,1563,1568,610828,155190
41227,1570,1572,1563,1567,447280,141178
41228,1566,1579,1562,1573,538808,141190
41229,1575,1596,1575,1588,607350,136512
41232,1598,1600,1563,1567,747928,150104
41233,1572,1575,1564,1571,385324,148176
41234,1574,1594,1572,1594,547128,169416
41235,1597,1600,1584,1588,528254,164144
41236,1588,1592,1583,1589,252436,144058
41239,1587,1595,1572,1572,244476,154070
41240,1574,1575,1564,1569,434552,151650
41241,1566,1568,1553,1557,368252,148936
41242,1559,1561,1532,1534,458132,162402
41243,1539,1545,1518,1530,800122,152220
41246,1530,1570,1530,1562,608092,137150
41247,1564,1571,1553,1564,418054,122888
41248,1565,1593,1559,1587,558130,126088
41249,1588,1592,1571,1575,437554,116774
41250,1572,1607,1572,1604,779514,143818
41253,1605,1641,1604,1624,783896,143430
41254,1622,1631,1617,1622,563262,141884
41255,1624,1629,1613,1626,550532,143414
41256,1630,1631,1613,1619,377340,130618
41257,1615,1661,1615,1658,715058,138756
41260,1659,1676,1652,1669,573692,134264
41261,1672,1696,1668,1677,862980,123432
41262,1681,1683,1668,1679,430264,128644
41263,1674,1678,1655,1673,482130,130632
41264,1671,1692,1671,1677,512080,125204
41267,1679,1682,1664,1673,334050,127946
41268,1672,1717,1669,1706,645702,143146
41269,1706,1731,1704,1729,594222,163152
41270,1736,1782,1725,1729,984518,129514
41271,1728,1761,1723,1759,692104,127472
41274,1761.6,1827,1758,1824,1020546,140952
41278,1835,1845,1806,1840,915334,155094
41281,1838,1856,1811,1818,1027106,162242
41282,1817,1846,1797,1835,1176070,155544
41283,1835,1839,1804,1815,1035098,155156
41284,1818,1824,1801,1812,925712,153600
41285,1817,1820,1762,1766,1078706,147526
41288,1767,1857,1759,1829,1538134,179270
41289,1827,1835,1802,1811,1119628,177618
41290,1808,1813,1766,1791,1209708,169354
41291,1794,1823,1777,1821,1127354,216876
41292,1840,1868,1819,1868,1496206,236086
41295,1873,1899,1859,1868,1306290,233010
41296,1868,1882,1845,1875,1382228,208420
41297,1876,1893,1866,1886,1065278,223546
41298,1882,1884,1851,1870,1304434,210576
41299,1870,1886,1866,1877,916668,213676
41302,1875,1883,1865,1876,610308,206978
41303,1874,1900,1870,1893,876660,221544
41304,1895,1913,1890,1893,704790,211022
41305,1893,1910,1886,1909,603024,211162
41306,1911,1917,1900,1913,677688,191808
41309,1918,1950,1917,1941,571536,182404
41310,1935,1985,1933,1978,814980,198834
41311,1980,2001,1978,1998,681324,208258
41312,2002,2008,1956,1997,790540,165830
41313,1990,2002,1982,1988,344880,123410
41323,1979,1986,1942,1946,280522,128392
41324,1943,1969,1936,1961,624046,185062
41325,1963,1970,1930,1940,580076,185160
41326,1921,1926,1874,1875,401720,162262
41327,1853,1876,1833,1834,571880,139216
41330,1839,1855,1825,1836,670560,171892
41331,1824,1848,1804,1809,704618,164496
41332,1825,1843,1819,1840,787162,165008
41333,1845,1869,1845,1864,610262,162110
41334,1855,1859,1793,1834,1111522,168192
41337,1820,1823,1764,1772,1162570,180760
41338,1783,1811,1777,1803,810638,162198
41339,1808,1824,1784,1789,1256908,181568
41340,1788,1789,1757,1762,1098778,204282
41341,1771,1774,1718,1749,1398430,187352
41344,1744,1752,1725,1733,961398,198878
41345,1733,1743,1724,1734,941358,212962
41346,1742,1742,1709,1714,1295362,205098
41347,1700,1700,1653,1653,1026344,192152
41348,1652,1723,1641,1668,1794250,200656
41351,1650,1687,1635,1658,1522870,189004
41352,1665,1680,1661,1674,1168218,196016
41353,1658,1691,1655,1684,1072860,205400
41354,1689,1725,1683,1697,1559624,226366
41355,1689,1707,1674,1679,1001246,213420
41358,1686,1700,1680,1683,845162,216118
41359,1677,1687,1654,1660,1047868,212532
41360,1668,1671,1656,1658,540468,201196
41361,1658,1661,1603,1609,1223124,237062
41362,1594,1612,1567,1581,1432424,207022
41365,1580,1594,1556,1570,1324114,205104
41366,1566,1627,1565,1621,1721078,200240
41367,1618,1635,1607,1619,1431452,193326
41372,1602,1637,1595,1635,1373906,231094
41373,1639,1648,1628,1630,1493746,258350
41374,1635,1638,1607,1613,1032724,266492
41375,1611,1629,1596,1597,1180660,251856
41376,1595,1610,1587,1599,1491246,259130
41379,1580,1580,1543,1549,1284378,244678
41380,1517,1558,1508,1552,1556730,234000
41381,1556,1568,1512,1527,2032020,237156
41382,1499,1536,1479,1531,2387488,252740
41383,1543,1555,1520,1549,2109766,233266
41386,1545,1552,1521,1521,1251406,232202
41387,1525,1529,1490,1493,1251088,247326
41388,1496,1540,1484,1519,1937486,239366
41389,1521,1526,1506,1516,1459728,233688
41390,1531,1540,1498,1500,1256166,205070
41396,1469,1480,1457,1473,749762,233658
41397,1481,1510,1478,1498,1425796,267402
41400,1528,1532,1517,1518,850110,252426
41401,1516,1535,1502,1506,1547770,281470
41402,1507,1537,1505,1536,1127588,285738
41403,1539,1540,1512,1519,1002794,280528
41404,1512,1555,1508,1549,1459474,294788
41407,1547,1587,1536,1579,1738256,254348
41408,1575,1589,1553,1577,2259330,315578
41409,1573,1576,1519,1521,1715218,305890
41410,1520,1536,1495,1519,1881028,318342
41411,1525,1565,1515,1557,2101836,314668
41414,1555,1580,1554,1563,1609222,320528
41415,1571,1586,1553,1572,1787400,320922
41416,1567,1589,1565,1581,1506108,332408
41417,1570,1579,1549,1555,1702864,296896
41418,1562,1574,1556,1565,1414336,284590
41421,1553,1554,1526,1527,1375720,326236
41422,1529,1535,1513,1528,1272998,314628
41423,1525,1539,1494,1498,1286794,329780
41424,1491,1513,1486,1506,1568900,322346
41425,1512,1522,1480,1483,1707798,332632
41428,1489,1502,1474,1501,1610584,323508
41429,1503,1512,1493,1512,1371070,332208
41430,1513,1521,1499,1513,1278254,305224
41431,1506,1506,1448,1449,1737558,356862
41432,1449,1459,1434,1453,1423734,282130
41438,1440,1453,1438,1448,1005376,312058
41439,1456,1466,1446,1458,1316040,356596
41442,1462,1507,1461,1475,1763564,346788
41443,1476,1497,1469,1486,1460402,361050
41444,1490,1504,1483,1502,1606208,368340
41445,1491,1493,1439,1444,1742046,375588
41446,1426,1458,1408,1444,1868838,398208
41449,1442,1455,1416,1418,1755790,383058
41450,1422,1440,1407,1429,1836470,405288
41451,1436,1439,1399,1407,1593848,346314
41452,1412,1431,1407,1424,1541560,345220
41453,1421,1444,1417,1430,1430810,316228
41456,1426,1436,1420,1432,1077748,323164
41457,1439,1441,1426,1432,1191386,323840
41458,1428,1432,1412,1417,1615308,360346
41459,1415,1433,1409,1431,1229798,351382
41460,1430,1442,1427,1435,1025672,337594
41463,1430,1433,1406,1417,1127198,339626
41464,1431,1431,1415,1416,783070,347760
41465,1412,1442,1397,1438,1495234,310216
41466,1445,1469,1443,1455,1647430,300870
41467,1452,1452,1430,1433,956368,296158
41470,1434,1442,1419,1423,896694,307312
41471,1428,1429,1414,1425,806646,298384
41472,1427,1466,1425,1453,1793286,345500
41473,1452,1457,1442,1457,918304,309184
41474,1466,1481,1462,1472,1063668,294232
41477,1476,1484,1466,1471,904448,292976
41478,1468,1481,1464,1478,626210,295136
41479,1478,1486,1460,1475,1092384,285666
41480,1468,1480,1466,1470,691714,278294
41481,1474,1474,1461,1462,511400,261062
41484,1454,1457,1441,1445,502952,238610
41485,1446,1455,1437,1441,646530,239328
41486,1437,1455,1437,1453,511160,256246
41487,1459,1477,1456,1469,752922,296196
41488,1472,1482,1470,1481,511520,281904
41491,1481,1488,1478,1483,498412,292288
41492,1482,1483,1468,1476,544734,280776
41493,1471,1486,1468,1480,672866,278214
41494,1485,1515,1485,1512,711974,307082
41495,1515,1528,1505,1526,745212,298978
41498,1533,1574,1529,1574,1043756,304550
41499,1574,1608,1570,1605,1081114,285520
41500,1601,1630,1589,1595,1619546,303028
41501,1601,1614,1590,1598,1249058,285086
41502,1606,1608,1571,1581,1374106,263174
41505,1579,1625,1574,1597,1434862,279496
41506,1593,1612,1589,1601,1246302,263036
41507,1604,1612,1599,1607,849150,258872
41508,1603,1619,1596,1606,1016144,264950
41509,1608,1647,1607,1642,1295708,285862
41512,1661,1683,1643,1654,1139912,303734
41513,1649,1661,1642,1657,834130,278752
41514,1657,1667,1587,1587,1227698,278002
41515,1587,1596,1573,1588,835576,228774
41516,1589,1599,1569,1585,1009754,234466
41519,1597,1641,1597,1631,1113270,278190
41520,1635,1638,1606,1616,753990,265872
41521,1620,1627,1604,1612,726716,276490
41522,1607,1622,1603,1618,679744,266514
41523,1622,1627,1597,1613,937628,273598
41526,1620,1630,1617,1624,477658,264600
41527,1624,1625,1602,1613,671772,283258
41528,1619,1619,1603,1613,608354,297392
41529,1613,1613,1588,1588,792020,308196
41530,1587,1587,1575,1578,513306,318844
41533,1585,1602,1569,1572,631236,326944
41534,1571,1581,1547,1580,781592,298716
41535,1578,1600,1570,1593,709212,324860
41540,1590,1602,1580,1600,507184,331548
41541,1599,1604,1585,1590,497064,338134
41542,1587,1600,1581,1599,462144,314528
41543,1599,1605,1592,1594,414690,312732
41544,1593,1593,1575,1578,472900,322352
41547,1577,1578,1553,1554,376596,282334
41555,1554,1576,1525,1568,606122,298432
41556,1565,1581,1560,1573,516828,310500
41557,1568,1574,1561,1564,356700,314492
41558,1568,1583,1567,1572,336884,309950
41561,1574,1615,1565,1615,618308,338734
41562,1619,1635,1604,1610,702548,343106
41563,1609,1614,1593,1596,495514,344924
41564,1600,1610,1583,1583,535800,348924
41565,1585,1595,1579,1586,433096,355702
41568,1584,1627,1583,1626,604952,378156
41569,1626,1628,1609,1615,453992,381872
41570,1617,1621,1595,1607,546310,404618
41571,1603,1606,1576,1584,646690,417210
41572,1583,1592,1558,1558,666072,448596
41575,1557,1573,1556,1565,512206,441034
41576,1567,1575,1549,1567,795576,427382
41577,1569,1590,1566,1587,637824,411900
41578,1585,1589,1568,1574,713748,398932
41579,1571,1599,1568,1598,625740,389818
41582,1596,1605,1581,1583,602486,371458
41583,1581,1585,1568,1580,633142,360666
41584,1581,1587,1569,1574,622584,368496
41585,1575,1586,1571,1578,527572,360524
41586,1578,1580,1556,1556,671206,361878
41589,1559,1567,1555,1561,416710,340862
41590,1563,1578,1555,1576,591386,346830
41591,1573,1589,1571,1586,615764,344872
41592,1586,1597,1581,1588,464456,343534
41593,1589,1595,1574,1575,472540,328388
41596,1580,1590,1576,1585,559372,333636
41597,1583,1609,1583,1609,505896,348650
41598,1611,1621,1605,1611,599296,311676
41599,1609,1613,1599,1599,491238,306992
41600,1602,1616,1602,1604,448122,299180
41603,1608,1612,1597,1601,445678,304490
41604,1603,1625,1601,1612,644384,327044
41605,1610,1612,1599,1605,520600,296076
41606,1603,1617,1602,1610,430602,297646
41607,1613,1616,1607,1609,327756,289794
41610,1609,1625,1608,1622,522396,306448
41611,1619,1624,1614,1619,403294,286140
41612,1620,1640,1619,1632,565886,284086
41613,1635,1639,1617,1618,469662,283354
41614,1616,1620,1608,1615,503576,285804
41617,1615,1623,1610,1615,288808,272884
41618,1615,1620,1613,1615,285492,267122
41619,1615,1616,1605,1611,407046,278266
41620,1613,1625,1608,1608,484108,274280
41621,1605,1605,1553,1559,793426,252070
41624,1561,1568,1551,1559,456634,265160
41625,1566,1575,1557,1560,479036,241086
41626,1561,1567,1547,1565,539762,227142
41627,1569,1573,1551,1560,445574,222858
41628,1558,1560,1538,1540,481780,214048
41631,1537,1538,1519,1520,424428,229296
41632,1521,1534,1517,1527,384418,243882
41633,1530,1536,1509,1519,449744,247216
41634,1517,1520,1511,1514,302532,243434
41635,1515,1523,1507,1514,485482,237268
41638,1515,1521,1490,1491,460370,247108
41639,1486,1489,1457,1464,836802,220108
41641,1462,1470,1455,1460,422174,228994
41642,1457,1459,1427,1432,469084,229850
41645,1428,1440,1418,1424,565192,230242
41646,1426,1432,1415,1420,614820,245748
41647,1419,1426,1415,1420,337798,234794
41648,1416,1431,1377,1380,781130,276254
41649,1378,1395,1372,1390,669712,271544
41652,1393,1408,1376,1381,625814,261848
41653,1375,1403,1375,1400,607622,260354
41654,1399,1403,1389,1398,465566,251690
41655,1403,1406,1389,1394,500376,261022
41656,1391,1392,1374,1385,560508,265442
41659,1381,1389,1346,1356,816792,260820
41660,1358,1362,1347,1352,441964,266656
41661,1348,1373,1342,1351,718312,273242
41662,1348,1368,1346,1365,568226,256860
41663,1362,1383,1352,1381,847038,240068
41666,1374,1379,1363,1370,343738,225052
41667,1366,1368,1339,1346,382492,219076
41668,1347,1368,1342,1361,381880,193444
41669,1358,1368,1356,1363,185862,181736
41677,1365,1367,1316,1340,297020,189958
41680,1343,1357,1333,1351,566654,225984
41681,1347,1353,1331,1333,463650,244594
41682,1334,1339,1326,1336,343152,253960
41683,1333,1342,1331,1333,353724,243864
41684,1334,1337,1326,1329,337180,265922
41687,1328,1375,1325,1370,865920,248272
41688,1367,1371,1347,1351,438558,254074
41689,1356,1370,1353,1361,629260,268586
41690,1359,1362,1343,1349,478974,248860
41691,1352,1354,1339,1344,384310,257300
41694,1336,1341,1292,1292,778688,265876
41695,1295,1302,1288,1292,586750,253582
41696,1290,1304,1282,1297,651510,264906
41697,1295,1303,1291,1299,396968,270754
41698,1297,1303,1279,1289,673560,268508
41701,1287,1287,1267,1273,641856,300412
41702,1271,1275,1246,1258,748266,301504
41703,1264,1281,1247,1261,1183538,339058
41704,1258,1261,1247,1247,686530,349000
41705,1246,1252,1207,1207,1208752,339426
41708,1188,1195,1182,1182,337798,337652
41709,1151,1196,1132,1171,1666780,295172
41710,1147,1213,1146,1198,1904384,332288
41711,1199,1211,1193,1208,935786,316096
41712,1206,1207,1173,1197,1035056,301758
41715,1200,1208,1185,1193,917576,313704
41716,1194,1216,1187,1206,1067886,323566
41717,1202,1209,1194,1199,643084,313176
41718,1206,1216,1186,1188,1032332,308250
41719,1181,1189,1160,1165,1207562,327054
41722,1162,1180,1157,1179,878974,318540
41723,1180,1213,1177,1213,664696,293118
41724,1225,1225,1197,1201,882078,279412
41725,1196,1220,1189,1199,1292958,311112
41726,1199,1223,1198,1218,955960,300672
41729,1220,1237,1210,1215,1096340,285226
41730,1217,1222,1206,1220,656256,286542
41731,1225,1229,1212,1214,617146,304014
41732,1211,1248,1210,1230,1088094,299590
41733,1232,1260,1229,1257,891474,332524
41737,1258,1298,1257,1274,945026,345632
41738,1276,1278,1254,1259,513168,349066
41739,1258,1275,1240,1245,808768,333166
41740,1245,1254,1238,1248,484878,328524
41743,1248,1274,1239,1250,895230,346404
41744,1250,1268,1245,1267,637700,325058
41745,1264,1271,1249,1260,851154,336714
41746,1259,1267,1249,1249,518618,354428
41747,1247,1248,1197,1199,1062278,334796
41750,1200,1209,1190,1191,542056,335204
41751,1189,1211,1185,1204,702422,331708
41752,1207,1213,1165,1201,926062,335562
41753,1201,1217,1194,1208,850704,342232
41754,1212,1216,1203,1209,533316,330792
41757,1205,1205,1170,1185,738216,310640
41758,1188,1202,1185,1189,594380,321984
41759,1190,1194,1169,1170,569856,337974
41764,1167,1186,1157,1185,620938,319948
41765,1186,1192,1177,1180,496814,336710
41766,1178,1201,1176,1180,699812,344124
41767,1180,1189,1175,1183,475676,348114
41768,1185,1196,1180,1189,619098,342654
41771,1191,1218,1190,1217,748490,381024
41772,1221,1221,1202,1210,500710,348542
41773,1211,1218,1203,1206,534016,358288
41774,1208,1212,1193,1193,480228,341154
41775,1189,1189,1154,1154,711396,356968
41778,1153,1180,1142,1158,814150,345032
41779,1158,1169,1149,1150,570868,342932
41780,1147,1160,1135,1144,691312,341840
41781,1149,1177,1149,1155,715546,331462
41782,1158,1164,1151,1155,423666,325648
41785,1157,1202,1157,1198,957682,335074
41786,1197,1201,1189,1198,578718,342240
41787,1196,1196,1163,1172,773816,325662
41788,1170,1188,1166,1169,678054,316326
41789,1168,1172,1157,1168,636672,320446
41793,1175,1177,1155,1161,602390,308596
41794,1161,1169,1153,1167,484160,298010
41795,1169,1185,1158,1185,725724,332256
41796,1187,1193,1175,1186,596128,327578
41799,1185,1189,1178,1181,453344,304524
41800,1185,1188,1167,1176,643040,311498
41801,1175,1180,1161,1162,426954,316298
41802,1159,1159,1141,1145,522824,335002
41803,1142,1158,1139,1154,491664,310260
41806,1150,1159,1144,1144,532682,327186
41807,1142,1160,1139,1156,519382,317186
41808,1158,1160,1149,1151,383374,314344
41809,1151,1157,1143,1144,485324,318542
41810,1145,1175,1130,1159,1050326,298404
41813,1155,1173,1152,1152,730010,334424
41814,1149,1154,1145,1153,435046,323770
41815,1153,1164,1151,1155,395854,321174
41816,1156,1173,1151,1170,705502,342164
41817,1168,1173,1151,1152,524954,333996
41820,1152,1153,1141,1141,448862,334072
41821,1142,1149,1137,1143,487922,348850
41822,1144,1150,1127,1147,625438,349342
41823,1151,1152,1137,1138,367696,369546
41824,1138,1141,1128,1129,393074,385546
41827,1126,1135,1118,1134,638992,350500
41828,1137,1138,1123,1135,434368,354152
41829,1135,1136,1123,1127,475920,366138
41830,1125,1134,1121,1124,477890,366152
41831,1124,1128,1102,1109,680140,377160
41834,1109,1115,1101,1111,470780,385352
41835,1113,1129,1108,1122,532450,365874
41836,1123,1127,1114,1117,429424,374412
41837,1117,1126,1115,1117,439276,373070
41838,1117,1129,1110,1116,644420,364950
41841,1114,1128,1113,1127,396862,346192
41842,1129,1136,1124,1125,463706,324292
41843,1125,1128,1102,1107,782922,356360
41844,1099,1109,1099,1101,457970,352644
41845,1103,1112,1090,1094,516840,344600
41848,1095,1109,1085,1105,870240,342464
41849,1105,1120,1102,1113,714554,327662
41850,1112,1118,1104,1106,409966,322392
41851,1108,1110,1097,1102,363922,330260
41852,1101,1103,1088,1090,489866,351606
41855,1092,1111,1086,1110,582924,351978
41856,1113,1126,1107,1110,834862,336526
41857,1108,1121,1107,1112,498822,347880
41858,1110,1125,1110,1119,515436,345770
41859,1120,1127,1114,1118,424990,332746
41862,1117,1123,1115,1116,307256,344742
41863,1116,1118,1104,1105,363680,333512
41864,1106,1112,1102,1102,394038,345052
41865,1099,1101,1075,1077,684196,338850
41866,1078,1100,1073,1099,701002,342806
41869,1101,1106,1092,1092,491188,339084
41870,1093,1102,1087,1101,432256,343436
41871,1101,1103,1091,1092,292846,338930
41872,1092,1099,1090,1096,313332,333266
41873,1096,1113,1095,1102,406200,334112
41876,1103,1113,1098,1112,385112,330628
41877,1115,1124,1113,1124,328526,319866
41878,1124,1134,1110,1112,576644,309200
41879,1111,1116,1105,1106,448256,295910
41880,1105,1115,1102,1110,334272,287016
41883,1110,1114,1098,1098,307366,274468
41884,1097,1127,1093,1119,642156,298576
41885,1117,1120,1100,1100,504602,297306
41886,1097,1110,1096,1097,646918,286714
41887,1099,1104,1087,1088,464152,291570
41891,1086,1093,1063,1069,548686,323508
41892,1067,1085,1060,1078,664004,334512
41893,1077,1079,1071,1073,265318,327752
41894,1073,1083,1069,1080,266056,334002
41897,1080,1106,1078,1097,422742,326548
41898,1098,1103,1087,1088,341556,327774
41899,1088,1104,1087,1098,363054,322954
41900,1098,1101,1091,1093,237522,327008
41901,1092,1092,1078,1083,334794,316618
41904,1082,1092,1046,1056,903940,311466
41905,1055,1083,1053,1072,662020,313260
41906,1071,1078,1067,1074,314852,310230
41907,1072,1078,1057,1059,491448,271480
41908,1058,1073,1054,1068,421704,264406
41911,1066,1071,1051,1056,335218,243240
41912,1057,1068,1055,1057,200562,219060
41920,1063,1084,1060,1062,145460,228282
41921,1063,1099,1059,1094,666764,299436
41922,1094,1095,1077,1085,437150,272240
41925,1086,1118,1084,1104,825932,303242
41926,1103,1104,1092,1094,280708,283566
41927,1095,1101,1088,1090,275922,280984
41928,1087,1088,1070,1081,319508,271764
41929,1078,1090,1073,1082,307636,282542
41932,1084,1093,1080,1088,380356,260640
41933,1088,1090,1080,1082,205630,263552
41934,1085,1093,1073,1079,445018,257062
41935,1080,1085,1075,1084,224302,256178
41936,1084,1106,1084,1105,508838,301044
41939,1106,1109,1089,1092,346996,260450
41940,1092,1092,1078,1081,320952,259950
41941,1083,1088,1077,1085,292288,248636
41942,1087,1093,1081,1083,287128,251702
41943,1082,1087,1079,1082,260480,237740
41946,1081,1094,1081,1083,294668,243928
41947,1084,1085,1064,1071,406640,231114
41948,1067,1074,1054,1057,450160,223022
41949,1057,1065,1053,1060,244416,226400
41950,1059,1068,1058,1067,244000,214276
41953,1067,1076,1066,1073,192522,214662
41954,1073,1074,1062,1066,194248,225516
41955,1067,1070,1063,1070,141870,216352
41956,1069,1071,1062,1066,131144,209176
41957,1066,1068,1063,1065,88580,196234
41960,1065,1072,1064,1065,112580,195206
41961,1063,1064,1048,1049,253644,207958
41962,1048,1051,1042,1049,151084,208164
41963,1050,1053,1046,1048,84746,206332
41964,1047,1047,1035,1045,227094,198802
41967,1058,1069,1042,1042,361330,210002
41968,1041,1047,1035,1046,255690,210770
41969,1045,1048,1039,1043,210986,217458
41970,1043,1064,1041,1058,328526,216200
41971,1057,1057,1046,1049,347722,213770
41974,1050,1050,1016,1045,340708,207778
41975,1046,1057,1042,1044,264860,212726
41976,1042,1049,1040,1048,170726,212362
41977,1049,1057,1046,1050,303954,221064
41978,1050,1052,1047,1049,140058,220746
41981,1049,1053,1046,1046,158328,229014
41982,1044,1049,1037,1048,227936,234696
41983,1047,1052,1044,1050,148736,233146
41984,1049,1055,1044,1055,151680,226642
41985,1055,1061,1054,1058,267380,238436
41988,1061,1061,1053,1057,104124,233488
41989,1056,1058,1049,1054,155092,238946
41990,1053,1054,1036,1040,225594,253018
41991,1039,1052,1030,1052,179172,239876
41992,1050,1059,1048,1059,134054,240242
41995,1060,1060,1038,1040,239392,249998
41996,1037,1039,1021,1021,395086,301200
41997,1019,1035,1017,1032,251628,282620
41998,1031,1035,1026,1028,107396,285496
41999,1029,1032,1026,1029,87928,276928
42002,1027,1033,1025,1029,150910,275014
42003,1032,1069,1030,1068,523878,227592
42004,1082,1083,1052,1058,323230,158332
42009,1049,1063,1044,1052,98234,146720
42010,1051,1079,1050,1069,371828,166094
42011,1068,1074,1061,1071,169038,166308
42012,1071,1081,1066,1078,227106,166150
42013,1077,1079,1069,1075,152524,146444
42016,1073,1078,1057,1059,154888,137160
42017,1058,1059,1052,1059,75222,139638
42018,1057,1061,1048,1055,142598,136986
42019,1057,1063,1051,1059,132332,149026
42020,1063,1065,1052,1053,86804,152726
42023,1046,1058,1039,1044,220650,148196
42024,1043,1045,1031,1039,158030,121460
42025,1039,1045,1037,1038,75090,117850
42026,1038,1044,1034,1035,88734,116698
42027,1035,1039,1032,1035,106846,121084
42030,1036,1036,1017,1019,159254,132416
42031,1019,1032,1018,1026,80904,122340
42032,1025,1030,1023,1029,41122,121702
42033,1029,1033,1025,1027,59522,115592
42034,1027,1029,1025,1027,27772,113414
42037,1027,1031,1026,1029,40952,112056
42038,1029,1037,1028,1033,72944,104468
42039,1034,1040,1029,1030,71716,109438
42040,1033,1035,1031,1033,39756,106286
42041,1032,1043,1032,1041,72118,112442
42044,1041,1047,1033,1036,42148,106778
42045,1037,1039,1035,1037,19618,104794
42046,1038,1038,1034,1038,18482,100996
42047,1038,1039,1034,1035,18658,98322
42048,1036,1045,1034,1042,48926,96676
42051,1041,1045,1039,1041,34780,87494
42052,1041,1041,1029,1032,42826,81360
42060,1028,1028,1021,1022,34156,80870
42061,1022,1031,1022,1030,29118,84094
42062,1029,1031,1024,1025,27936,83738
42065,1025,1027,1021,1027,58966,89266
42066,1028,1030,1023,1026,37968,85144
42067,1027,1028,1024,1026,20664,81716
42068,1025,1025,1002,1006,82300,92340
42069,1007,1011,1004,1007,31886,95160
42072,1007,1016,1004,1012,52144,88780
42073,1014,1015,1008,1009,29428,85432
42074,1008,1013,1004,1011,25746,84758
42075,1010,1013,1010,1012,19120,84544
42076,1012,1014,1006,1012,33622,84516
42079,1011,1012,998,1008,69202,89900
42080,1009,1009,1001,1003,34060,94978
42081,999,1002,987,990,79046,98604
42082,990,993,985,988,38370,95514
42083,989,992,984,985,28630,94812
42086,984,988,972,977,74390,102482
42087,976,986,974,978,66406,102014
42088,978,978,958,966,161734,126832
42089,966,970,959,961,82258,125482
42090,961,961,937,948,186956,127618
42093,946,958,942,942,123310,124364
42094,946,948,936,939,146516,126342
42095,939,946,935,941,101810,128366
42096,939,945,926,928,131144,126800
42097,926,934,923,929,91994,123764
42101,926,933,925,929,49028,122598
42102,929,930,900,913,169520,125364
42103,915,917,898,902,91474,124800
42104,903,904,884,889,126994,128638
42107,889,920,888,918,195842,128508
42108,917,925,908,922,155974,125978
42109,919,919,900,901,160122,143452
42110,901,917,898.5,911,119574,132302
42111,913,917,908,909,71598,130794
42114,908.5,911,889.5,893.5,155344,137822
42115,893,899.5,891,899,68372,136808
42116,897.5,917.5,897.5,909,164480,127288
42117,909,914,900.5,901.5,104376,128328
42118,903,932,903,926.5,281072,131076
42121,927.5,956,922,945,376778,147434
42122,943.5,945,927,931.5,261130,158220
42123,930.5,935.5,901.5,906,280512,157966
42124,906,919.5,906,913,187982,141848
42128,904,918,881,909.5,347234,177092
42129,904,940,904,931,667024,206002
42130,934,941.5,923.5,935,512796,222800
42131,935.5,938,920.5,924.5,287190,221806
42132,924,939,921,934.5,562758,219922
42135,935.5,939.5,927,931.5,309632,222932
42136,931.5,935,914.5,915.5,307448,219970
42137,918.5,925.5,912,914.5,280226,212754
42138,915.5,919.5,902,910.5,381794,197486
42139,911,919.5,909.5,917,200518,192670
42142,916,924,914,915,193762,184300
42143,913.5,916,909.5,910.5,147848,179308
42144,909,910.5,894.5,903.5,229818,168850
42145,903.5,915,901,912,195264,171066
42146,912,916.5,905,914,170984,174570
42149,911.5,914.5,907,912.5,155890,174242
42150,910.5,922.5,909.5,911,286954,180940
42151,910.5,917.5,910.5,914.5,121380,172336
42152,914,917.5,910,916,125880,165000
42153,915,917.5,910.5,917,168420,164928
42156,917,929.5,917,924.5,264284,174428
42157,925.5,929,921,926.5,141696,173896
42158,926.5,926.5,920,921,99612,165760
42159,921,924,914.5,923.5,146122,161652
42160,922,923.5,916,916.5,96184,159964
42163,917.5,919,912.5,914.5,74800,153898
42164,914.5,916.5,913.5,914,64268,149714
42165,915,921,914.5,920.5,103598,155090
42166,921,922.5,917,917.5,91600,154406
42167,917,918.5,903.5,904,160654,142028
42170,904,908.5,899,901,97530,144600
42171,901,904.5,896,900.5,93926,146116
42172,900.5,901.5,883.5,884,225880,176378
42173,884.5,887.5,880,881,154546,182848
42174,881.5,888.5,881.5,885,89348,165236
42178,885.5,888.5,881,884,56920,167876
42179,884.5,890,881.5,886.5,90268,170056
42180,886.5,887.5,877,877,143462,184064
42181,877.5,886,875,880.5,110800,165626
42184,882,882,871.5,872,127262,175902
42185,872.5,875.5,863.5,870.5,170636,157280
42186,870.5,888,869.5,876.5,140084,151984
42187,876,884,872.5,880.5,106768,150520
42188,879.5,887,879,884.5,109832,138378
42191,882.5,883.5,847.5,854,233508,147182
42192,856.5,858.5,845.5,846.5,195248,134542
42193,848,853,817.5,817.5,230180,102176
42194,791,861,786.5,830.5,383476,83172
42195,831,840,813,813,269466,108536
42198,812.5,819,809.5,814.5,139878,104974
42199,816,823.5,810,811,95816,101816
42200,811.5,816,806.5,807,78908,104534
42201,807.5,815.5,803.5,810,92072,101908
42202,808,813.5,808,812.5,45136,101070
42205,808.5,825.5,808.5,823,131978,100254
42206,825.5,825.5,810.5,814,86166,103532
42207,813.5,815.5,802,806.5,114462,109510
42208,806,811,803,806.5,54158,106304
42209,806.5,809,804,804.5,45488,103308
42212,805,816.5,804,808.5,75908,96032
42213,808,816,805,813.5,75256,94436
42214,813.5,828,813,823.5,120360,92154
42215,824,824,811.5,812,80134,97974
42216,812.5,823,811,821.5,63460,92954
42219,822.5,826.5,814,815.5,97074,91900
42220,822.5,826.5,810.5,817,74452,91114
42221,818.5,819,812.5,816.5,64534,91448
42222,817.5,818.5,812,815.5,50856,93626
42223,814,816.5,811,814,52802,87870
42226,813,815,807.5,809.5,58354,90740
42227,810.5,822,808,816.5,102782,84594
42228,814,832.5,814,831,98010,84182
42229,831,834,821.5,827,149766,94702
42230,825,830,825,828,76020,96082
42233,828,829.5,815.5,819.5,80632,89798
42234,819.5,820,814.5,815.5,79054,98142
42235,814,818,811.5,818,60186,91766
42236,818.5,821,811.5,812,73234,85152
42237,811,814,809,812.5,36938,79532
42240,810.5,811.5,783.5,786,181848,94900
42241,783.5,799,783,790.5,88220,87096
42242,799.5,800.5,786,788,85308,89122
42243,790.5,798,786.5,797.5,54778,81996
42244,797.5,812.5,795,807,94776,74168
42247,805,805,793,793,71540,74762
42248,791,796,789.5,792.5,39396,74280
42249,791.5,792.5,786.5,787.5,46980,78054
42254,785.5,790.5,785,788,36230,80986
42255,788.5,793.5,786.5,793,48460,80684
42256,792.5,804,791.5,795,122856,86502
42257,797,797,787,793,73950,87120
42258,793,797,789,790.5,62164,88274
42261,788.5,790,774,777,182528,127902
42262,776,781,776,777.5,71394,116560
42263,778,783,775,781.5,114350,113544
42264,779.5,779.5,775,776.5,63178,105388
42265,776,780.5,775,777,62724,103626
42268,775,783,771.5,778,101520,103982
42269,779,782,774,774,64500,102716
42270,773,773,768,770.5,98402,111106
42271,771,772.5,768.5,770.5,42342,112696
42272,768.5,774.5,768,771.5,59770,100042
42275,771.5,771.5,765,766,41290,102586
42276,764.5,767,762.5,763,46444,91150
42277,764.5,765,756,759.5,66340,108890
42285,764.5,765,753,758,-20792,114372
42286,756,766.5,756,764,86902,111274
42289,765,765,741.5,744,221796,183580
42290,744,745,739.5,743,105810,187906
42291,742,743.5,734,738,117950,214334
42292,737,741,734.5,736.5,87568,209972
42293,736.5,742,735,739,84064,201066
42296,739,741,733.5,735,84524,202474
42297,734.5,738,732.5,736.5,83114,201114
42298,737.5,737.5,733,736,80138,204094
42299,734.5,740,731.5,738,90642,202954
42300,738,740.5,734,739,97836,197986
42304,735,737,725,727,170736,233884
42305,726,727.5,722.5,723.5,93822,239692
42306,724.5,727.5,720.5,722,85784,239862
42307,722,726,721,724,55870,233232
42310,724,724.5,715,717,94758,249730
42311,715.5,716.5,713,716.5,70174,252118
42312,716,717,710.5,712.5,94256,253296
42313,712.5,715.5,706.5,709,100070,255586
42314,708,713,707.5,711.5,63852,248430
42317,711.5,711.5,708,710,47712,248560
42318,709.5,713.5,709,712.5,68588,242024
42319,712,712,703.5,705,74780,246356
42321,694,700.5,694,698,94102,261198
42324,697,698.5,693,694,32204,267400
