39384,8422,8424,8385,8424,4042,2992
39385,8659,8691,8559,8592,23860,6192
39386,8538,8571,8522,8537,6334,5608
39387,8721,8721,8584,8624,4002,5706
39388,8571,8590,8554,8572,3576,5478
39391,8579,8643,8579,8615,4670,5728
39392,8615,8674,8615,8674,3980,5458
39393,8744,8853,8738,8809,4584,4782
39394,8751,8906,8751,8851,5138,4618
39395,8877,8946,8866,8891,4974,4406
39398,8905,8925,8828,8837,2776,3806
39399,8776,8947,8747,8947,3864,3344
39400,8933,8940,8867,8896,5576,3902
39401,8932,8951,8881,8893,7100,3888
39402,8884,8890,8661,8661,8560,3584
39405,8746,8795,8643,8708,13308,3380
39406,8680,8680,8416,8479,13144,3100
39407,8521,8710,8511,8710,13796,2942
39408,8656,8774,8656,8745,14200,3014
39409,8764,8770,8655,8728,16236,2992
39412,8784,8849,8764,8824,19032,3184
39413,8759,8759,8688,8700,19046,3080
39414,8647,8685,8598,8598,24282,3572
39415,8621,8645,8485,8567,22326,3646
39416,8544,8585,8501,8513,12666,3494
39419,8539,8636,8523,8523,22952,3440
39420,8528,8602,8528,8573,22890,3512
39421,8594,8643,8550,8595,18920,3580
39422,8566,8566,8505,8508,19870,3512
39423,8542,8572,8475,8567,21650,4022
39426,8551,8577,8516,8543,22014,4038
39427,8522,8610,8522,8580,23356,4270
39428,8606,8606,8506,8530,22376,4312
39429,8600,8882,8569,8702,22578,3858
39430,8639,8711,8639,8679,20734,3928
39433,8748,8785,8720,8747,11670,4114
39434,8772,8772,8638,8638,24644,4046
39435,8644,8759,8638,8742,23398,4142
39436,8783,8783,8714,8724,22310,4822
39437,8733,8793,8699,8786,21082,4698
39440,8798,9012,8770,8983,19056,6442
39441,9028,9028,8944,9002,17080,6496
39442,9040,9248,9020,9246,23094,7680
39443,9296,9483,9269,9299,18834,8580
39444,9298,9409,9206,9297,18756,10446
39449,9297,9357,9241,9296,25132,12820
39450,9380,9534,9380,9423,27048,14502
39451,9448,9494,9408,9432,26892,15254
39454,9418,9513,9402,9448,27874,15562
39455,9469,9503,9407,9469,31112,15670
39456,9529,9579,9450,9575,24182,16014
39457,9509,9659,9509,9625,27962,16220
39458,9623,9873,9623,9835,28184,16726
39461,9980,10121,9943,10121,12642,17378
39462,10271,10279,10072,10242,25636,17500
39463,10233,10237,9959,10060,23204,18788
39464,10010,10233,9959,10231,23858,19948
39465,10169,10187,9872,9920,25094,18496
39468,9940,10026,9892,9960,25592,18890
39469,9691,9708,9574,9574,20090,22292
39470,9604,9648,9438,9484,31804,22686
39471,9140,9380,9139,9362,24654,27862
39472,9472,9628,9472,9585,17522,28700
39475,9580,9637,9526,9562,31644,28390
39476,9649,9719,9604,9716,32070,29564
39477,9747,9798,9717,9729,18090,29704
39478,9725,9834,9690,9757,33628,30222
39479,9847,9887,9789,9797,38802,31544
39482,9860,9960,9750,9917,34818,31438
39483,10048,10227,10000,10227,8486,31214
39491,10150,10347,10150,10268,46300,34482
39492,10299,10478,10299,10439,45914,35146
39493,10607,10816,10607,10715,49104,32278
39496,10748,11085,10718,10807,46598,40666
39497,10864,10916,10579,10817,51424,40650
39498,10855,10937,10752,10857,51186,38808
39499,10957,11117,10913,11074,64532,42186
39500,11029,11118,10930,11053,54370,42248
39503,11288,11505,11210,11504,16996,43764
39504,11557,11844,11148,11351,28536,43888
39505,11577,11934,11577,11756,30176,43494
39506,11796,11876,11595,11680,34822,43670
39507,11897,12152,11768,12152,65384,38858
39510,12320,12512,12320,12512,5466,37736
39511,12978,12991,12007,12511,42816,35562
39512,12109,12202,12102,12102,7908,34660
39513,12213,12375,11703,12157,63610,32924
39514,11676,12375,11643,11643,6940,33504
39517,11194,11194,11156,11156,286,33464
39518,11036,11419,10996,11287,49164,30128
39519,11345,11408,10800,10956,53902,25996
39520,11099,11399,10892,11272,45632,23500
39521,11231,11335,11102,11224,47768,22686
39524,10786,10861,10767,10767,25996,23084
39525,10413,10413,10346,10347,1258,22106
39526,10010,10412,10005,10144,58152,19888
39527,9814,9945,9730,9879,8564,20784
39528,9759,9927,9744,9820,14164,20496
39531,9900,10245,9900,10238,46600,20656
39532,10393,10561,10088,10378,64274,19108
39533,10723,10723,10433,10642,61110,19186
39534,10597,10664,10466,10500,65220,19666
39535,10582,10583,10410,10463,28148,19544
39538,10456,10456,10135,10395,56244,19366
39539,9793,9795,9793,9795,624,19146
39540,9729,9970,9729,9858,51216,17836
39541,10129,10157,9950,9964,47420,17658
39545,10009,10300,10009,10265,9996,18246
39546,10230,10285,10173,10195,9974,16080
39547,10113,10290,10113,10260,7824,15856
39548,10444,10561,10354,10400,6846,15484
39549,10460,10464,10353,10356,5196,14860
39552,10333,10710,10281,10613,6298,14562
39553,10690,10978,10633,10869,8066,14970
39554,10901,10901,10594,10738,36594,14826
39555,10614,10802,10612,10747,27218,15236
39556,10662,10799,10662,10729,34784,14194
39559,10721,10721,10383,10410,6278,13322
39560,10221,10472,10221,10434,4342,12784
39561,10683,10779,10572,10645,3642,12288
39562,10600,10611,10525,10538,32372,12208
39563,10289,10457,10277,10428,22264,11950
39566,10379,10497,10379,10454,25178,12056
39567,10329,10342,10188,10270,29962,13176
39568,10269,10323,10195,10308,5310,12416
39573,10327,10329,10171,10176,56044,12278
39574,10224,10284,10205,10254,50094,12388
39575,10250,10314,10117,10117,47346,13044
39576,10237,10322,10189,10193,37268,13378
39577,10299,10299,10144,10170,43940,13384
39580,10306,10675,10306,10546,44754,14362
39581,10503,10533,10412,10447,46198,14686
39582,10600,10680,10523,10636,19094,13912
39583,10523,10561,10238,10429,17702,14242
39584,10435,10511,10361,10455,43354,10204
39587,10690,10690,10521,10537,26988,9872
39588,10382,10494,10380,10439,3592,10106
39589,10449,10487,10370,10451,10152,10380
39590,10775,10866,10461,10492,13178,10178
39591,10401,10463,10257,10463,9650,10458
39594,10702,10710,10509,10590,14080,10146
39595,10609,10846,10581,10686,16198,11400
39596,10510,10643,10485,10579,17962,10758
39597,10590,10637,10537,10557,12616,10410
39598,10433,10433,10253,10296,10840,11926
39601,10450,10478,10371,10395,10382,12564
39602,10431,10443,10388,10409,11012,12596
39603,10349,10405,10349,10361,13866,12892
39604,10423,10439,10355,10399,12112,12764
39605,10673,10730,10579,10614,17902,10540
39609,10674,10726,10661,10679,19864,11076
39610,10580,10886,10575,10802,13318,10698
39611,11052,11141,10803,10922,15624,11354
39612,10909,11209,10889,11061,20672,15766
39615,11110,11236,11033,11075,19814,17452
39616,10915,10974,10722,10792,20972,16012
39617,10814,10957,10774,10774,21184,16176
39618,10789,10831,10686,10715,15106,17118
39619,10602,10643,10485,10507,22058,15510
39622,10434,10582,10420,10514,12576,15854
39623,10477,10514,10375,10416,14174,17278
39624,10398,10436,10345,10399,16372,17700
39625,10493,10662,10475,10643,22404,19798
39626,10844,10844,10656,10686,24232,19206
39629,10700,10811,10658,10718,39562,18910
39630,10724,10846,10724,10839,28020,19632
39631,10885,10912,10774,10807,15532,19590
39632,10843,10879,10433,10546,24884,18728
39633,10604,10643,10490,10591,14308,18332
39636,10468,10550,10424,10533,23206,18220
39637,10400,10480,10328,10462,22378,16884
39638,10496,10505,10401,10455,23624,16790
39639,10503,10506,10402,10472,21934,16418
39640,10550,10550,10469,10510,12446,17108
39643,10400,10414,10332,10408,16362,15952
39644,10393,10447,10358,10422,11322,15690
39645,10328,10376,10300,10324,17714,15940
39646,10395,10403,10270,10279,19694,16688
39647,10182,10183,9923,9932,18998,17426
39650,9621,9699,9555,9555,7856,17036
39651,9363,9485,9350,9475,17084,15446
39652,9467,9473,8961,9004,19022,15388
39653,9007,9183,8818,9090,23356,13646
39654,9103,9212,9065,9202,21828,13410
39657,9301,9323,9172,9218,15852,13182
39658,9100,9155,8780,8781,20274,15028
39659,8812,8827,8613,8648,29944,16346
39660,8726,8872,8699,8829,34854,15670
39661,8705,8707,8554,8603,34262,15376
39664,8368,8385,8179,8179,19180,15586
39665,7867,7867,7841,7841,1012,15618
39666,7720,8057,7703,7832,33560,14354
39667,7704,7899,7673,7889,21762,14756
39668,7861,7884,7659,7692,22590,14218
39671,7405,7475,7344,7344,25112,14134
39672,7421,7540,7334,7502,34716,16552
39673,7515,7718,7514,7714,25452,16926
39674,7938,7938,7608,7749,29284,14922
39675,7552,7573,7417,7431,17456,14226
39678,7638,7695,7487,7582,22304,14880
39679,7549,7679,7480,7564,26940,15192
39680,7704,7932,7615,7828,27114,16690
39681,7788,8023,7778,7933,33802,19898
39682,8086,8147,7903,7923,27972,21046
39685,7920,7920,7787,7799,28790,21018
39686,7683,7683,7439,7439,29848,20082
39687,7552,7562,7291,7350,57494,23932
39688,7224,7297,7145,7235,51602,25560
39689,7102,7477,7090,7456,78124,23990
39692,7426,7573,7399,7536,66340,24552
39693,7282,7425,7245,7349,74404,23352
39694,7394,7452,7333,7398,73388,23856
39695,7325,7387,7293,7364,55758,24586
39696,7190,7271,7190,7241,34718,21990
39699,7262,7313,7155,7162,41854,24824
39700,7098,7147,6905,6908,45874,26514
39701,6802,6924,6728,6890,82654,24358
39702,6826,6903,6731,6759,75800,27000
39703,6787,6869,6676,6777,106192,31268
39707,6404,6412,6404,6409,2772,30134
39708,6292,6294,6094,6094,60452,37950
39709,6176,6176,5824,5826,177520,48786
39710,5910,5998,5854,5898,162450,51620
39713,6166,6260,6166,6260,53880,46408
39714,6532,6552,6416,6506,126358,41326
39715,6447,6479,6286,6472,167036,41124
39716,6346,6617,6312,6580,235370,41362
39717,6548,6588,6442,6562,210060,32172
39727,6195,6195,6125,6129,936,32918
39728,5886,5887,5876,5879,1122,32270
39729,5617,5731,5594,5594,59630,33012
39730,5684,5686,5487,5591,100068,32072
39731,5301,5301,5290,5292,2520,31504
39734,5035,5198,5027,5150,64040,32738
39735,5355,5385,5286,5313,73026,33734
39736,5114,5116,5074,5074,6672,32552
39737,4846,4862,4828,4828,4316,33388
39738,4954,5035,4665,4925,147392,33958
39741,4987,5114,4921,5109,92074,39232
39742,5089,5106,4796,4825,106306,38558
39743,4703,4800,4680,4682,60880,37916
39744,4564,4706,4525,4682,17868,36276
39745,4797,4797,4440,4440,118764,37430
39748,4478,4553,4354,4354,81504,38238
39749,4525,4565,4334,4505,139802,41962
39750,4470,4479,4370,4397,96168,41198
39751,4527,4639,4500,4637,88690,43020
39752,4464,4645,4409,4585,116822,43130
39755,4613,4775,4613,4774,52752,41460
39756,4720,4851,4678,4791,130566,43650
39757,4941,4975,4871,4897,87214,42744
39758,4756,4792,4711,4717,63264,41552
39759,4697,4726,4589,4726,91200,41976
39762,4809,4894,4792,4894,43746,44620
39763,4771,4921,4769,4794,211218,49212
39764,4719,4759,4618,4648,111310,50006
39765,4510,4518,4450,4452,56694,52010
39766,4508,4582,4413,4462,208574,63264
39769,4439,4582,4399,4503,183852,60900
39770,4488,4563,4466,4467,139908,58946
39771,4505,4543,4485,4542,68920,58734
39772,4435,4477,4413,4425,79790,57482
39773,4284,4369,4218,4344,49790,54568
39776,4352,4403,4314,4373,51594,52422
39777,4509,4561,4493,4538,59788,51240
39778,4533,4731,4529,4710,113662,60618
39779,4741,4800,4668,4684,124024,58966
39780,4732,4755,4641,4714,89962,56552
39783,4679,4822,4640,4792,117008,61078
39784,4652,4680,4599,4611,97750,59728
39785,4614,4687,4593,4678,87188,62216
39786,4660,4724,4549,4587,111556,62400
39787,4542,4545,4424,4424,44100,55512
39790,4430,4657,4401,4654,86640,59840
39791,4638,4640,4548,4566,89096,58108
39792,4614,4764,4602,4743,120244,67812
39793,4727,4827,4710,4804,135938,74450
39794,4810,4914,4567,4675,187716,72662
39797,4781,4858,4752,4844,169344,76410
39798,4736,4782,4655,4686,104066,72616
39799,4737,4761,4714,4735,90404,71226
39800,4632,4663,4606,4613,66742,69544
39801,4594,4683,4587,4678,71412,67398
39804,4722,4882,4714,4878,94460,71998
39805,4842,4852,4768,4775,84632,67178
39806,4820,4881,4819,4870,73210,68368
39807,4856,5086,4856,5060,190916,88568
39808,5093,5142,5010,5033,323852,106598
39811,5194,5216,5088,5133,262398,100824
39812,5105,5173,5046,5059,192152,94842
39813,5077,5077,4931,4986,170236,86340
39818,5150,5220,5084,5203,224328,89654
39819,5228,5400,5194,5399,128726,98340
39820,5554,5603,5404,5462,149560,88726
39821,5366,5415,5318,5360,135230,84966
39822,5423,5542,5423,5504,185326,88894
39825,5577,5683,5530,5537,143488,88906
39826,5384,5385,5341,5360,10178,85004
39827,5365,5436,5287,5392,227050,86886
39828,5291,5312,5199,5210,120230,78736
39829,5300,5318,5245,5252,125948,84916
39832,5283,5300,5210,5229,87866,81530
39833,5236,5243,5165,5185,87154,78964
39834,5165,5244,5121,5216,99214,79822
39835,5255,5273,5162,5230,69256,78056
39836,5182,5203,5170,5186,40316,77190
39846,5105,5114,4984,4992,58628,80228
39847,4977,5155,4967,5144,132468,87150
39848,5132,5242,5132,5227,104794,86652
39849,5203,5262,5117,5160,160934,90002
39850,5216,5309,5213,5276,174212,99934
39853,5272,5530,5269,5526,186652,100708
39854,5523,5582,5452,5535,187548,108024
39855,5429,5532,5257,5344,211972,97478
39856,5345,5400,5280,5360,135376,96766
39857,5370,5467,5368,5465,121252,98190
39860,5461,5513,5342,5457,236406,106196
39861,5434,5499,5390,5392,181618,106586
39862,5192,5194,5173,5174,10208,102532
39863,5118,5165,5025,5027,162434,96872
39864,5073,5157,5073,5121,121546,94486
39867,5086,5237,5070,5224,117420,95582
39868,5149,5189,5023,5091,126412,92364
39869,5202,5247,5158,5175,81322,91170
39870,5256,5280,5151,5158,110066,86568
39871,5166,5168,5051,5116,94134,86746
39874,5121,5198,5097,5137,102902,87736
39875,5028,5082,5009,5062,99646,91150
39876,5062,5121,5053,5120,88360,92440
39877,5202,5209,5096,5099,87638,89638
39878,5077,5155,5077,5152,96836,93612
39881,5199,5283,5181,5230,176050,91716
39882,5224,5373,5221,5339,231470,108400
39883,5337,5350,5247,5254,158180,114636
39884,5192,5217,5161,5175,120194,114296
39885,5213,5247,5145,5161,131842,118710
39888,5161,5225,5135,5192,132482,113776
39889,5241,5277,5225,5253,112780,113844
39890,5271,5280,5242,5244,116948,114986
39891,5288,5348,5272,5341,163526,122588
39892,5361,5434,5349,5398,161978,133204
39895,5463,5605,5438,5543,215150,138084
39896,5506,5547,5411,5416,118978,133686
39897,5435,5458,5363,5365,112696,135154
39898,5396,5516,5377,5497,208830,148270
39899,5500,5573,5399,5425,217012,141424
39902,5384,5429,5355,5380,138974,136266
39903,5385,5492,5380,5463,219014,142968
39904,5528,5638,5525,5573,272148,157086
39905,5622,5691,5619,5691,259192,167542
39906,5768,5789,5686,5715,259320,165398
39910,5709,5874,5702,5868,248386,169808
39911,5829,5841,5710,5717,269332,156738
39912,5799,5865,5785,5859,246230,154966
39913,5874,5995,5872,5978,245378,159728
39916,5959,6234,5946,6154,448416,175664
39917,6186,6256,6123,6232,502700,185722
39918,6324,6484,6312,6476,401332,194108
39919,6488,6524,6411,6434,378862,191226
39920,6427,6460,6272,6457,488134,186268
39923,6440,6546,6405,6422,573188,185610
39924,6277,6296,6146,6146,325488,169244
39925,6258,6370,6179,6214,508922,175382
39926,6230,6318,6207,6303,650356,179334
39927,6355,6424,6221,6224,622744,177148
39930,6151,6198,6011,6012,333544,164654
39931,6090,6094,5969,6018,487034,157652
39932,6034,6096,5953,6094,381316,153860
39933,6165,6300,6150,6299,371466,143616
39937,6524,6545,6523,6545,12430,140164
39938,6566,6662,6566,6606,533438,155076
39939,6601,6777,6562,6775,597404,174500
39940,6843,6894,6760,6764,650928,182194
39941,6801,6870,6728,6862,620418,190796
39944,6807,6815,6658,6683,527992,178208
39945,6768,6918,6729,6891,545848,194232
39946,6934,6999,6878,6937,611282,195696
39947,6777,6799,6728,6735,395098,175854
39948,6787,6851,6708,6729,447526,172834
39951,6529,6529,6431,6447,223406,153098
39952,6534,6678,6520,6658,399360,162738
39953,6629,6695,6600,6602,447580,160808
39954,6613,6665,6558,6559,338592,156760
39955,6577,6654,6547,6595,357422,156046
39958,6617,6621,6555,6594,304860,157532
39959,6600,6600,6449,6457,386706,153938
39960,6509,6536,6465,6493,304850,136730
39965,6723,6854,6671,6816,275828,118206
39966,6896,6896,6789,6806,310154,131246
39967,6832,6832,6769,6816,242482,133932
39968,6606,6686,6602,6683,205452,135198
39969,6797,6831,6737,6744,156940,135824
39972,6711,6737,6623,6629,174978,144230
39973,6664,6677,6573,6640,262100,144954
39974,6666,6667,6508,6536,397682,182494
39975,6503,6535,6447,6503,369342,183634
39976,6508,6542,6419,6435,287178,185022
39979,6363,6367,6270,6314,369944,203544
39980,6298,6356,6294,6354,292078,196912
39981,6335,6346,6307,6329,245028,206074
39982,6332,6343,6199,6214,383994,227464
39983,6224,6236,6175,6195,353952,233414
39986,6097,6159,6092,6106,342598,242210
39987,6044,6071,5974,6058,506238,258022
39988,6058,6066,6007,6035,420976,260046
39989,6017,6180,6006,6165,837738,260172
39990,6184,6235,6175,6223,519344,263228
39993,6157,6192,6081,6082,555682,269598
39994,6104,6155,6103,6128,422384,265978
39995,6109,6169,6108,6160,392982,273366
39996,6177,6181,6004,6005,599188,317456
39997,5982,5985,5772,5817,742918,319904
40000,5808,5852,5768,5794,656240,311096
40001,5804,5844,5746,5783,638356,321888
40002,5612,5612,5505,5527,570780,324416
40003,5516,5587,5510,5568,584750,319000
40004,5579,5642,5496,5583,817126,331720
40007,5600,5615,5528,5530,567584,321496
40008,5573,5629,5558,5624,612864,322080
40009,5631,5734,5626,5733,698802,319828
40010,5731,5741,5661,5705,655358,310402
40011,5690,5756,5670,5735,583198,314692
40014,5816,5848,5789,5844,603076,318508
40015,5833,5864,5776,5785,562462,326232
40016,5766,5803,5719,5734,635768,324648
40017,5752,5786,5740,5767,475688,314914
40018,5783,5793,5673,5688,491426,327620
40021,5645,5696,5628,5651,489370,337270
40022,5649,5854,5649,5844,891776,359530
40023,5820,5877,5755,5797,764902,347358
40024,5805,5844,5772,5829,578982,368638
40025,5969,6019,5920,5991,613950,354372
40028,6087,6231,6056,6228,875130,346430
40029,6334,6344,6195,6261,617440,338910
40030,6314,6345,6251,6267,600776,351968
40031,6266,6280,6150,6190,650802,334942
40032,6143,6311,6141,6239,994386,352610
40035,6257,6542,6254,6537,1066856,409938
40036,6489,6539,6433,6512,874560,402976
40037,6580,6664,6505,6520,1066788,394174
40038,6635,6665,6538,6571,842258,379062
40039,6551,6592,6428,6452,788092,385226
40042,6322,6334,6177,6187,768972,360296
40043,6245,6281,6224,6275,572874,355830
40044,6297,6355,6050,6151,957082,336786
40045,6215,6331,6179,6316,948590,351886
40046,6237,6322,6203,6237,853964,362520
40049,6405,6466,6391,6460,638994,360798
40050,6446,6474,6389,6426,640262,356522
40051,6397,6456,6392,6441,509592,355872
40052,6436,6450,6372,6387,441730,347266
40053,6435,6471,6412,6437,407684,347072
40056,6457,6460,6205,6230,543606,327120
40057,6210,6240,6145,6199,424010,319254
40058,6082,6114,5966,5979,422016,307622
40059,6000,6049,5948,6037,455906,302814
40060,6016,6090,5962,6019,559388,298910
40063,5951,5993,5863,5871,497486,309564
40064,5872,5951,5844,5947,360368,298130
40065,5995,6039,5955,5987,394818,298606
40066,5965,6032,5952,6008,529168,316088
40067,5977,6017,5900,5907,383686,321800
40070,5747,5796,5690,5711,453414,317268
40071,5755,5789,5750,5769,289772,309650
40072,5922,5942,5845,5930,475328,289202
40073,5934,5980,5918,5976,456430,287108
40074,5951,6001,5922,5928,500954,283484
40077,5932,5971,5907,5939,328184,278720
40078,5877,5907,5824,5844,331740,280036
40079,5892,5894,5827,5839,382374,264826
40080,5815,5845,5742,5761,429652,254066
40081,5763,5794,5755,5781,214200,240428
40084,5810,5811,5605,5688,254348,220022
40085,5690,5711,5609,5703,269370,213012
40086,5688,5743,5675,5735,168244,209958
40095,5816,5860,5763,5818,154278,210176
40098,5927,5968,5900,5967,231688,224928
40099,5992,6014,5935,5952,242084,216088
40100,5964,6013,5955,6006,192548,216490
40101,5993,6027,5966,5977,169536,212908
40102,6002,6097,6000,6094,270348,217840
40105,6069,6157,6063,6133,188476,221818
40106,6189,6195,6087,6099,159326,216840
40107,6090,6104,6027,6053,195266,220936
40108,6135,6158,6072,6074,169500,208878
40109,6118,6247,6115,6239,274740,216008
40112,6212,6253,6172,6233,278022,213300
40113,6139,6148,6101,6117,212884,206946
40114,6086,6153,6064,6078,233110,209194
40115,6017,6029,5981,6002,183598,205504
40116,6085,6118,6051,6054,170418,204330
40119,5945,6044,5944,6039,161928,207364
40120,6064,6093,6041,6047,143076,207046
40121,6107,6116,6074,6098,139642,200736
40122,6093,6137,6081,6108,190304,203514
40123,6096,6186,6093,6186,185462,215380
40126,6165,6204,6142,6189,167900,215394
40127,6234,6238,6156,6165,215110,205700
40128,6198,6232,6180,6213,218558,205656
40129,6236,6286,6226,6266,236762,211270
40130,6241,6262,6220,6255,169736,212610
40133,6295,6407,6295,6363,262624,212096
40134,6433,6447,6379,6388,205804,201664
40135,6435,6502,6428,6485,246916,200402
40136,6466,6525,6453,6503,240030,194694
40137,6509,6530,6466,6506,187754,196422
40140,6547,6680,6547,6680,206438,199432
40141,6602,6649,6510,6532,273752,200806
40142,6589,6701,6581,6696,256912,207652
40143,6744,6814,6713,6728,349652,212536
40144,6667,6689,6463,6491,301352,198014
40147,6637,6711,6626,6698,357400,204310
40148,6700,6735,6660,6708,218778,200234
40149,6736,6797,6676,6777,335818,207518
40150,6736,6813,6732,6791,393772,218472
40151,6747,6898,6743,6896,506216,236726
40154,6896,7128,6896,7051,560990,232924
40155,7094,7103,6997,7074,420614,228074
40156,6988,6988,6853,6864,445754,215546
40157,6829,6895,6735,6828,402350,212022
40158,6853,6909,6847,6852,360648,219330
40161,6871,6883,6689,6842,415034,215742
40162,6893,6903,6837,6862,299558,221048
40163,6861,7019,6858,6975,400142,235112
40164,7044,7113,6977,6999,613428,237744
40165,6860,6961,6849,6923,511514,236538
40168,6938,6982,6818,6836,525654,251418
40169,6801,6854,6760,6763,397266,243152
40170,6773,6801,6709,6790,490900,239000
40171,6815,6884,6778,6884,439178,251008
40172,6887,6925,6845,6871,424856,258586
40175,6901,6996,6872,6994,494134,251714
40176,7040,7092,6996,7010,566830,283944
40177,7016,7077,7003,7034,530590,280862
40178,7054,7261,7048,7254,911350,378262
40182,7301,7348,7222,7284,649846,331296
40183,7310,7369,7269,7328,732042,357462
40184,7309,7449,7289,7361,774856,371900
40185,7400,7447,7020,7121,987650,308518
40186,7120,7129,6908,7027,866300,287728
40189,7124,7190,7110,7114,703898,301220
40190,7045,7090,7001,7026,499472,307680
40191,6832,6873,6733,6789,555670,282942
40192,6857,6911,6839,6881,479514,265160
40193,6849,6937,6782,6836,591132,272830
40196,6770,6857,6745,6816,586490,321256
40197,6862,6888,6806,6842,438340,311006
40198,6865,6889,6694,6699,628074,306314
40199,6695,6825,6659,6813,699516,293792
40200,6767,6821,6654,6803,789964,292118
40203,6795,6863,6769,6813,805706,327562
40204,6811,6841,6702,6702,767728,320202
40205,6746,6769,6686,6746,667216,303034
40206,6675,6715,6615,6698,633958,289904
40207,6701,6766,6636,6642,722508,317830
40210,6647,6677,6551,6552,581250,300898
40211,6624,6640,6530,6553,464172,297310
40212,6660,6718,6632,6715,479128,300298
40213,6659,6689,6604,6644,450224,304926
40214,6583,6723,6569,6679,533564,311418
40217,6750,6790,6727,6778,475588,339274
40218,6803,6803,6743,6771,353860,325904
40219,6785,6821,6727,6762,441494,321252
40220,6814,6852,6804,6816,234892,310894
40221,6813,6837,6747,6779,166582,305984
40231,6917,6967,6842,6928,459684,335066
40232,6927,7013,6917,7011,411822,359812
40233,6956,6983,6934,6951,312010,349896
40234,6991,7000,6854,6896,395378,328074
40235,6894,6919,6841,6860,303322,338942
40238,6985,6990,6900,6917,346714,348582
40239,6918,6970,6884,6884,433116,314000
40240,6922,6980,6911,6962,381498,322900
40241,6962,6965,6876,6880,334680,303412
40242,6888,7032,6856,7012,626908,358802
40245,7011,7041,6967,7024,514494,353354
40246,7018,7098,7004,7086,812322,420618
40247,7054,7080,7027,7041,527854,415058
40248,7087,7090,6887,6949,672382,349958
40249,6918,6950,6883,6898,338380,328466
40252,6887,6906,6791,6847,418280,311070
40253,6815,6852,6809,6838,302368,303558
40254,6865,6915,6861,6881,336094,285888
40255,6896,6898,6815,6842,318688,293146
40256,6844,6887,6833,6872,251504,285558
40259,6856,6931,6856,6894,332338,301588
40260,6938,6941,6885,6889,272784,312144
40261,6883,6913,6845,6880,285158,291736
40262,6870,6910,6865,6885,229218,277040
40263,6853,6877,6831,6852,225726,274538
40266,6860,6905,6844,6877,223370,272358
40267,6896,6932,6776,6888,747262,295626
40268,6880,6908,6838,6844,368058,284486
40269,6828,6859,6790,6840,271908,282086
40270,6863,6879,6845,6871,127360,267680
40274,6871,6883,6846,6860,174660,271168
40275,6885,6983,6884,6958,394520,268894
40276,6951,7020,6950,6959,397474,272474
40277,6963,7011,6955,6986,220676,274574
40280,7024,7043,6986,7009,257482,278876
40281,6978,6985,6924,6972,203918,281158
40282,6994,7006,6969,6971,197792,281666
40283,6987,6987,6950,6962,177320,283016
40284,6974,6993,6956,6976,148848,280740
40287,6939,6952,6861,6871,169230,273010
40288,6894,6915,6871,6894,164276,285462
40289,6900,6934,6880,6925,247600,286744
40290,6915,6930,6896,6909,167778,278218
40291,6921,6995,6916,6981,342432,282122
40294,7010,7036,6994,7013,317164,281208
40295,6995,7061,6978,7044,424796,296102
40296,6975,7002,6934,6960,413370,302682
40297,6942,6968,6916,6917,287006,306082
40298,6936,6953,6892,6948,223036,296096
40302,6930,6942,6902,6918,166974,300346
40303,6869,6934,6860,6929,217108,296698
40304,6939,6950,6871,6874,245600,303716
40305,6806,6818,6730,6731,326830,279350
40308,6802,6831,6776,6824,208740,270138
40309,6811,6824,6768,6773,195896,278566
40310,6783,6836,6781,6810,160060,265812
40311,6819,6821,6712,6763,375932,291284
40312,6734,6756,6683,6688,252020,302742
40315,6643,6658,6505,6536,352544,285162
40316,6552,6629,6521,6620,235512,263862
40317,6547,6638,6546,6595,175354,262848
40318,6647,6698,6641,6650,239218,251080
40319,6629,6707,6615,6703,233826,253512
40322,6687,6715,6682,6702,168506,253362
40323,6685,6685,6615,6621,180554,262206
40324,6646,6662,6589,6661,220154,257774
40325,6669,6680,6643,6678,159864,246834
40326,6697,6706,6657,6677,111976,242286
40329,6640,6641,6594,6599,151508,249630
40330,6607,6645,6567,6590,186568,250278
40331,6595,6639,6574,6639,157406,246298
40332,6646,6651,6593,6622,164204,246058
40333,6632,6665,6615,6642,138966,242616
40336,6483,6511,6426,6455,242038,256338
40337,6460,6473,6447,6463,118996,245296
40338,6460,6469,6339,6425,385972,234028
40339,6416,6433,6379,6380,208734,233684
40340,6390,6418,6365,6377,143132,233998
40346,6467,6467,6416,6425,130934,230574
40347,6427,6460,6427,6445,94118,223996
40350,6464,6542,6462,6527,145448,219012
40351,6490,6514,6485,6501,68546,216572
40352,6472,6506,6447,6504,100528,212576
40353,6494,6529,6488,6509,128052,214982
40354,6490,6517,6484,6498,112506,215070
40357,6496,6542,6478,6479,141910,224734
40358,6469,6476,6376,6394,174112,244894
40359,6331,6358,6317,6341,117252,257770
40360,6331,6362,6277,6290,103554,253522
40361,6286,6317,6240,6298,183480,256258
40364,6295,6297,6259,6263,105508,255280
40365,6206,6236,6158,6225,232886,263498
40366,6224,6236,6198,6223,114572,260150
40367,6298,6307,6275,6287,128486,241564
40368,6301,6350,6286,6343,121010,225706
40371,6367,6374,6314,6325,95418,220930
40372,6342,6394,6316,6346,221100,225990
40373,6384,6407,6375,6403,200876,236496
40374,6402,6422,6384,6395,155854,233784
40375,6460,6539,6451,6534,257464,247440
40378,6509,6533,6501,6531,125508,243774
40379,6510,6535,6476,6524,187982,241596
40380,6547,6550,6507,6517,125562,230000
40381,6516,6610,6507,6593,229208,247636
40382,6627,6641,6609,6629,162518,245228
40385,6618,6696,6607,6675,197302,261032
40386,6646,6660,6563,6572,235070,244764
40387,6586,6633,6578,6630,124166,236734
40388,6665,6751,6648,6725,285692,260126
40389,6743,6792,6735,6747,217652,264392
40392,6836,6950,6820,6916,271832,272874
40393,6928,6954,6872,6907,295984,266474
40394,6958,6984,6924,6948,286338,274750
40395,7014,7018,6865,6868,90458,273030
40396,6897,7077,6882,7069,601102,322516
40399,7077,7238,7042,7207,746218,303758
40400,7172,7194,7088,7108,473212,283010
40401,7111,7165,7073,7085,383988,257556
40402,7078,7170,7045,7108,459026,264954
40403,7149,7284,7133,7274,409806,268500
40406,7323,7407,7311,7320,497586,282028
40407,7266,7296,7238,7294,369082,282484
40408,7317,7349,7172,7203,503690,286382
40409,7196,7229,7136,7216,418050,293728
40410,7104,7112,6980,6995,325850,268764
40413,7025,7075,6997,7034,370970,273122
40414,7002,7084,6989,7007,372106,272978
40415,7025,7058,6937,6957,422612,281888
40416,6987,7023,6964,7017,377786,287498
40417,7040,7117,7036,7100,403188,282576
40420,7175,7220,7157,7197,324314,267742
40421,7127,7134,7043,7050,315544,267628
40422,7059,7137,7027,7053,465662,268964
40423,7089,7130,7064,7125,470858,265244
40424,7145,7220,7117,7206,484400,260544
40427,7248,7286,7230,7233,274312,253542
40428,7248,7332,7213,7330,492108,267644
40429,7396,7396,7296,7303,327298,254104
40430,7340,7359,6982,7200,545732,224850
40431,7235,7273,7199,7270,300992,225300
40434,7263,7340,7211,7334,325800,243358
40435,7312,7361,7249,7262,478870,230722
40436,7286,7313,7256,7273,320612,227764
40437,7288,7316,7196,7239,348130,210524
40438,7261,7268,7224,7248,226924,206944
40441,7364,7581,7364,7518,393180,203664
40442,7504,7522,7436,7517,248860,192858
40448,7856,7887,7670,7723,225220,188298
40449,7670,7776,7670,7761,177080,191940
40450,7701,7713,7546,7619,201910,178106
40451,7604,7677,7546,7675,148734,172992
40459,7616,7790,7610,7700,256990,192378
40462,8113,8118,8113,8118,11630,188208
40463,8058,8171,7998,8121,301192,198628
40464,8161,8214,8112,8177,257652,207158
40465,8240,8328,8195,8278,380366,223632
40466,8291,8310,8218,8285,289388,214446
40469,8179,8199,8059,8098,273866,209738
40470,8156,8258,8118,8164,108304,199640
40471,7992,8151,7991,8110,277420,197980
40472,8279,8404,8234,8273,438594,194788
40473,8258,8348,8253,8315,273760,210172
40476,8369,8619,8367,8544,373330,219744
40477,8527,8557,8438,8468,267316,209072
40478,8565,8570,8167,8313,258748,189410
40479,8404,8504,8353,8504,233336,199320
40480,8465,8478,8330,8351,342994,196294
40483,8410,8532,8399,8486,258222,208578
40484,8504,8588,8454,8518,355646,207102
40485,8539,8578,8456,8495,300356,210222
40486,8578,8865,8529,8843,543578,257456
40487,8959,9164,8944,9164,281028,265914
40490,9105,9565,9087,9369,748946,260660
40491,9293,9600,9292,9493,806186,261880
40492,9635,9692,9461,9483,703158,250078
40493,9547,9642,9443,9507,609972,267098
40494,9528,9528,9071,9075,546298,235570
40497,8979,9205,8766,8993,783924,211764
40498,9068,9130,8905,8923,610008,208604
40499,8556,8607,8552,8552,110790,196158
40500,8661,8708,8340,8625,587150,184364
40501,8780,8811,8588,8801,242054,205640
40504,8579,8657,8525,8543,418100,197596
40505,8558,8616,8397,8431,490746,187256
40506,8508,8636,8495,8635,367710,184148
40507,8672,8780,8653,8669,365200,174292
40508,8721,8721,8481,8604,536518,188398
40511,8580,8755,8526,8755,424156,216384
40512,8743,8830,8611,8825,449370,213342
40513,8806,8994,8775,8974,615570,237598
40514,9119,9144,9048,9061,322968,237002
40515,9048,9127,9024,9080,307222,221658
40518,9170,9235,9082,9225,397104,236502
40519,9199,9346,9175,9344,520020,258412
40520,9217,9255,9062,9072,435906,228262
40521,9208,9279,9157,9205,368584,228074
40522,9177,9217,9132,9196,273064,226970
40525,9160,9442,9158,9409,323944,250126
40526,9442,9477,9379,9463,101664,247410
40527,9421,9553,9340,9354,403978,236532
40528,9364,9412,9326,9359,233132,235896
40529,9355,9451,9355,9405,242712,224502
40532,9469,9513,9217,9346,341016,211216
40533,9415,9483,9375,9467,282386,210788
40534,9501,9529,9415,9449,206602,203634
40535,9482,9671,9475,9644,292284,201578
40536,9684,9698,9528,9654,220724,191080
40539,9597,9757,9575,9728,319242,192858
40540,9799,9881,9766,9812,260150,185166
40541,9791,9818,9646,9678,259742,177062
40542,9625,9777,9590,9769,218936,177684
40543,9692,9827,9692,9790,170498,174446
40547,9818,9954,9808,9929,222494,193086
40548,9825,9870,9765,9808,190818,184160
40549,9901,10122,9898,10094,260112,197988
40550,9974,10083,9768,9859,420460,191898
40553,9925,9925,9772,9823,263732,193048
40554,9885,9923,9820,9899,195666,186506
40555,9883,9948,9681,9727,466304,205218
40556,9967,9988,9790,9800,278932,189494
40557,9779,9858,9755,9841,195466,177698
40560,9805,9836,9717,9770,238972,177456
40561,9730,9786,9652,9728,206670,170066
40562,9779,9864,9743,9860,185758,170684
40563,9808,9894,9776,9839,212978,171720
40564,9792,9887,9783,9861,228570,177568
40567,9922,10160,9922,10010,325504,195884
40568,9962,9990,9797,9798,221824,188304
40569,9673,9681,9318,9591,245726,168962
40570,9733,9761,9628,9680,175416,172490
40571,9670,9730,9638,9689,129318,164468
40574,9725,9881,9722,9861,109512,157112
40575,9911,9948,9865,9915,87904,151856
40583,10012,10139,9914,10135,68024,169166
40584,10223,10300,10170,10204,177688,164896
40585,10145,10205,10122,10166,160394,166974
40588,10172,10220,10068,10188,55406,172908
40589,10101,10133,10036,10048,143756,176384
40590,9857,9907,9764,9858,206832,180568
40591,9898,9931,9694,9696,216578,193806
40592,9842,9853,9659,9661,189796,188484
40595,9606,9686,9575,9645,156598,191912
40596,9729,9788,9577,9729,262450,199932
40597,9281,9362,9128,9312,215656,179344
40598,9384,9387,9059,9175,201998,165488
40599,9225,9344,9210,9330,139728,152574
40602,9465,9478,9405,9453,136424,152574
40603,9435,9455,9331,9424,201500,156998
40604,9411,9599,9407,9573,225850,167746
40605,9576,9660,9504,9507,142288,160412
40606,9586,9632,9530,9626,140570,156758
40609,9623,9681,9589,9644,127812,151392
40610,9579,9589,9429,9487,137106,149296
40611,9502,9511,9379,9389,162394,141460
40612,9274,9311,9207,9232,135600,138992
40613,9261,9289,9158,9169,173592,139158
40616,9106,9155,8964,8991,170224,148944
40617,9012,9084,8968,9059,166068,156746
40618,8854,8965,8782,8947,149052,150238
40619,8917,9046,8884,9022,137164,148612
40620,9140,9195,9099,9182,111008,142038
40623,9235,9313,9211,9279,159464,143036
40624,9247,9257,9154,9160,168888,158058
40625,9164,9250,9147,9234,205130,177946
40626,9180,9205,8965,8971,359106,205890
40627,9068,9175,9052,9108,267374,190998
40630,9124,9201,9014,9125,294522,182678
40631,9079,9102,9008,9082,247636,178840
40632,9124,9218,9108,9193,197866,179676
40633,9209,9228,9138,9186,174364,177186
40634,9302,9308,9259,9264,146106,175374
40639,9255,9377,9255,9372,146056,186376
40640,9348,9384,9291,9313,164154,201226
40641,9284,9418,9271,9414,222566,207184
40644,9494,9598,9483,9536,214464,214698
40645,9451,9455,9341,9350,185306,210832
40646,9259,9269,9194,9263,161942,205820
40647,9231,9280,9150,9152,194924,202550
40648,9188,9216,9098,9102,176828,204558
40651,9065,9140,9046,9124,130114,209602
40652,9163,9191,9038,9057,162986,216544
40653,9121,9233,9119,9230,161782,212226
40654,9252,9262,9195,9227,162216,208388
40655,9270,9343,9237,9343,207782,221346
40658,9366,9378,9292,9306,186080,213332
40659,9227,9248,9162,9166,167878,208518
40660,9217,9238,9126,9144,177106,206772
40661,9176,9280,9172,9280,192216,213252
40662,9146,9156,9055,9067,219378,209646
40666,9151,9183,9120,9179,126154,202718
40667,9120,9128,9044,9082,156344,205532
40668,9021,9099,8976,9082,202960,203758
40669,8895,8931,8829,8839,278714,210290
40672,8885,8931,8875,8913,147406,201572
40673,8934,9004,8897,8990,186802,187578
40674,9023,9039,8977,8986,148018,186992
40675,8946,9028,8884,8888,259150,200154
40676,8952,9037,8943,9024,185976,188748
40679,8975,8981,8913,8931,190298,190682
40680,8920,8938,8832,8925,240618,175584
40681,8966,9024,8952,8990,154734,172844
40682,9106,9112,9049,9063,121956,164342
40683,9084,9192,9072,9187,224512,186748
40686,9211,9215,9113,9138,197094,181054
40687,9154,9268,9132,9253,193520,204582
40688,9240,9244,9170,9194,198660,200266
40689,9257,9296,9246,9290,161264,190068
40690,9308,9315,9267,9303,138750,179248
40693,9298,9384,9277,9344,163662,178600
40694,9347,9357,9295,9309,137682,182066
40695,9334,9349,9271,9281,145458,189334
40696,9267,9313,9240,9312,149558,200254
40697,9343,9493,9336,9487,189544,220686
40701,9368,9392,9328,9371,169880,225494
40702,9379,9406,9291,9317,215538,243866
40703,9357,9382,9311,9314,167438,252880
40704,9289,9304,9202,9208,220332,267558
40707,9184,9215,9167,9185,152900,286460
40708,9194,9239,9183,9215,136690,291384
40709,9215,9252,9187,9222,164532,300146
40710,9190,9197,9097,9112,189460,303314
40711,9084,9121,9037,9060,161154,311084
40714,9052,9108,9029,9058,169920,319954
40715,9096,9119,9073,9110,127462,332772
40716,9122,9126,9058,9070,133224,330318
40717,9034,9039,8936,9003,185428,335328
40718,8939,8983,8925,8931,168770,343556
40721,8877,8891,8734,8736,260000,347314
40722,8794,8826,8726,8745,199306,356768
40723,8816,8843,8794,8834,136436,343080
40724,8846,8905,8845,8902,108628,332262
40725,8797,8804,8735,8802,163552,341360
40728,8830,8905,8830,8888,61294,356404
40729,8882,8926,8827,8852,231220,371274
40730,8849,8884,8802,8839,201510,382432
40731,8837,8868,8817,8851,159342,385570
40732,8924,8994,8924,8955,197634,374156
40735,8934,9012,8933,8967,164258,382052
40736,8948,8970,8842,8881,196306,397740
40737,8931,9010,8931,9010,197532,413344
40738,9073,9080,9008,9056,177372,403526
40739,9023,9072,8984,9060,192508,394202
40742,9056,9121,9018,9019,231608,389112
40743,9034,9059,9013,9058,177612,396352
40744,9050,9166,9000,9141,393288,402850
40745,9125,9208,9123,9188,344604,417870
40746,9160,9190,9154,9186,168210,417250
40749,9148,9158,9043,9049,233934,405978
40750,9060,9120,9050,9116,156994,412938
40751,9141,9196,9141,9169,207220,409984
40752,9143,9150,9075,9077,207494,397222
40753,9048,9121,9007,9018,282686,388536
40756,9067,9174,9067,9171,238316,382040
40757,9153,9238,9148,9179,334730,391836
40758,9246,9246,9186,9187,200236,385450
40759,9166,9178,9093,9104,204720,380896
40760,8956,8956,8739,8843,369762,346334
40763,8797,8868,8788,8806,257000,377778
40764,8583,8642,8441,8613,329564,367694
40765,8662,8725,8662,8692,225768,370178
40766,8664,8738,8651,8736,240846,392950
40767,8819,8837,8738,8747,149754,385688
40770,8817,8867,8806,8840,184962,389414
40771,8873,8887,8779,8788,272386,363148
40772,8820,8857,8809,8836,157710,370590
40773,8881,8881,8815,8829,139964,370618
40774,8774,8799,8735,8796,149674,375052
40777,8833,8860,8786,8795,126796,372688
40778,8847,8919,8839,8915,167180,378140
40779,8900,8935,8873,8890,145982,382404
40780,8886,8900,8840,8857,115060,386484
40781,8859,8863,8769,8780,229696,424284
40784,8911,8948,8873,8941,251372,436938
40785,8974,8997,8922,8946,195634,431020
40786,8965,9055,8961,9036,254860,430768
40787,9024,9074,9004,9025,176044,433492
40788,8993,9036,8986,9026,188734,438430
40791,9004,9101,8963,8981,253492,447384
40792,8955,8960,8847,8923,187508,438474
40793,8936,9026,8914,9022,161816,453124
40794,9010,9034,8946,9007,208494,450332
40795,8982,9071,8977,9063,187594,460734
40799,8963,8991,8898,8908,197984,448574
40800,8922,8945,8771,8809,192232,447452
40801,8849,8872,8806,8830,182470,450844
40802,8793,8835,8765,8814,150264,448758
40805,8762,8770,8646,8650,154276,439226
40806,8670,8742,8659,8717,135586,434680
40807,8682,8731,8635,8706,179286,438266
40808,8556,8600,8521,8538,148472,424558
40809,8413,8453,8140,8273,274774,397584
40812,8267,8290,7909,7909,235946,371402
40813,8097,8157,8052,8122,201480,366356
40814,8070,8081,7975,8022,178726,340578
40815,7666,7860,7666,7835,167436,300442
40816,7886,8068,7815,8061,113352,297264
40826,7794,7848,7756,7790,182300,328000
40827,7856,7908,7778,7794,140550,327914
40828,7924,8012,7896,7972,192252,311794
40829,7954,7992,7934,7984,122238,312614
40830,8022,8046,7984,8020,125754,303940
40833,8092,8104,8040,8068,138390,284740
40834,8010,8016,7866,7890,101080,282522
40835,7950,7982,7894,7924,100978,279702
40836,7766,7766,7640,7736,194690,274574
40837,7786,7856,7786,7856,121132,260016
40840,7882,8050,7792,7982,185570,253922
40841,7992,8056,7946,7992,179462,251874
40842,7918,7982,7902,7962,109676,242552
40843,7934,8088,7924,8084,174910,252800
40844,8148,8178,8042,8052,128592,250354
40847,8042,8058,7934,7952,102940,248044
40848,7976,8002,7914,7934,126970,249534
40849,7902,8022,7850,8012,125952,255668
40850,7958,7976,7900,7906,95242,252326
40851,8018,8082,8014,8056,137138,262784
40854,8052,8062,7976,7984,99248,263362
40855,7976,8010,7902,7978,124582,265708
40856,8028,8114,8014,8052,173836,274440
40857,7960,7990,7840,7962,233316,279444
40858,8020,8172,8010,8136,313428,300376
40861,8192,8300,8182,8250,365308,321934
40862,8226,8288,8178,8266,269534,316404
40863,8338,8350,8172,8184,243246,292894
40864,8236,8350,8204,8304,322210,321762
40865,8136,8236,8090,8224,239372,314110
40868,8178,8218,8136,8162,174944,294934
40869,8094,8144,8002,8028,256296,276554
40870,8068,8088,7928,7940,205160,281550
40871,7890,7904,7714,7796,295672,279004
40872,7764,7854,7710,7764,249688,281830
40875,7822,7866,7798,7824,175214,268620
40876,7842,7884,7790,7868,169922,270736
40877,7894,7894,7762,7768,149156,274644
40878,7962,8020,7912,7974,180758,270888
40879,7958,7978,7930,7962,98858,271422
40882,8006,8030,7974,8012,104344,273704
40883,7986,7992,7944,7978,102390,271700
40884,8000,8034,7964,8032,91446,272918
40885,8010,8014,7922,7984,143446,274596
40886,7962,8012,7938,7972,105242,274626
40889,7916,7920,7844,7864,142064,268342
40890,7854,7900,7820,7822,129666,276726
40891,7830,7844,7698,7790,179886,276620
40892,7702,7796,7700,7772,185958,270780
40893,7802,7838,7760,7828,132418,269390
40896,7868,7870,7794,7836,165690,274728
40897,7832,7834,7782,7804,136844,265628
40898,7846,7856,7822,7834,75886,261966
40899,7844,7904,7842,7892,129558,260060
40900,7916,7960,7910,7942,104888,262498
40903,7988,8002,7910,7926,93622,266322
40904,7924,7924,7872,7880,82204,268162
40905,7946,7992,7938,7988,101574,276504
40906,7946,7986,7946,7968,71832,274872
40907,7962,8022,7958,8012,93328,267566
40912,8102,8162,8084,8098,100188,254536
40913,8110,8160,8064,8114,115202,258868
40914,8040,8110,8034,8096,87294,259652
40917,8046,8122,8046,8102,97546,257484
40918,8162,8182,8128,8128,106152,254720
40919,8128,8162,8102,8142,95860,255940
40920,8098,8124,8090,8110,60528,259758
40921,8060,8076,8010,8016,83066,263898
40924,7948,7952,7864,7896,102552,261254
40925,7936,7964,7900,7962,94110,255380
40926,7962,7978,7904,7908,90124,254484
40927,7936,7976,7916,7972,72910,247400
40928,7988,8038,7982,8028,58010,244444
40938,8042,8054,8002,8012,58980,245462
40939,7948,7972,7944,7964,64448,250260
40940,7974,8034,7972,7996,68316,249394
40941,8008,8088,8006,8074,126292,249896
40942,8080,8100,8056,8066,85996,254148
40945,8116,8158,8112,8148,96134,258228
40946,8154,8172,8082,8110,101848,254512
40947,8132,8196,8114,8194,132322,256158
40948,8176,8230,8168,8210,167100,252042
40949,8198,8202,8140,8152,90760,249726
40952,8184,8252,8176,8232,143796,248954
40953,8254,8270,8214,8220,96952,248278
40954,8246,8272,8220,8222,115244,249638
40955,8240,8240,8136,8178,125716,246500
40956,8200,8250,8198,8240,90396,248170
40959,8300,8358,8274,8284,154384,272078
40960,8304,8320,8254,8314,138784,276742
40961,8336,8336,8296,8312,80170,282230
40962,8310,8310,8258,8306,87794,281944
40963,8308,8310,8252,8294,122868,286712
40966,8300,8352,8296,8328,99034,290308
40967,8344,8376,8340,8372,73958,282030
40968,8356,8360,8322,8348,65874,278980
40969,8294,8322,8244,8250,136086,271604
40970,8284,8310,8278,8298,70474,267494
40973,8318,8336,8274,8306,78800,265508
40974,8290,8296,8262,8272,67970,263204
40975,8238,8246,8208,8222,64442,257906
40976,8226,8302,8226,8298,109978,266396
40977,8312,8522,8312,8520,332026,307194
40980,8510,8532,8456,8482,276988,324500
40981,8482,8558,8468,8546,223808,331956
40982,8592,8638,8518,8536,288828,319086
40983,8554,8618,8530,8568,279690,317408
40984,8624,8648,8568,8580,180600,318844
40987,8602,8644,8592,8614,140280,316238
40988,8596,8598,8498,8504,188110,290454
40989,8478,8516,8478,8494,119890,289698
40990,8508,8556,8472,8474,170174,286468
40991,8492,8608,8492,8606,186344,282162
40994,8642,8738,8642,8734,243236,316090
40995,8728,8728,8678,8710,165886,295244
40996,8680,8742,8646,8686,241160,277524
40997,8676,8704,8594,8636,247618,262986
40998,8598,8604,8548,8552,144314,245184
41004,8760,8870,8758,8858,192226,252494
41005,8882,8966,8868,8952,226518,252550
41008,9011,9012,8930,8942,178756,249278
41009,8937,9018,8916,9012,194762,255210
41010,8939,8940,8852,8894,197030,245416
41011,8918,8932,8876,8918,179484,250444
41012,8979,9010,8952,8966,214486,261252
41015,8845,8876,8810,8844,196654,258650
41016,8838,8864,8832,8852,134812,257452
41017,8882,8904,8780,8840,300784,262036
41018,8808,8830,8794,8828,152978,269094
41019,8820,8836,8788,8806,179482,269866
41022,8882,8912,8860,8864,140112,270532
41023,8832,8844,8760,8774,203164,282172
41024,8838,8848,8744,8748,249946,289102
41025,8760,8778,8722,8764,288662,277434
41026,8786,8786,8750,8766,111008,263118
41031,8762,8770,8708,8722,138512,265448
41032,8697,8706,8624,8628,139032,267750
41033,8595,8644,8590,8642,118686,260314
41036,8563,8580,8504,8530,151770,263210
41037,8548,8600,8544,8568,127468,265170
41038,8533,8554,8498,8548,110096,262430
41039,8538,8638,8526,8628,268086,273978
41040,8602,8624,8416,8420,293264,264894
41043,8407,8414,8244,8268,275248,251696
41044,8216,8240,8154,8208,204488,258064
41045,8209,8252,8078,8100,236762,243664
41046,8153,8182,8066,8136,254840,242536
41047,8100,8102,7952,7958,359376,256352
41050,8020,8098,7986,8066,260138,240910
41051,8053,8100,8050,8076,205276,237534
41052,7978,7982,7876,7892,253876,248696
41053,7883,7912,7816,7910,289302,262962
41054,7904,7934,7844,7930,296736,264140
41057,7961,8028,7946,8016,230814,247110
41058,7991,8058,7980,8054,223356,248458
41059,8016,8036,7970,7986,215848,244256
41060,7916,7960,7906,7914,168994,245476
41061,7879,7910,7812,7818,243188,256564
41064,7805,7805,7560,7606,382950,257516
41065,7663,7734,7650,7682,253054,266216
41066,7687,7780,7672,7720,323358,267418
41067,7780,7834,7742,7764,233916,271128
41068,7818,7818,7646,7744,306228,270226
41071,7794,7914,7792,7904,306042,264572
41072,7821,7836,7790,7836,216012,267208
41073,7833,7848,7798,7802,198752,280284
41074,7748,7748,7612,7616,458166,313514
41075,7619,7680,7592,7646,442882,304226
41078,7712,7736,7668,7726,407212,313350
41079,7756,7824,7728,7790,357014,308760
41080,7873,7996,7848,7990,402268,318812
41081,7892,7956,7860,7924,393084,318124
41085,7997,8094,7972,7980,439144,340942
41086,8037,8038,7952,7972,359974,331600
41087,7979,8000,7924,7976,343650,344320
41088,8000,8014,7922,7930,248170,330886
41089,7907,8042,7898,8038,340792,342482
41092,8165,8190,8070,8072,257354,313014
41093,8094,8154,8078,8150,231728,313736
41094,8172,8216,8128,8166,274206,314514
41095,8189,8236,8144,8198,331566,312204
41096,8221,8278,8186,8190,361042,291230
41099,8177,8322,8154,8288,449382,309180
41100,8259,8278,8180,8186,244842,300142
41101,8210,8284,8062,8122,479524,296796
41102,8101,8101,7976,7990,306460,286240
41103,8004,8040,7962,8034,324688,281556
41106,8101,8268,8101,8244,330256,275468
41107,8269,8282,8112,8148,313158,278386
41108,8171,8174,8000,8034,336126,300554
41109,8080,8092,8006,8050,440440,314032
41110,8058,8122,8032,8080,328216,284452
41113,7998,8002,7874,7878,273696,278114
41114,7691,7744,7590,7702,281848,275856
41115,7607,7738,7607,7652,254916,269746
41116,7693,7722,7640,7698,205724,265098
41117,7656,7776,7656,7770,220158,267040
41120,7828,7928,7792,7856,310298,267814
41121,7831,7894,7808,7864,258252,264540
41122,7877,7924,7846,7862,244134,268770
41123,7815,7816,7706,7776,340298,277730
41124,7714,7788,7714,7760,202950,268694
41127,7720,7826,7714,7800,244182,269666
41128,7791,7858,7791,7840,205844,281728
41129,7814,7822,7770,7774,209366,286820
41130,7803,7876,7794,7870,252194,284870
41131,7902,7902,7734,7764,348860,293868
41134,7816,7840,7754,7756,268324,296490
41135,7742,7768,7610,7710,425778,304674
41136,7687,7752,7652,7730,319092,282688
41137,7748,7770,7704,7756,300580,292676
41138,7780,7876,7774,7838,441404,295412
41141,7867,7867,7822,7834,233664,296942
41142,7872,7892,7818,7868,264002,281716
41143,7942,8080,7916,8070,557080,320336
41144,8112,8178,8058,8120,350268,318956
41145,8087,8272,8080,8270,630080,366130
41148,8324,8370,8276,8316,428168,345774
41149,8245,8294,8198,8208,283996,337204
41150,8199,8254,8110,8178,379412,341912
41151,8228,8268,8174,8238,304954,352550
41152,8203,8212,8096,8104,305028,353274
41155,8122,8318,8112,8272,403162,367028
41156,8293,8386,8260,8288,377168,376184
41157,8257,8344,8192,8250,460718,394212
41158,8183,8190,8108,8126,314608,390156
41159,8133,8162,8022,8024,436520,423464
41162,8032,8086,8008,8066,283338,428366
41163,8059,8108,7948,7970,426964,407754
41164,7971,8004,7940,7996,288354,403076
41165,8031,8088,7998,8004,292198,404146
41166,8100,8156,8078,8114,319134,414144
41169,8126,8170,7980,7988,421238,420914
41170,7924,7944,7784,7822,378912,427416
41171,7876,7926,7854,7880,245936,422614
41172,7932,7934,7824,7834,307888,419678
41173,7798,7808,7686,7692,403100,446962
41176,7618,7618,7422,7422,550392,466986
41177,7422,7452,7286,7350,856110,471802
41178,7330,7400,7304,7314,491932,447818
41179,7214,7318,7206,7230,447084,427796
41180,7280,7314,7254,7268,283876,414984
41190,7082,7090,6938,6966,575140,466196
41191,6988,7146,6986,7118,719694,498102
41192,7086,7156,7066,7144,574698,520590
41193,7090,7164,7058,7124,648724,553400
41194,7160,7192,7008,7016,674554,575476
41197,6946,6978,6878,6960,637336,595624
41198,6996,7052,6984,7046,370368,591832
41199,6972,7056,6972,7010,432268,587528
41200,7042,7108,7032,7076,346132,585730
41201,7126,7140,7094,7094,344738,581482
41204,7072,7128,7046,7128,345132,586444
41205,7154,7188,7108,7118,439004,576970
41206,7152,7202,7130,7200,392206,593298
41207,7206,7220,7102,7106,426300,620722
41208,7100,7126,6928,6956,734212,645508
41211,6912,6954,6870,6872,553678,660590
41212,6872,6892,6768,6800,738118,688682
41213,6798,6890,6766,6882,896082,650226
41214,6858,6924,6858,6902,472838,632516
41215,6900,6922,6788,6810,730014,640382
41218,6730,6752,6614,6624,677052,670970
41219,6644,6730,6638,6678,549372,649604
41220,6680,6720,6598,6692,730474,665608
41221,6648,6710,6624,6640,556360,671714
41222,6612,6642,6548,6554,1017324,722492
41225,6456,6480,6342,6410,967890,705072
41226,6482,6548,6472,6502,762618,692702
41227,6530,6602,6482,6596,797592,700574
41228,6602,6684,6584,6594,870774,697956
41229,6588,6626,6514,6530,743826,682860
41232,6578,6636,6568,6634,563512,661788
41233,6660,6686,6596,6634,834874,639538
41234,6674,6674,6622,6664,555028,619842
41235,6680,6680,6638,6664,487754,593028
41236,6650,6664,6570,6662,928950,604196
41239,6682,6736,6666,6716,680708,593164
41240,6730,6770,6706,6718,605680,560774
41241,6756,6772,6660,6670,815372,610140
41242,6696,6708,6638,6668,732510,598558
41243,6674,6686,6600,6682,924302,577290
41246,6674,6804,6674,6780,606348,557898
41247,6730,6758,6688,6756,723560,567918
41248,6762,6814,6736,6802,601510,579964
41249,6840,6852,6770,6786,602436,571880
41250,6798,6828,6764,6816,486160,560828
41253,6798,6872,6780,6844,600380,603572
41254,6854,6880,6782,6782,905646,665076
41255,6746,6768,6678,6680,883298,695652
41256,6688,6736,6666,6700,663190,692818
41257,6692,6794,6686,6786,588006,667146
41260,6814,6880,6800,6834,613616,679816
41261,6826,6868,6798,6822,602886,686290
41262,6778,6796,6740,6786,452960,670230
41263,6738,6770,6680,6756,690616,666414
41264,6756,6910,6728,6898,1102056,717002
41267,6922,6990,6884,6884,983318,713380
41268,6902,6952,6852,6912,865630,726904
41269,6924,6988,6894,6924,847124,742016
41270,6914,7074,6904,7072,1437920,832524
41271,7060,7080,6990,7022,977842,838542
41274,7037,7098,6976,6986,863220,776334
41278,7003,7108,6964,7100,876156,807980
41281,7035,7090,7016,7038,895192,867678
41282,7048,7060,6900,6912,1053838,826446
41283,6924,6934,6876,6882,806980,869888
41284,6910,6964,6812,6814,1203982,916352
41285,6823,6834,6714,6720,1095108,908604
41288,6772,6810,6738,6778,790214,904272
41289,6841,6874,6802,6808,770974,882062
41290,6836,6882,6826,6866,596604,842536
41291,6892,6910,6792,6802,755558,876726
41292,6815,6854,6750,6852,857070,858438
41295,6848,6882,6836,6866,540302,867772
41296,6859,6948,6859,6946,651226,870146
41297,6968,6978,6924,6954,474046,857060
41298,6923,6928,6814,6842,671954,814034
41299,6870,6894,6846,6852,451242,813196
41302,6865,6874,6806,6860,544002,818916
41303,6848,6866,6820,6844,487840,825498
41304,6844,6910,6834,6904,493192,832268
41305,6951,7006,6916,7002,603364,829988
41306,6990,7046,6978,7042,797426,874222
41309,7057,7094,7032,7040,579638,886822
41310,7028,7044,6996,7012,563248,871226
41311,7002,7038,6980,6992,359028,868068
41312,6986,6992,6934,6964,403352,842426
41313,6950,7004,6934,6940,367232,847344
41323,6878,6932,6856,6908,411796,870718
41324,6918,6980,6918,6970,433788,911148
41325,6991,7012,6976,6986,396004,901796
41326,6956,6956,6844,6900,669726,859214
41327,6882,6980,6878,6948,652006,890334
41330,6840,6840,6656,6684,942230,844234
41331,6674,6724,6602,6604,844888,791560
41332,6627,6640,6580,6636,534916,766742
41333,6640,6660,6552,6554,1072330,846268
41334,6538,6572,6512,6536,732866,799236
41337,6543,6590,6524,6568,571894,776844
41338,6602,6616,6506,6532,747390,882440
41339,6535,6590,6494,6540,733762,824426
41340,6527,6566,6500,6502,532582,834712
41341,6567,6572,6536,6546,396478,800260
41344,6548,6560,6504,6506,495714,817438
41345,6520,6526,6432,6440,647526,844750
41346,6436,6440,6270,6272,764784,852650
41347,6256,6288,6182,6196,800310,833380
41348,6208,6326,6190,6300,851466,820128
41351,6250,6284,6166,6222,619390,784560
41352,6249,6294,6249,6274,408836,794042
41353,6238,6300,6218,6286,375184,783628
41354,6316,6400,6316,6354,575492,782898
41355,6353,6388,6318,6332,503070,785348
41358,6381,6422,6354,6368,514544,773900
41359,6358,6368,6292,6314,588972,758546
41360,6342,6368,6304,6366,488956,744652
41361,6359,6368,6242,6258,672666,769674
41362,6170,6226,6072,6206,682056,738316
41365,6170,6206,6080,6082,511398,722452
41366,6091,6192,6078,6188,751552,722224
41367,6155,6258,6128,6178,938772,704628
41372,6140,6256,6134,6244,592288,742710
41373,6266,6320,6266,6296,490374,721648
41374,6327,6378,6282,6366,681936,721192
41375,6334,6362,6264,6268,663968,718782
41376,6262,6312,6244,6300,535342,721400
41379,6241,6250,6112,6154,647894,686820
41380,6078,6154,6016,6140,726114,695810
41381,6161,6198,6074,6106,559528,674838
41382,6079,6108,6020,6082,546028,674750
41383,6105,6150,6100,6118,514666,661852
41386,6089,6089,5964,5964,652460,693490
41387,5964,6052,5944,6024,687852,695112
41388,6014,6062,5936,5944,732162,685452
41389,5986,6050,5978,5990,639878,682706
41390,6032,6054,5964,5964,625254,693006
41396,5911,5911,5844,5852,428682,707704
41397,5860,5944,5860,5902,582560,709598
41400,5938,5984,5904,5972,659462,753574
41401,5939,5990,5920,5928,652182,771392
41402,5949,6018,5938,6010,722042,795982
41403,5992,6030,5970,5990,458936,814260
41404,6006,6178,6004,6152,1210572,897174
41407,6148,6202,6136,6150,868654,909754
41408,6194,6208,6128,6146,671048,889672
41409,6157,6157,5984,6000,960902,849634
41410,6026,6136,5998,6092,919742,836258
41411,6115,6152,6102,6136,643752,839916
41414,6144,6148,6076,6108,781862,851144
41415,6104,6126,6056,6100,679934,817378
41416,6109,6184,6109,6154,744180,818470
41417,6169,6178,6084,6096,608396,805982
41418,6120,6222,6112,6162,931042,847142
41421,6137,6180,6116,6176,477816,876466
41422,6190,6234,6170,6204,758336,938360
41423,6212,6292,6202,6240,834294,936712
41424,6183,6228,6150,6180,732788,924244
41425,6181,6216,6154,6168,542710,935214
41428,6190,6242,6190,6230,598926,934640
41429,6238,6240,6120,6130,743388,940356
41430,6140,6154,6090,6106,729644,950678
41431,6088,6190,6088,6162,963210,900790
41432,6186,6360,6146,6348,1830408,893398
41438,6306,6354,6258,6280,976270,908562
41439,6270,6270,6190,6220,830984,907772
41442,6230,6260,6220,6242,724360,927316
41443,6266,6314,6252,6254,666692,909794
41444,6237,6248,6196,6218,574954,939372
41445,6227,6246,6162,6176,658228,880476
41446,6093,6093,5982,5998,1048212,893200
41449,5948,6012,5914,5928,775324,835234
41450,5960,5968,5886,5928,807350,835016
41451,5913,5956,5824,5876,776898,829330
41452,5853,5858,5806,5828,506254,818272
41453,5814,5876,5796,5840,464774,830566
41456,5823,5926,5814,5904,514010,808058
41457,5892,5926,5862,5892,415838,796854
41458,5891,5912,5876,5890,366738,799384
41459,5906,5958,5906,5926,497800,808266
41460,5929,5929,5874,5892,337406,809932
41463,5928,5956,5840,5854,533408,811044
41464,5928,5928,5856,5874,315556,800434
41465,5900,5924,5830,5884,452960,802068
41466,5894,5980,5890,5932,542308,785184
41467,5908,5914,5812,5822,631034,835714
41470,5784,5784,5646,5648,881006,882906
41471,5670,5686,5620,5648,566048,876140
41472,5616,5670,5602,5626,714492,889852
41473,5604,5672,5580,5650,615732,848564
41474,5658,5682,5594,5610,477512,874724
41477,5612,5646,5584,5626,488180,871654
41478,5618,5652,5600,5644,536202,863452
41479,5592,5606,5550,5580,466728,862184
41480,5518,5548,5516,5530,413048,858474
41481,5476,5502,5380,5386,583964,846396
41484,5394,5424,5372,5374,342446,843722
41485,5334,5388,5326,5374,499824,844330
41486,5382,5488,5370,5448,751902,838514
41487,5442,5464,5418,5438,355658,827678
41488,5456,5538,5450,5530,665620,865478
41491,5512,5512,5458,5470,382718,873614
41492,5486,5492,5444,5446,308242,868634
41493,5426,5430,5354,5358,484358,864912
41494,5350,5392,5346,5360,382442,847766
41495,5368,5438,5368,5384,578762,854418
41498,5382,5456,5372,5440,567312,909284
41499,5496,5618,5494,5596,923554,839266
41500,5594,5650,5520,5534,837418,848790
41501,5554,5604,5546,5566,570118,851088
41502,5636,5698,5614,5640,600532,776914
41505,5680,5702,5642,5662,431820,765614
41506,5708,5712,5552,5570,620686,754412
41507,5572,5600,5544,5568,333310,746660
41508,5548,5594,5526,5558,407502,753820
41509,5566,5584,5536,5582,422666,765382
41512,5680,5788,5680,5788,253490,726698
41513,5876,5888,5806,5852,723654,763046
41514,5832,5866,5730,5754,610286,721344
41515,5786,5792,5594,5628,899842,724994
41516,5630,5630,5564,5586,653442,769088
41519,5614,5686,5604,5686,512164,759390
41520,5708,5730,5598,5660,649538,778946
41521,5616,5640,5590,5624,508116,804204
41522,5614,5664,5600,5614,496878,799682
41523,5634,5702,5614,5696,648482,808640
41526,5694,5724,5678,5688,390160,820468
41527,5620,5620,5498,5538,871788,850404
41528,5560,5576,5534,5572,446496,856946
41529,5546,5584,5520,5542,531474,849502
41530,5596,5622,5492,5516,676236,832724
41533,5468,5496,5428,5438,512526,833798
41534,5446,5460,5402,5458,580428,845202
41535,5452,5498,5426,5440,528430,851714
41540,5396,5424,5360,5410,328408,870692
41541,5426,5480,5418,5456,441980,868260
41542,5448,5488,5428,5444,439080,878548
41543,5442,5470,5410,5448,305310,867712
41544,5440,5460,5406,5420,422946,807410
41547,5422,5456,5408,5426,309108,786568
41555,5432,5596,5418,5544,613020,836112
41556,5566,5606,5552,5576,466446,890904
41557,5602,5682,5578,5662,725018,893384
41558,5686,5722,5656,5680,536560,906624
41561,5676,5766,5670,5738,570224,897248
41562,5740,5756,5702,5746,443996,890426
41563,5752,5782,5730,5742,530006,905806
41564,5792,5882,5788,5832,901474,878494
41565,5816,5884,5798,5876,662254,915492
41568,5944,6040,5910,6010,1056458,885496
41569,6024,6024,5956,5970,758718,844756
41570,6018,6070,5986,6048,1319924,888410
41571,6076,6082,5994,6012,1260006,875188
41572,5992,6014,5956,5980,1192000,884322
41575,5968,6014,5960,5974,672054,857882
41576,5972,6024,5946,6004,997270,851220
41577,6058,6228,6058,6226,1481854,987200
41578,6206,6232,6168,6192,1148380,938238
41579,6214,6292,6194,6290,1194906,936916
41582,6290,6292,6200,6230,970414,868436
41583,6198,6232,6140,6202,963390,863558
41584,6182,6222,6174,6192,759722,848810
41585,6174,6232,6160,6186,913114,845834
41586,6186,6200,6126,6158,777362,847712
41589,6164,6232,6108,6118,925546,782262
41590,6134,6160,6078,6154,880174,762334
41591,6212,6258,6194,6248,1073388,792278
41592,6240,6280,6220,6266,696878,800268
41593,6240,6282,6212,6220,942274,783358
41596,6196,6224,6178,6184,575758,760184
41597,6174,6208,6152,6160,827658,740782
41598,6154,6218,6140,6216,673224,770030
41599,6214,6360,6214,6320,1437362,840280
41600,6380,6440,6380,6398,1064930,837162
41603,6392,6454,6360,6410,979518,848598
41604,6380,6396,6250,6256,1337990,744680
41605,6256,6292,6230,6276,912062,723370
41606,6248,6320,6246,6280,875358,717944
41607,6300,6330,6276,6326,847638,723488
41610,6322,6330,6254,6268,931364,713938
41611,6262,6272,6186,6190,1003594,712026
41612,6174,6232,6166,6218,636314,702488
41613,6248,6262,6128,6130,1005226,718714
41614,6154,6164,6096,6154,891022,679586
41617,6170,6244,6166,6218,1154558,651500
41618,6200,6230,6168,6218,997272,635292
41619,6198,6236,6178,6236,717952,636324
41620,6226,6256,6174,6186,862526,616258
41621,6160,6160,6026,6050,1092036,629100
41624,6062,6084,6026,6030,684284,616968
41625,6062,6108,6056,6068,776556,602084
41626,6034,6080,5978,6080,984678,621656
41627,6054,6072,6008,6022,644872,605248
41628,6048,6092,6036,6050,908348,615018
41631,6062,6082,5978,6058,1071830,609592
41632,6048,6058,6004,6014,775014,597612
41633,6016,6026,5922,5932,842864,560808
41634,5930,5964,5924,5948,545908,571766
41635,5940,6072,5938,6056,956002,577348
41638,6052,6122,6034,6074,969616,582526
41639,6040,6080,6026,6048,622412,572206
41641,6086,6156,6076,6154,734882,590840
41642,6118,6122,6046,6076,629930,563298
41645,6060,6072,5972,5990,749728,552820
41646,6000,6000,5916,5948,619602,541808
41647,5934,5944,5792,5802,1018778,544526
41648,5812,5878,5782,5826,790742,528906
41649,5846,5894,5836,5862,686290,539364
41652,5876,5886,5802,5842,711844,539870
41653,5820,5868,5810,5864,522468,538118
41654,5848,5868,5786,5796,540404,567568
41655,5834,5882,5834,5856,503140,556274
41656,5856,5866,5822,5846,397840,552780
41659,5828,5962,5788,5960,948460,610786
41660,5950,5968,5910,5922,497502,595012
41661,5920,5954,5896,5902,502906,567846
41662,5892,5908,5852,5882,643320,594406
41663,5894,5920,5870,5878,401050,572028
41666,5872,5880,5790,5810,437378,563910
41667,5778,5786,5692,5692,419968,568810
41668,5738,5760,5700,5706,319120,543512
41669,5696,5734,5668,5704,263896,529494
41677,5822,5888,5822,5842,358810,512522
41680,5832,5924,5832,5908,429384,586258
41681,5914,5914,5862,5870,370350,596916
41682,5900,5918,5880,5916,301476,619292
41683,5934,6004,5924,5970,615412,670400
41684,6014,6064,6004,6062,507216,702182
41687,6022,6068,5998,6060,489802,693776
41688,6080,6116,6048,6054,733572,711562
41689,6170,6220,6132,6136,754476,743126
41690,6142,6162,6080,6158,666722,751148
41691,6194,6196,6112,6132,628486,757692
41694,6184,6216,6130,6212,975208,838946
41695,6166,6190,6142,6162,588002,813046
41696,6150,6190,6084,6188,833952,877692
41697,6240,6256,6204,6218,893120,822806
41698,6186,6186,6116,6168,627460,795448
41701,6236,6272,6216,6250,651594,802770
41702,6236,6266,6196,6202,630660,787500
41703,6274,6334,6248,6328,791290,787650
41704,6302,6316,6250,6314,653648,780522
41705,6370,6406,6350,6404,597940,776012
41708,6372,6382,6282,6382,845112,785876
41709,6322,6508,6290,6482,1324240,865522
41710,6420,6446,6352,6404,978498,815336
41711,6364,6412,6328,6380,665246,792556
41712,6342,6362,6224,6244,744720,765966
41715,6230,6240,6176,6192,617588,733052
41716,6170,6242,6158,6178,681130,729492
41717,6204,6260,6202,6250,687210,710544
41718,6226,6226,6108,6122,716034,667888
41719,6100,6180,6088,6118,664888,669774
41722,6112,6162,6098,6136,441362,672998
41723,6102,6152,6052,6106,645184,658716
41724,6118,6206,6116,6174,566054,649610
41725,6150,6232,6120,6202,649624,650720
41726,6164,6202,6144,6164,565098,648176
41729,6142,6196,6130,6150,552084,632648
41730,6158,6192,6106,6174,617884,642336
41731,6238,6344,6238,6270,714254,637810
41732,6210,6224,6160,6164,511550,627376
41733,6224,6246,6200,6238,401800,616768
41737,6182,6224,6166,6212,318836,613566
41738,6238,6260,6142,6162,688744,619454
41739,6230,6252,6130,6130,599796,633478
41740,6128,6146,6038,6070,751260,632928
41743,6080,6126,6074,6106,480790,602312
41744,6100,6122,6054,6080,545584,603530
41745,6118,6206,6110,6204,636568,593906
41746,6240,6276,6212,6230,459180,586632
41747,6184,6200,6160,6184,384758,564726
41750,6190,6240,6124,6126,456986,568222
41751,6138,6204,6116,6192,428614,582410
41752,6162,6182,6126,6154,398260,580636
41753,6142,6166,6124,6148,317578,574298
41754,6166,6216,6160,6166,451566,572046
41757,6192,6242,6182,6200,481768,573350
41758,6160,6184,6134,6180,501430,584076
41759,6174,6180,6132,6144,362672,589012
41764,6082,6086,6026,6028,465596,605704
41765,6008,6028,5990,6012,362062,600100
41766,5994,6046,5994,6026,361906,585778
41767,6030,6032,5980,5994,340340,582166
41768,6016,6020,5982,6008,252096,563044
41771,6016,6022,5978,5984,307330,577304
41772,5976,6052,5956,6046,664668,643624
41773,6042,6066,6016,6046,432160,590120
41774,6046,6090,6034,6074,441168,605836
41775,6048,6056,5994,6028,341758,579052
41778,6008,6008,5976,5986,293690,563592
41779,5962,5986,5936,5938,369314,565472
41780,5910,5940,5894,5916,382472,605218
41781,5952,5986,5944,5966,366786,604796
41782,5970,6020,5958,5994,345452,610128
41785,5964,5974,5934,5946,278032,640048
41786,5950,5986,5932,5944,411718,651256
41787,5932,6034,5928,6020,472364,690714
41788,5986,6012,5968,5972,332786,677808
41789,5952,5956,5914,5936,384356,692824
41793,5876,5892,5836,5872,250896,708554
41794,5852,5888,5848,5866,268796,698568
41795,5936,5954,5896,5896,414868,710532
41796,5886,5902,5854,5888,267668,712484
41799,5896,5922,5888,5906,197494,705610
41800,5912,5930,5872,5874,302330,707264
41801,5870,5886,5816,5826,384982,678260
41802,5804,5826,5784,5810,313512,686812
41803,5836,5872,5828,5864,397670,702660
41806,5908,5934,5852,5856,383266,689126
41807,5862,5866,5800,5848,576614,718506
41808,5844,5900,5826,5864,570706,734490
41809,5898,5902,5864,5868,406814,701096
41810,5878,5924,5866,5910,345024,685962
41813,5910,6026,5906,6010,659340,685094
41814,6004,6038,5984,6000,527186,664996
41815,6036,6080,6004,6026,794148,683678
41816,6026,6042,6002,6028,326626,700882
41817,6010,6018,5968,5972,409928,673402
41820,5954,5954,5910,5914,291214,661736
41821,5788,5828,5726,5776,525144,654904
41822,5816,5830,5786,5810,291606,660050
41823,5794,5810,5778,5782,285748,690966
41824,5788,5808,5778,5786,251218,693932
41827,5776,5824,5762,5796,572706,653484
41828,5804,5840,5782,5800,547886,660144
41829,5778,5792,5756,5778,578454,624780
41830,5778,5988,5732,5854,1282146,632452
41831,5856,5856,5786,5798,591832,598880
41834,5766,5768,5670,5710,687764,587002
41835,5684,5714,5664,5684,552662,607984
41836,5684,5742,5676,5712,559652,625076
41837,5724,5732,5706,5724,323488,619128
41838,5714,5718,5682,5702,452316,664548
41841,5720,5744,5664,5676,664908,700348
41842,5678,5682,5602,5652,640406,696766
41843,5650,5650,5568,5602,752454,715520
41844,5596,5674,5582,5654,507172,632826
41845,5696,5696,5642,5656,502586,625152
41848,5624,5668,5580,5632,729914,670742
41849,5618,5674,5618,5658,438500,664640
41850,5636,5666,5624,5660,642108,634322
41851,5664,5684,5642,5660,504776,657294
41852,5646,5664,5642,5662,327562,638828
41855,5662,5670,5618,5644,391954,638586
41856,5648,5664,5626,5638,350834,664382
41857,5620,5636,5612,5618,238272,672458
41858,5620,5656,5618,5638,313068,670784
41859,5644,5658,5624,5638,223380,669440
41862,5622,5654,5606,5626,408094,668586
41863,5590,5604,5560,5584,486490,662694
41864,5592,5596,5570,5578,315656,658138
41865,5582,5588,5428,5456,790682,659166
41866,5464,5480,5392,5398,814308,732190
41869,5392,5396,5306,5318,811922,746882
41870,5318,5334,5310,5330,329736,705244
41871,5308,5308,5260,5276,590910,726456
41872,5260,5324,5254,5286,870852,737392
41873,5278,5300,5266,5280,344818,738836
41876,5240,5240,5134,5204,1167146,747970
41877,5236,5256,5188,5194,568916,758418
41878,5204,5284,5142,5248,1380560,755102
41879,5212,5238,5194,5228,565634,751076
41880,5222,5242,5198,5222,438998,731680
41883,5176,5194,5152,5184,609768,710336
41884,5188,5226,5168,5212,478902,736674
41885,5222,5264,5202,5218,531120,712616
41886,5230,5252,5210,5222,504072,729990
41887,5278,5294,5232,5256,552522,753376
41891,5258,5276,5210,5214,212664,736908
41892,5218,5220,5118,5154,834106,750608
41893,5172,5202,5154,5186,578154,767552
41894,5210,5226,5178,5220,660246,805104
41897,5230,5280,5204,5262,623322,810960
41898,5244,5322,5214,5252,848664,796918
41899,5256,5274,5238,5264,509424,820536
41900,5284,5312,5276,5302,744254,839352
41901,5274,5284,5206,5220,630794,788920
41904,5198,5220,5088,5102,886152,663198
41905,5108,5162,5060,5142,1290052,658506
41906,5154,5186,5152,5162,617416,700572
41907,5194,5282,5186,5266,1018476,692110
41908,5288,5292,5170,5232,1336454,747838
41911,5188,5202,5166,5182,551682,694078
41912,5202,5266,5192,5256,632060,715032
41920,5250,5284,5230,5256,253326,701356
41921,5260,5300,5236,5292,555648,734652
41922,5278,5278,5208,5244,927498,785788
41925,5232,5240,5198,5226,1006070,820628
41926,5210,5280,5194,5270,788072,830654
41927,5264,5320,5220,5240,1436054,818714
41928,5216,5230,5180,5184,777540,793190
41929,5174,5230,5168,5198,1248088,755832
41932,5208,5214,5138,5148,635644,754730
41933,5150,5160,5116,5122,693716,742290
41934,5126,5152,5116,5146,647912,704582
41935,5164,5198,5156,5180,719968,695270
41936,5180,5216,5178,5190,603660,667526
41939,5186,5192,5136,5154,407354,644120
41940,5144,5170,5130,5168,376680,643030
41941,5202,5316,5188,5312,1265032,733366
41942,5330,5432,5314,5392,1870626,788648
41943,5376,5456,5352,5450,1262782,820466
41946,5424,5474,5410,5436,1359762,792130
41947,5458,5466,5358,5382,1152166,736344
41948,5344,5346,5212,5214,1538008,641432
41949,5228,5284,5202,5262,1304898,578690
41950,5224,5330,5224,5304,1228730,572132
41953,5266,5336,5250,5334,1116800,530218
41954,5356,5394,5298,5318,1129020,540060
41955,5354,5418,5354,5390,1196872,518282
41956,5380,5412,5326,5350,1243318,536716
41957,5332,5364,5312,5312,1293144,542668
41960,5302,5360,5298,5320,1048466,541918
41961,5328,5344,5268,5314,868582,532002
41962,5342,5354,5298,5324,990852,544934
41963,5322,5332,5260,5270,914604,584782
41964,5276,5296,5264,5288,800934,567606
41967,5338,5350,5290,5290,1172452,582904
41968,5284,5318,5270,5302,837424,559130
41969,5324,5332,5288,5292,726000,546148
41970,5312,5320,5262,5316,779306,522238
41971,5292,5304,5186,5190,1229296,624776
41974,5200,5208,5028,5028,1032310,607882
41975,5046,5148,5026,5056,1564962,595668
41976,5046,5108,4980,5042,1862446,655846
41977,5060,5080,5020,5036,1244136,674390
41978,5018,5048,5000,5042,1189444,665538
41981,5044,5064,5034,5038,950486,652210
41982,5022,5032,4988,5010,1099380,628790
41983,5004,5060,5004,5046,1146022,669502
41984,5050,5078,4992,5000,1168382,661932
41985,5032,5056,5004,5012,887598,618816
41988,5006,5050,4994,5028,837258,582490
41989,5022,5038,4950,4952,872942,650090
41990,4928,4976,4920,4940,755694,625574
41991,4940,4970,4892,4926,875066,626762
41992,4950,4972,4894,4912,652008,627474
41995,4922,4958,4912,4950,633878,619942
41996,4948,4948,4916,4924,421360,630968
41997,4940,4966,4920,4932,635090,647334
41998,4924,4946,4922,4936,276914,637406
41999,4940,4958,4930,4936,276916,636250
42002,4956,5100,4948,5066,920638,640246
42003,5066,5132,5050,5084,621460,625564
42004,5072,5100,5054,5082,409220,609844
42009,5046,5054,4986,5010,259216,617072
42010,5002,5052,4988,5040,438662,615034
42011,5042,5068,5008,5028,385610,608454
42012,5070,5090,5040,5066,513536,619708
42013,5088,5100,5044,5056,472594,616118
42016,5054,5080,5048,5064,249142,622902
42017,5060,5060,4978,4986,326970,626680
42018,4990,5012,4928,4942,399570,623326
42019,4932,4976,4904,4960,472304,646238
42020,4964,5000,4924,4946,410208,640680
42023,4946,4990,4772,4904,796064,556116
42024,4888,4920,4874,4896,336984,565340
42025,4902,4936,4878,4900,447596,592450
42026,4876,4914,4872,4882,340140,596544
42027,4896,4898,4854,4864,425592,614856
42030,4852,4870,4830,4830,303434,605268
42031,4836,4856,4804,4808,457942,652522
42032,4818,4832,4766,4792,440382,665686
42033,4798,4800,4712,4732,540970,727376
42034,4698,4718,4596,4634,835090,765294
42037,4660,4686,4610,4668,478856,767622
42038,4690,4724,4674,4712,410162,771680
42039,4720,4790,4710,4720,525326,766380
42040,4748,4800,4704,4772,721638,770074
42041,4868,4922,4822,4868,1104200,723286
42044,4908,4908,4856,4894,620128,745418
42045,4868,4916,4866,4912,410614,733404
42046,4886,4912,4872,4904,363674,707716
42047,4886,4894,4850,4854,478402,667894
42048,4868,4954,4860,4950,484486,660832
42051,4948,4992,4938,4962,329400,623508
42052,4962,4978,4956,4962,120178,605142
42060,4936,4936,4798,4900,190254,600534
42061,4906,4932,4894,4920,215060,621066
42062,4932,5044,4922,5040,581288,706112
42065,5044,5106,5036,5094,691306,710878
42066,5090,5146,5016,5040,787790,682016
42067,5058,5102,5038,5066,519464,706802
42068,5040,5042,4954,4982,518082,656978
42069,4956,4960,4884,4886,411688,637978
42072,4900,4908,4848,4900,444290,640936
42073,4878,4888,4812,4818,603384,619512
42074,4812,4830,4774,4812,559478,653244
42075,4836,4846,4786,4800,408626,650216
42076,4790,4806,4758,4770,411282,647978
42079,4766,4770,4598,4696,605250,604246
42080,4700,4728,4694,4708,430700,629816
42081,4654,4662,4622,4648,736392,722382
42082,4682,4794,4678,4760,920156,698298
42083,4748,4770,4696,4704,676450,735180
42086,4666,4750,4660,4736,805000,763448
42087,4738,4794,4716,4738,756792,771124
42088,4748,4756,4720,4722,486966,773562
42089,4754,4770,4704,4758,644070,769114
42090,4756,4768,4686,4698,558628,758944
42093,4710,4716,4650,4672,510226,735220
42094,4690,4694,4642,4654,452552,717098
42095,4638,4704,4630,4660,428878,733918
42096,4662,4696,4624,4680,622892,751914
42097,4662,4688,4656,4686,343694,725224
42101,4716,4784,4716,4754,320046,718546
42102,4734,4738,4698,4720,324612,728512
42103,4704,4708,4656,4664,394506,710520
42104,4642,4680,4630,4636,436002,708868
42107,4652,4694,4644,4684,489142,732990
42108,4676,4690,4640,4648,396612,745860
42109,4672,4738,4668,4722,800746,780278
42110,4706,4802,4694,4764,941834,792282
42111,4746,4776,4736,4744,425750,798888
42114,4752,4850,4750,4848,961492,850538
42115,4826,4924,4814,4916,1061982,841126
42116,4910,4932,4854,4894,878070,837140
42117,4898,4922,4870,4878,1005350,817628
42118,4896,4928,4856,4864,1036126,813478
42121,4866,4920,4830,4904,924388,885056
42122,4884,4928,4856,4866,970772,878828
42123,4868,4890,4830,4852,698010,884912
42124,4858,4902,4836,4878,725708,929340
42128,4870,4986,4854,4976,795142,954094
42129,4986,5086,4980,5044,1249034,870402
42130,5066,5198,5050,5158,1466500,915100
42131,5150,5164,5070,5104,1027380,917506
42132,5094,5094,5002,5008,935614,896600
42135,5032,5100,5018,5094,791184,910946
42136,5106,5130,5064,5094,953928,949774
42137,5124,5188,5120,5132,1292068,966118
42138,5126,5136,5068,5122,909364,993714
42139,5136,5178,5120,5158,1195082,1025400
42142,5128,5128,5080,5116,755096,988038
42143,5112,5114,5020,5040,702454,959268
42144,5014,5014,4876,4924,1076520,889822
42145,4932,4966,4910,4934,643218,904096
42146,4954,4986,4932,4960,589046,892558
42149,4920,4954,4896,4940,578028,911374
42150,4950,5114,4940,5080,1205630,978266
42151,5072,5142,5062,5106,1243944,1027196
42152,5084,5210,5072,5182,1724628,1089720
42153,5176,5196,5134,5148,1200688,1067038
42156,5164,5316,5150,5258,2139716,1111476
42157,5306,5334,5276,5324,1515710,1121958
42158,5306,5358,5218,5240,1615290,1073970
42159,5254,5286,5174,5244,1475340,1020850
42160,5258,5306,5192,5288,1356458,1069734
42163,5298,5326,5250,5270,1364656,1097452
42164,5246,5274,5132,5178,1438710,1049458
42165,5210,5228,5148,5180,1176528,1040562
42166,5202,5214,5152,5192,1054246,993426
42167,5180,5200,5078,5082,1304296,874498
42170,5108,5136,5060,5088,806880,831804
42171,5086,5158,5066,5152,921848,831212
42172,5152,5170,5094,5142,999230,819950
42173,5138,5164,5034,5038,1047488,773088
42174,5030,5076,5000,5068,808362,744950
42178,5098,5112,5024,5044,456802,741452
42179,5030,5102,5006,5092,868920,776912
42180,5118,5160,5098,5108,960134,762336
42181,5122,5158,5044,5082,1068220,722658
42184,5128,5156,5034,5064,979376,692990
42185,5074,5078,4930,4980,1011894,636370
42186,4980,5170,4966,5102,851512,644592
42187,5116,5116,5028,5084,702018,628742
42188,5076,5128,5070,5088,699098,633338
42191,5086,5088,4904,4964,893832,588296
42192,4960,5002,4896,4920,797524,569580
42193,4888,4890,4748,4752,566536,479544
42194,4626,4878,4502,4780,1363968,453298
42195,4826,4894,4804,4894,629698,470510
42198,4876,4936,4802,4864,704726,445936
42199,4862,4996,4838,4928,977094,464390
42200,4922,4974,4890,4910,774370,480434
42201,4894,4914,4818,4862,635452,490780
42202,4882,4908,4806,4852,591072,494210
42205,4824,4892,4808,4888,681826,516440
42206,4890,4958,4872,4958,951322,571730
42207,4964,4980,4906,4946,784970,553424
42208,4916,4922,4860,4876,668332,537602
42209,4872,4898,4842,4860,540748,520206
42212,4852,4874,4738,4758,728890,487776
42213,4720,4782,4692,4750,611436,484136
42214,4758,4818,4756,4780,545166,482612
42215,4756,4786,4740,4754,539136,505628
42216,4794,4800,4744,4752,549756,529632
42219,4736,4764,4636,4646,713982,536544
42220,4736,4764,4598,4648,762474,550576
42221,4664,4678,4628,4646,519834,557572
42222,4642,4642,4550,4562,637208,579910
42223,4578,4598,4492,4574,799434,585416
42226,4564,4622,4534,4568,728270,606960
42227,4562,4700,4556,4644,1243906,626802
42228,4624,4680,4602,4676,826974,618158
42229,4672,4726,4508,4630,1048050,629852
42230,4616,4664,4588,4592,900766,658694
42233,4582,4624,4582,4614,633964,683042
42234,4626,4636,4558,4576,626106,703672
42235,4586,4586,4508,4554,774660,655512
42236,4550,4560,4458,4458,826664,706642
42237,4484,4492,4432,4446,925422,727816
42240,4432,4440,4282,4282,995702,679316
42241,4186,4226,4096,4132,1492486,620494
42242,4226,4264,4128,4150,1005248,647264
42243,4146,4208,4090,4200,1048248,660162
42244,4226,4310,4214,4310,1097008,582392
42247,4328,4328,4244,4284,1084272,595448
42248,4254,4370,4246,4332,939242,582132
42249,4316,4330,4254,4270,632200,566728
42254,4254,4276,4224,4240,386344,598686
42255,4270,4310,4258,4308,546912,599728
42256,4324,4388,4324,4340,802042,592798
42257,4350,4372,4302,4360,959468,659626
42258,4376,4418,4356,4362,869416,658680
42261,4340,4370,4296,4364,963988,681412
42262,4392,4432,4316,4318,1463176,686826
42263,4320,4340,4272,4334,1545018,707690
42264,4350,4360,4300,4306,1065022,699944
42265,4290,4332,4284,4294,942626,692326
42268,4280,4326,4242,4324,936506,691964
42269,4328,4360,4300,4310,1247546,816898
42270,4290,4354,4286,4322,1272364,925408
42271,4360,4416,4352,4416,1335682,968856
42272,4402,4542,4400,4500,2165932,980362
42275,4562,4572,4506,4524,1065952,884658
42276,4546,4550,4412,4448,1551270,718188
42277,4486,4522,4464,4510,1026826,680768
42285,4486,4578,4464,4508,-376362,721388
42286,4514,4560,4470,4546,1200618,820130
42289,4540,4658,4512,4626,1555622,884926
42290,4624,4698,4562,4690,1676264,909576
42291,4690,4706,4648,4664,1315530,874142
42292,4696,4714,4648,4688,1230348,887258
42293,4668,4678,4616,4648,1402156,860698
42296,4636,4646,4588,4594,1126562,851692
42297,4572,4586,4506,4548,1342274,865786
42298,4562,4606,4558,4574,1337876,907096
42299,4592,4654,4580,4650,1224018,940024
42300,4652,4662,4568,4588,1449554,871656
42304,4482,4506,4430,4496,1389890,954376
42305,4516,4516,4438,4468,1482594,970520
42306,4482,4524,4468,4470,1245716,979792
42307,4488,4498,4438,4444,1134932,1006776
42310,4446,4500,4408,4484,1204756,989150
42311,4456,4462,4386,4388,1173144,969500
42312,4396,4442,4382,4436,1197140,1033982
42313,4446,4468,4408,4422,1274452,1063204
42314,4418,4422,4296,4330,2218790,1100576
42317,4328,4356,4310,4332,1109592,1065778
42318,4362,4364,4282,4320,975298,1090574
42319,4316,4318,4224,4248,2040168,1106714
42321,4258,4282,4238,4258,955272,1055166
42324,4224,4252,4222,4232,388086,1060834
