39069,8500,8974,8500,8832,49396,7782
39070,8825,8914,8776,8867,49906,9140
39071,8907,8934,8873,8918,26180,10696
39072,8900,8908,8848,8870,19754,9884
39073,8862,8882,8784,8880,10300,9320
39076,8873,9085,8867,9058,36114,14818
39077,9081,9098,9023,9091,39400,16492
39078,9025,9061,8953,8959,36428,18384
39079,8945,8946,8804,8809,33754,18412
39080,8797,8868,8740,8841,33208,14910
39086,8638,8728,8495,8716,36272,14420
39087,8638,8784,8593,8764,40260,16322
39090,8789,8817,8725,8731,36316,15234
39091,8708,8802,8697,8761,31788,16708
39092,8777,8800,8731,8736,32546,16952
39093,8679,8770,8679,8726,22940,15410
39094,8715,8746,8642,8661,18756,15876
39097,8711,8753,8681,8686,16500,16434
39098,8693,8719,8610,8614,19408,17180
39099,8572,8632,8464,8479,24778,20284
39100,8521,8521,8349,8363,31584,22546
39101,8334,8383,8250,8344,47930,21210
39104,8369,8385,8103,8125,64642,30284
39105,8061,8173,8059,8155,62192,25760
39106,8214,8304,8175,8248,55592,21884
39107,8246,8276,8209,8245,34692,22506
39108,8240,8280,8224,8275,20956,21702
39111,8299,8328,8200,8210,30758,23886
39112,8163,8215,8116,8188,30320,25214
39113,8285,8311,8245,8269,29792,25686
39114,8275,8314,8267,8281,25954,25774
39115,8265,8329,8192,8195,41346,24462
39118,8228,8249,8155,8183,34598,24506
39119,8173,8230,8173,8214,24230,24472
39120,8232,8289,8218,8274,28676,23464
39121,8237,8283,8215,8252,29506,24336
39122,8290,8364,8277,8302,44752,25464
39125,8269,8348,8267,8344,27544,21434
39126,8296,8413,8296,8403,24732,21974
39127,8430,8462,8400,8439,46394,27322
39128,8415,8438,8398,8413,20824,25642
39129,8411,8431,8394,8420,8600,24114
39139,8485,8533,8407,8414,28838,26532
39140,8394,8420,8365,8401,15058,25906
39141,8356,8411,8318,8398,13630,24784
39142,8434,8458,8398,8456,16510,22902
39143,8438,8516,8430,8513,20996,24860
39146,8478,8507,8440,8459,15072,23096
39147,8445,8460,8404,8460,8638,21720
39148,8474,8508,8465,8484,10190,22766
39149,8508,8509,8457,8477,9486,22962
39150,8462,8472,8399,8422,9868,22370
39153,8408,8427,8349,8368,18710,23232
39154,8379,8403,8361,8378,10778,24194
39155,8369,8377,8332,8363,10336,22304
39156,8383,8411,8376,8391,8262,24428
39157,8335,8377,8309,8377,9272,25288
39160,8384,8422,8369,8390,9308,25704
39161,8395,8401,8362,8378,8310,25908
39162,8381,8399,8369,8371,8528,26732
39163,8381,8404,8379,8387,11306,26594
39164,8414,8439,8412,8419,14764,25578
39167,8427,8427,8387,8391,6998,25300
39168,8409,8409,8322,8330,11116,26100
39169,8350,8389,8313,8373,13380,25624
39170,8377,8383,8341,8344,5498,24598
39171,8374,8409,8370,8378,14106,23202
39174,8300,8516,8300,8515,21334,23194
39175,8518,8630,8478,8615,33870,29374
39176,8583,8655,8560,8617,31854,35530
39177,8616,8643,8591,8624,16464,37494
39178,8616,8663,8580,8604,28832,40250
39181,8610,8660,8570,8634,22222,44586
39182,8589,8615,8560,8606,17284,43896
39183,8615,8652,8596,8634,21424,47578
39184,8637,8757,8630,8744,47608,56762
39185,8780,8870,8780,8828,44746,56172
39188,8860,8976,8860,8942,39846,51904
39189,8933,8956,8901,8909,19224,53090
39190,8939,8985,8715,8838,49450,54384
39191,8851,8867,8680,8767,27224,53774
39192,8751,8843,8750,8785,22402,55304
39195,8826,8882,8809,8819,12852,54640
39196,8928,8928,8871,8879,14204,56920
39197,8821,8876,8821,8849,8958,56324
39198,8902,8941,8876,8926,20620,58838
39199,8924,8962,8888,8899,20148,55564
39202,8932,8933,8901,8914,14742,51992
39210,8801,8858,8777,8828,7820,50562
39211,8829,8865,8792,8814,8480,50368
39212,8739,8802,8739,8778,6162,50638
39213,8791,8791,8644,8682,23508,48254
39216,8691,8855,8656,8844,20108,51230
39217,8863,8924,8824,8892,23250,54540
39218,8925,8925,8833,8868,14218,55058
39219,8836,8863,8791,8817,20334,56228
39220,8923,8923,8842,8872,13364,56680
39223,8876,8890,8801,8845,10886,52154
39224,8898,8917,8862,8883,12396,52770
39225,8847,8872,8785,8870,14432,50394
39226,8895,8937,8866,8923,16778,53418
39227,8862,8950,8862,8950,15822,56060
39230,8972,9036,8929,8948,18730,55910
39231,8957,8957,8875,8881,11762,54850
39232,8854,8878,8835,8857,7258,54770
39233,8884,8884,8825,8857,7308,53736
39234,8860,8892,8691,8739,20338,54170
39237,8744,8765,8649,8655,12402,53886
39238,8693,8701,8650,8683,9836,52966
39239,8696,8699,8649,8692,10000,52124
39240,8687,8689,8557,8568,15334,54140
39241,8579,8579,8391,8476,23888,49236
39244,8443,8543,8432,8505,8458,49880
39245,8501,8515,8488,8493,8756,49282
39246,8457,8506,8454,8504,7584,47462
39247,8494,8552,8453,8491,3636,33070
39248,8573,8603,8517,8590,7448,31538
39251,8630,8667,8613,8615,6948,32194
39252,8668,8681,8629,8646,6438,32228
39253,8622,8734,8569,8570,4680,33682
39254,8511,8593,8499,8573,5598,33438
39255,8565,8573,8515,8524,6530,34544
39258,8516,8532,8459,8461,3610,34904
39259,8428,8494,8428,8463,3538,34342
39260,8409,8466,8409,8420,4914,35446
39261,8414,8421,8326,8341,4388,35718
39262,8337,8356,8267,8327,4380,35376
39265,8321,8455,8203,8399,5078,35338
39266,8387,8441,8351,8435,3964,34280
39267,8460,8491,8443,8451,4722,33846
39268,8495,8495,8431,8439,4428,32756
39269,8448,8467,8414,8421,2380,32078
39272,8461,8503,8452,8486,4036,31630
39273,8488,8488,8428,8444,3244,32002
39274,8442,8487,8439,8476,3012,31326
39275,8485,8520,8475,8497,4038,30688
39276,8546,8564,8498,8524,4886,14506
39279,8634,8702,8634,8690,2112,14236
39280,8677,8700,8642,8651,1952,14544
39281,8639,8657,8602,8602,3242,15340
39282,8601,8647,8601,8606,1306,15696
39283,8618,8705,8618,8667,3390,15962
39286,8689,8689,8613,8647,1334,15966
39287,8639,8640,8596,8639,1162,15784
39288,8611,8632,8601,8630,786,15656
39289,8670,8670,8621,8621,2720,16534
39290,8617,8625,8581,8602,884,16704
39293,8600,8643,8576,8581,2660,16602
39294,8572,8586,8476,8476,3052,16144
39295,8519,8519,8419,8453,1890,15678
39296,8441,8473,8434,8444,634,15440
39297,8443,8465,8402,8455,536,15304
39300,8411,8432,8368,8394,1100,15778
39301,8314,8374,8314,8353,1308,15900
39302,8353,8355,8287,8291,2024,15738
39303,8227,8297,8227,8260,3372,16114
39304,8261,8261,8188,8206,1772,16074
39307,8246,8256,7983,8002,4278,15564
39308,7993,8047,7932,8038,8192,13474
39309,8052,8118,8034,8085,2756,14286
39310,8081,8125,8069,8125,2566,14574
39311,8040,8110,8024,8084,2392,14666
39314,8088,8104,8047,8047,1392,14666
39315,8040,8075,7944,8073,4764,15676
39316,8063,8063,8019,8034,2552,15810
39317,8031,8032,7977,7993,1536,16026
39318,7966,7982,7965,7966,2386,16878
39321,7946,7991,7924,7980,3278,17328
39322,7979,8003,7967,7980,2924,18128
39323,7963,7964,7925,7947,2472,18512
39324,7956,8000,7765,7889,3286,19656
39325,7927,8025,7844,8012,6634,22330
39328,7988,8200,7973,8199,14066,26724
39329,8151,8197,8078,8119,17454,31088
39330,8174,8221,8114,8121,10486,32640
39331,8153,8165,8086,8143,7508,33412
39332,8130,8202,8130,8184,12210,35104
39335,8298,8328,8132,8149,6890,34696
39336,8160,8237,8034,8044,27866,37078
39337,8067,8098,7973,8033,15500,37384
39338,8049,8164,8049,8081,15390,38048
39339,8091,8125,8051,8063,6982,38192
39342,8168,8170,8074,8100,8026,30644
39343,8146,8283,8126,8280,46118,43028
39344,8311,8334,8207,8231,44436,50408
39345,8237,8263,8159,8165,21598,50682
39346,8189,8252,8145,8192,28814,49622
39349,8240,8240,8133,8146,28038,54978
39350,8137,8137,7995,8002,42886,61992
39351,7993,8019,7880,7880,40530,68820
39352,7897,7922,7857,7906,26436,65212
39353,7938,7938,7886,7903,22458,61936
39363,7743,7889,7742,7763,22822,65028
39364,7741,7843,7733,7790,32900,71138
39365,7793,7828,7647,7655,51254,78774
39366,7674,7688,7618,7646,38646,82036
39367,7666,7830,7648,7827,127582,98964
39370,7852,7890,7793,7804,117392,117520
39371,7824,7885,7767,7851,167010,145790
39372,7844,7891,7809,7820,182074,177922
39373,7821,7845,7588,7605,225980,176784
39374,7618,7664,7588,7622,125850,157054
39377,7592,7700,7521,7540,208126,162180
39378,7559,7568,7424,7444,165952,163794
39379,7425,7480,7419,7451,87784,155736
39380,7476,7495,7372,7423,135650,143440
39381,7449,7481,7409,7464,144728,143528
39384,7482,7589,7453,7570,169508,157378
39385,7562,7586,7455,7471,113550,137232
39386,7456,7574,7378,7480,133608,143694
39387,7543,7567,7456,7473,105304,150744
39388,7440,7530,7425,7495,123230,149228
39391,7510,7553,7482,7552,103602,158574
39392,7558,7685,7540,7666,193952,179618
39393,7716,7729,7657,7674,157136,177558
39394,7650,7770,7644,7750,181246,187166
39395,7753,7765,7593,7684,177332,181494
39398,7659,7778,7651,7736,182846,194840
39399,7735,7759,7688,7729,147580,198126
39400,7695,7732,7665,7689,118962,211654
39401,7739,7739,7517,7518,202382,200184
39402,7494,7537,7353,7387,188166,166810
39405,7413,7509,7333,7463,144070,139016
39406,7429,7483,7389,7444,124216,138004
39407,7478,7501,7432,7462,86352,135514
39408,7440,7497,7367,7380,180328,121890
39409,7350,7416,7297,7356,111588,127814
39412,7377,7448,7359,7378,120986,137072
39413,7342,7398,7326,7365,64278,135580
39414,7346,7431,7342,7397,109718,135106
39415,7405,7416,7331,7348,78626,129896
39416,7317,7356,7227,7243,77910,130410
39419,7231,7249,7084,7110,72428,117046
39420,7091,7128,7042,7048,54690,114396
39421,7019,7057,6907,7042,101526,109350
39422,7030,7123,7002,7099,76094,111712
39423,7110,7150,7104,7132,49546,111022
39426,7115,7134,7047,7116,44188,109120
39427,7110,7199,7109,7161,56468,112178
39428,7150,7223,7115,7163,65262,115416
39429,7208,7237,7174,7192,49944,113394
39430,7160,7193,7141,7183,31612,82266
39433,7330,7337,7215,7219,79502,92244
39434,7195,7230,7020,7058,88424,106548
39435,7032,7093,6974,7062,75104,112168
39436,7064,7085,7018,7045,54298,112894
39437,7028,7063,7023,7039,28368,111564
39440,7082,7331,7049,7235,184960,122470
39441,7237,7389,7121,7354,233788,132176
39442,7370,7453,7297,7307,201112,152804
39443,7327,7366,7255,7309,130498,148210
39444,7325,7362,7270,7317,119186,149236
39449,7324,7352,7275,7294,117480,139838
39450,7327,7422,7302,7361,201502,133254
39451,7375,7426,7360,7378,191444,147560
39454,7342,7384,7320,7368,73518,142194
39455,7356,7473,7356,7455,189072,148554
39456,7477,7518,7426,7498,121922,140600
39457,7461,7491,7395,7408,77614,138094
39458,7377,7402,7294,7310,99976,134194
39461,7305,7381,7299,7376,52606,136856
39462,7388,7403,7331,7367,64284,120476
39463,7358,7414,7347,7407,81290,114954
39464,7426,7624,7399,7585,171202,119368
39465,7557,7580,7511,7552,120984,121794
39468,7563,7568,7421,7423,124124,114958
39469,7358,7414,7262,7400,110812,97440
39470,7447,7497,7336,7446,86696,97584
39471,7385,7495,7382,7475,48690,95582
39472,7499,7527,7448,7461,41598,98922
39475,7432,7496,7420,7447,41644,94874
39476,7468,7516,7443,7475,39034,97586
39477,7481,7506,7443,7454,44670,97788
39478,7451,7549,7415,7437,73870,88544
39479,7389,7468,7388,7455,23126,84396
39482,7430,7489,7428,7487,21080,83988
39483,7476,7585,7476,7536,20836,84638
39491,7434,7684,7434,7660,78578,104972
39492,7594,7678,7594,7647,52588,106430
39493,7669,7746,7652,7735,90138,122362
39496,7751,7805,7715,7768,95400,135850
39497,7768,7794,7646,7679,63872,128834
39498,7710,7773,7675,7724,61878,128998
39499,7730,7833,7730,7810,65090,131880
39500,7805,7851,7789,7817,51428,124498
39503,7942,7962,7783,7821,46812,122820
39504,7832,7962,7783,7835,62798,124892
39505,7852,7974,7843,7969,61090,128860
39506,7945,8085,7942,8061,83760,130518
39507,8070,8135,8038,8084,58748,134816
39510,8152,8166,8057,8116,84984,151254
39511,8115,8174,8016,8069,87364,143036
39512,8033,8083,8021,8061,37948,136612
39513,8102,8140,8073,8090,45744,130842
39514,8085,8140,8071,8097,49496,123788
39517,8160,8174,7964,8023,53068,120294
39518,8043,8093,8026,8081,39592,121160
39519,8089,8164,7992,8059,71896,120780
39520,8120,8120,8070,8094,31196,122912
39521,8096,8127,8052,8101,33978,121830
39524,8160,8333,8158,8299,87676,88420
39525,8173,8247,7983,8197,148868,91998
39526,8250,8288,8223,8268,57754,87890
39527,8130,8280,8126,8267,86228,91018
39528,8264,8315,8238,8294,43538,92406
39531,8292,8324,8261,8277,43554,95412
39532,8288,8300,8242,8272,40642,102662
39533,8274,8300,8243,8257,38518,109798
39534,8291,8295,8187,8190,46510,112576
39535,8197,8253,8149,8236,35214,113470
39538,8198,8237,8183,8213,17124,111862
39539,8189,8200,8044,8051,57588,118522
39540,8084,8106,8009,8049,30680,114172
39541,8097,8097,8052,8082,19054,109272
39545,8102,8102,8026,8044,20440,108980
39546,8015,8084,8014,8042,22628,106752
39547,8050,8054,8008,8032,13094,103348
39548,8057,8071,8021,8028,21522,101726
39549,7965,8008,7827,7883,43928,98730
39552,7858,7890,7854,7884,10378,98570
39553,7901,7974,7851,7902,13730,92932
39554,7897,7908,7872,7880,10370,93684
39555,7906,7925,7880,7884,10998,93662
39556,7877,7893,7838,7858,11652,92218
39559,7836,7935,7729,7751,25146,91962
39560,7752,7781,7670,7704,14122,89774
39561,7735,7783,7717,7780,15960,90112
39562,7841,8018,7789,7987,74020,104148
39563,8011,8049,7948,7997,47862,107898
39566,8064,8065,7980,7994,25810,107380
39567,8003,8018,7964,7981,13478,106668
39568,7974,8078,7956,7992,33202,107732
39573,7966,8008,7908,7938,23982,107388
39574,7938,8029,7919,8010,21158,107740
39575,8035,8066,8021,8033,17688,105966
39576,8051,8155,7993,8005,36410,114132
39577,8011,8078,8011,8070,16062,114180
39580,8081,8139,8081,8100,14236,114854
39581,8117,8136,8063,8130,15532,114122
39582,8157,8190,8124,8151,19024,111266
39583,8147,8280,8147,8271,39384,113370
39584,8298,8371,8293,8338,22304,70344
39587,8458,8524,8405,8411,13808,69236
39588,8382,8455,8381,8411,13712,67236
39589,8460,8637,8460,8618,52906,72542
39590,8663,8707,8627,8683,26804,74082
39591,8622,8763,8622,8759,40572,79730
39594,8786,8948,8782,8839,67352,86352
39595,8854,8890,8696,8816,71928,87560
39596,8733,8850,8639,8688,77432,92052
39597,8720,8792,8679,8767,85312,71284
39598,8711,8864,8710,8849,80160,70986
39601,8890,9015,8888,8955,114088,63688
39602,8977,9085,8951,9078,82826,68964
39603,9048,9276,9012,9161,218180,83792
39604,9159,9257,9142,9257,178078,92410
39605,9335,9353,9229,9265,151038,92792
39609,9366,9462,9337,9461,128022,101050
39610,9446,9448,9262,9342,201954,99878
39611,9448,9546,9334,9467,336968,110316
39612,9484,9809,9483,9755,375504,120638
39615,9823,9877,9723,9799,252622,141272
39616,9792,9820,9651,9684,219432,143896
39617,9674,9786,9611,9737,222666,138022
39618,9776,9906,9680,9682,262496,120906
39619,9642,9663,9429,9629,311974,132444
39622,9675,9751,9486,9526,267906,130730
39623,9553,9576,9359,9403,314518,120598
39624,9419,9521,9320,9427,288010,126446
39625,9393,9499,9363,9407,302196,127012
39626,9617,9626,9434,9470,225844,117394
39629,9533,9535,9359,9407,191598,112162
39630,9411,9509,9392,9497,180986,125630
39631,9531,9636,9512,9598,179924,130628
39632,9642,9651,9478,9537,188036,113470
39633,9579,9611,9545,9597,115004,110510
39636,9601,9624,9505,9573,187004,112356
39637,9530,9580,9501,9543,88900,109062
39638,9475,9487,9375,9417,131634,103650
39639,9409,9453,9287,9332,145578,108444
39640,9400,9405,9336,9380,108176,96512
39643,9360,9427,9339,9381,78004,90278
39644,9388,9426,9294,9305,108390,92846
39645,9210,9288,9203,9278,132660,88424
39646,9311,9510,9262,9510,318812,131594
39647,9464,9477,9310,9358,336800,123064
39650,9313,9390,9288,9334,186360,115900
39651,9316,9325,9228,9250,172190,108732
39652,9183,9224,9101,9132,194034,88820
39653,9052,9115,8921,9110,158080,109820
39654,9112,9182,9067,9153,118830,125612
39657,9148,9162,9005,9085,135300,138236
39658,9125,9183,9101,9130,134356,143874
39659,9081,9106,8984,9068,131446,151328
39660,9122,9151,9056,9103,90112,149486
39661,9055,9140,9047,9135,110882,155264
39664,9173,9317,9159,9315,109368,157474
39665,9243,9289,8951,9012,480490,179788
39666,9026,9100,8930,8998,252324,177240
39667,8987,9000,8793,8898,337736,185510
39668,8902,8938,8843,8879,144230,178016
39671,8817,8817,8644,8690,163282,171100
39672,8675,8803,8654,8802,112152,175578
39673,8810,8929,8791,8849,110876,186408
39674,8932,8950,8570,8657,157304,200024
39675,8580,8712,8569,8687,122378,205070
39678,8780,8924,8725,8894,78772,204768
39679,8845,8868,8779,8839,65024,202730
39680,8895,8919,8859,8904,84126,204130
39681,8945,9055,8711,8820,147302,175838
39682,8938,8944,8822,8890,69274,167870
39685,8772,8830,8607,8688,91688,148582
39686,8694,8831,8547,8825,115016,139990
39687,8782,8824,8699,8736,71232,135412
39688,8750,8756,8688,8730,58678,135362
39689,8697,8795,8661,8719,36640,126492
39692,8713,8727,8689,8717,19574,124330
39693,8633,8699,8632,8654,53316,122030
39694,8660,8661,8611,8616,53596,121218
39695,8392,8607,8383,8605,48570,125516
39696,8497,8508,8358,8414,67594,127370
39699,8193,8428,8168,8237,74902,131978
39700,8559,8590,8140,8215,82192,124914
39701,8384,8389,8196,8287,78418,119986
39702,8219,8283,8052,8280,117024,121992
39703,8294,8429,8091,8428,235356,129654
39707,7179,7271,7094,7125,43760,49922
39708,7129,7133,6979,7071,112902,54062
39709,7261,7261,6989,7032,107058,57180
39710,7073,7161,7047,7122,122800,60032
39713,7260,7317,7177,7314,122510,66602
39714,7423,7445,7350,7375,115810,71848
39715,7337,7337,7201,7261,99840,68680
39716,7184,7242,7148,7237,59218,65228
39717,7196,7226,7180,7212,31294,58744
39727,6954,6964,6900,6900,67384,68444
39728,6837,7209,6796,6996,247914,60946
39729,6953,6993,6779,6812,137070,60264
39730,6844,6849,6708,6742,87642,62724
39731,6596,6628,6465,6473,48646,66302
39734,6410,6693,6368,6517,97674,60310
39735,6614,6714,6401,6453,105220,58696
39736,6266,6316,6211,6237,64994,59672
39737,5979,6000,5946,5946,11884,60510
39738,6039,6039,5638,5736,133998,60620
39741,5864,5939,5636,5890,266508,77726
39742,5848,5868,5630,5713,169994,66412
39743,5614,5707,5556,5569,126706,67442
39744,5454,5528,5403,5498,62178,66524
39745,5535,5547,5281,5304,211042,69504
39748,5286,5306,5175,5175,38070,70282
39749,5160,5161,4933,5032,91886,71982
39750,5046,5055,4798,4798,139870,77742
39751,4889,4945,4797,4891,494086,101008
39752,4734,4735,4703,4704,37442,90180
39755,4660,4823,4503,4707,364682,101864
39756,4566,4774,4566,4769,433942,109058
39757,4880,4908,4850,4878,123026,110062
39758,4822,4882,4761,4806,339068,103556
39759,4696,4727,4671,4689,161706,95466
39762,4762,4814,4715,4762,246620,109688
39763,4650,4673,4596,4597,103332,104780
39764,4432,4520,4421,4466,167000,101918
39765,4373,4521,4343,4472,499434,126736
39766,4518,4551,4442,4479,366954,130206
39769,4452,4679,4451,4677,255194,147556
39770,4673,4702,4554,4638,577482,138702
39771,4657,4719,4640,4696,389564,127814
39772,4645,4648,4522,4543,398518,129214
39773,4441,4650,4386,4601,613368,160182
39776,4638,4695,4605,4694,268928,178576
39777,4849,4871,4768,4773,320186,171966
39778,4744,4980,4741,4928,539738,184680
39779,4962,5001,4797,4834,556306,183152
39780,4843,4886,4780,4844,409468,179974
39783,4797,4981,4797,4969,370622,183694
39784,4871,4957,4832,4875,343096,180420
39785,4884,4956,4883,4955,232672,183082
39786,4952,4963,4907,4935,254578,177588
39787,4888,4905,4760,4835,273004,170782
39790,4839,5025,4839,5014,284790,172890
39791,5001,5116,4981,5049,308408,168434
39792,5060,5212,5048,5154,362158,166744
39793,5143,5202,5111,5176,235606,160022
39794,5263,5325,5127,5197,269692,157920
39797,5293,5440,5288,5409,269252,163806
39798,5313,5385,5296,5368,202878,147632
39799,5388,5454,5371,5390,241680,145346
39800,5310,5370,5303,5369,178258,139132
39801,5323,5566,5323,5565,308858,160888
39804,5631,5737,5590,5648,293586,148416
39805,5627,5642,5449,5449,338392,157552
39806,5491,5587,5472,5535,418262,161416
39807,5506,5539,5484,5505,161804,153822
39808,5524,5538,5324,5376,413302,163334
39811,5476,5506,5206,5206,474150,171920
39812,5205,5257,5138,5189,399662,168836
39813,5197,5232,5157,5201,322466,160288
39818,5302,5303,5088,5146,730018,186554
39819,5153,5400,5145,5400,246954,187472
39820,5507,5601,5482,5599,169434,185726
39821,5475,5548,5427,5545,504292,181696
39822,5547,5578,5412,5448,463078,153728
39825,5440,5530,5415,5428,369626,145834
39826,5349,5442,5332,5425,209106,145666
39827,5495,5601,5483,5601,147018,151384
39828,5590,5708,5588,5675,288182,133086
39829,5683,5715,5629,5636,203952,121352
39832,5652,5696,5616,5639,154958,108360
39833,5630,5769,5628,5733,277956,101596
39834,5734,5786,5665,5689,158666,92694
39835,5731,5766,5671,5749,132836,80774
39836,5731,5859,5727,5858,109188,81218
39846,5852,6086,5843,6052,190004,87532
39847,6057,6093,6040,6086,185830,90252
39848,6106,6276,6068,6192,472884,115044
39849,6170,6224,6104,6125,302956,114602
39850,6137,6224,6122,6218,207566,96708
39853,6277,6388,6240,6290,265100,130270
39854,6270,6387,6231,6371,321376,129576
39855,6317,6397,6140,6224,555656,165942
39856,6244,6272,6184,6263,411334,163880
39857,6261,6280,6123,6162,500612,155622
39860,6148,6148,6012,6060,281488,143172
39861,6062,6117,6021,6040,230518,148890
39862,5917,5917,5829,5829,163056,146932
39863,5844,5852,5715,5798,186978,140378
39864,5839,5925,5830,5878,167400,139602
39867,5855,6025,5839,5999,201178,121632
39868,5939,5988,5899,5922,146982,122436
39869,6002,6070,5944,5948,115552,123838
39870,5992,5997,5818,5825,245430,137668
39871,5846,5852,5692,5715,238790,135108
39874,5666,5937,5631,5745,295378,128858
39875,5681,5763,5663,5742,256770,131666
39876,5756,5778,5714,5748,167568,127836
39877,5818,5819,5721,5732,182668,128164
39878,5712,5744,5682,5727,166178,120292
39881,5735,5778,5722,5725,109718,112582
39882,5740,5811,5737,5791,127816,107928
39883,5777,5850,5777,5816,126294,103388
39884,5808,5812,5756,5799,72680,97926
39885,5853,5889,5825,5838,123172,95954
39888,5806,5875,5806,5860,62998,94948
39889,5872,5960,5867,5946,68134,92252
39890,5958,6061,5958,6037,138358,96572
39891,6061,6167,6055,6151,120188,97368
39892,6202,6350,6196,6343,169082,102832
39895,6372,6531,6342,6516,153374,103186
39896,6517,6569,6326,6371,209546,84770
39897,6380,6432,6256,6305,135798,80662
39898,6300,6428,6259,6395,119190,85942
39899,6413,6538,6413,6524,204824,95862
39902,6517,6636,6479,6605,423464,110988
39903,6578,6611,6481,6600,307256,104248
39904,6610,6690,6582,6680,228344,111510
39905,6728,6838,6716,6824,312712,114670
39906,6894,6898,6796,6832,356868,116870
39910,6839,6985,6773,6928,446256,115532
39911,6867,6896,6642,6661,463920,94814
39912,6724,6794,6656,6698,362114,95650
39913,6746,6812,6714,6752,292012,83004
39916,6728,6744,6559,6593,304668,84508
39917,6587,6754,6551,6735,399304,96224
39918,6740,6920,6714,6920,308182,108524
39919,7010,7200,6976,7182,317214,118344
39920,7171,7171,6978,7043,311802,99396
39923,7074,7250,7070,7150,406988,116730
39924,7017,7049,6913,6979,453950,142572
39925,7083,7150,6931,6994,429998,138674
39926,7011,7050,6896,7028,310250,139180
39927,7017,7078,6939,6972,383660,141000
39930,7055,7232,7053,7226,630248,160670
39931,7261,7422,7244,7417,627642,190478
39932,7472,7526,7325,7386,721670,195140
39933,7394,7409,7330,7344,517000,162732
39937,7381,7464,7320,7370,789964,148478
39938,7341,7367,7197,7199,436058,144834
39939,7203,7248,7158,7197,476444,141436
39940,7231,7306,7126,7187,661214,150952
39941,7188,7236,7132,7208,417420,137422
39944,7194,7258,7145,7154,419114,142770
39945,7172,7181,7033,7076,398732,132026
39946,7099,7128,7066,7104,232930,131528
39947,7009,7010,6879,6913,308132,138944
39948,6943,7131,6903,7121,591760,180064
39951,7059,7102,6972,7045,721482,156178
39952,7099,7110,6986,7010,524000,157374
39953,6900,6996,6895,6911,411128,139776
39954,6925,6971,6874,6887,436130,140140
39955,6904,6928,6828,6852,267482,130874
39958,6853,6853,6788,6811,252732,127262
39959,6828,6880,6811,6841,373874,127506
39960,6854,6866,6798,6808,177618,115686
39965,6869,7024,6869,6997,359220,133782
39966,7032,7032,6935,6946,298594,134110
39967,6947,6967,6911,6940,215922,135078
39968,6829,6861,6800,6825,254828,142048
39969,6901,6917,6842,6846,376886,165804
39972,6821,6928,6801,6845,660762,215384
39973,6840,6851,6648,6729,680188,241136
39974,6753,6769,6698,6742,554028,239268
39975,6755,6816,6732,6781,587646,248686
39976,6821,6889,6808,6835,590876,239240
39979,6838,6908,6821,6887,751726,271014
39980,6850,6905,6790,6820,675376,231550
39981,6792,6823,6762,6812,363650,217992
39982,6829,6890,6818,6886,416748,213542
39983,6920,6983,6910,6979,518112,213128
39986,6938,6988,6928,6948,445458,220068
39987,6868,6875,6766,6789,470966,182044
39988,6801,6839,6775,6807,321678,173778
39989,6797,6842,6771,6820,249182,175598
39990,6848,6877,6838,6862,230606,165686
39993,6845,6874,6822,6825,143948,155748
39994,6879,7028,6877,7014,407596,182542
39995,6987,7020,6963,7000,302822,187754
39996,7010,7100,7006,7036,435250,179696
39997,6971,7020,6950,7013,274392,170384
40000,6989,7073,6987,7049,379762,177244
40001,7052,7066,6993,7042,228788,168506
40002,7005,7008,6970,7000,199366,160670
40003,6974,7124,6970,7114,317292,175938
40004,7114,7144,7094,7108,305464,164884
40007,7133,7205,7127,7182,412210,188094
40008,7222,7291,7207,7280,366918,191372
40009,7297,7314,7263,7286,325134,195572
40010,7327,7336,7256,7262,318240,181406
40011,7254,7268,7203,7228,224880,162544
40014,7229,7256,7203,7224,161648,152718
40015,7218,7332,7202,7239,451654,151816
40016,7230,7305,7228,7287,244744,143570
40017,7297,7390,7292,7383,342640,160618
40018,7417,7493,7403,7483,276402,157002
40021,7516,7632,7500,7630,230604,149022
40022,7639,7797,7634,7794,319458,150824
40023,7789,7888,7681,7760,570912,159650
40024,7735,7838,7722,7800,380946,153560
40025,7892,7945,7833,7906,406600,132832
40028,7961,8214,7952,8209,240296,118188
40029,8294,8342,8171,8323,304558,130070
40030,8350,8368,8283,8311,240806,129588
40031,8289,8331,8268,8288,136350,123070
40032,8216,8257,7961,7962,279534,123264
40035,7907,7994,7835,7942,329886,106442
40036,7934,8215,7928,8215,218238,123994
40037,8246,8426,8205,8233,505134,123316
40038,8343,8355,8057,8181,425368,125606
40039,8184,8281,8090,8242,564244,136890
40042,8136,8192,7986,8042,720448,152220
40043,8082,8116,7895,7950,540244,145664
40044,7993,8030,7719,7768,539200,127694
40045,7840,7860,7758,7811,301342,107796
40046,7744,7854,7730,7769,296520,110432
40049,7847,7924,7789,7808,233250,117568
40050,7791,7818,7634,7683,482642,121184
40051,7656,7731,7645,7696,283706,129444
40052,7678,7693,7614,7614,192446,122292
40053,7649,7752,7618,7735,531744,167962
40056,7742,7756,7540,7549,324488,136118
40057,7534,7540,7443,7446,178208,130516
40058,7330,7330,7173,7173,139980,147832
40059,7075,7159,6993,7128,330558,146842
40060,7130,7231,7100,7219,380496,145616
40063,7214,7361,7205,7301,484464,156414
40064,7281,7298,7089,7123,377564,156830
40065,7136,7243,7120,7143,508644,183448
40066,7112,7176,7080,7127,347932,194478
40067,7115,7177,7088,7104,323724,189712
40070,6904,6958,6858,6860,208930,166156
40071,6885,6919,6852,6908,262272,169384
40072,6952,6974,6912,6913,291362,175884
40073,6961,6980,6879,6891,411784,192022
40074,6866,6896,6792,6802,368840,209282
40077,6791,6878,6775,6836,602396,238750
40078,6809,6859,6781,6784,394016,242282
40079,6802,6810,6670,6678,471124,255522
40080,6655,6725,6650,6721,458342,213216
40081,6692,6758,6689,6730,284608,198578
40084,6716,6731,6591,6597,227204,157298
40085,6619,6633,6592,6625,123282,149692
40086,6629,6672,6611,6671,142700,142532
40095,6795,6801,6693,6697,182046,155276
40098,6706,6988,6700,6942,728732,251620
40099,6943,6999,6879,6996,795250,260044
40100,7007,7135,6974,7129,747234,254434
40101,7145,7314,7144,7185,886128,234856
40102,7264,7282,7157,7229,601806,235728
40105,7223,7451,7207,7391,677532,254514
40106,7419,7443,7296,7324,587592,260544
40107,7274,7278,7112,7125,653850,240954
40108,7193,7249,7162,7171,610620,219778
40109,7202,7324,7167,7309,643222,229812
40112,7315,7531,7314,7526,629224,231674
40113,7491,7556,7389,7494,1076468,229540
40114,7486,7591,7407,7459,993348,223840
40115,7356,7383,7262,7263,594232,193594
40116,7417,7478,7368,7401,810936,189202
40119,7243,7386,7211,7381,614814,214184
40120,7402,7442,7331,7344,652770,216704
40121,7397,7448,7356,7436,740048,226798
40122,7457,7533,7443,7510,1012420,262884
40123,7555,7600,7496,7519,903188,223584
40126,7515,7621,7506,7616,632570,256086
40127,7663,7679,7608,7648,716608,252726
40128,7673,7771,7668,7765,793570,276740
40129,7795,7808,7738,7754,821414,247014
40130,7679,7733,7673,7729,577820,222294
40133,7751,7776,7692,7697,446912,198842
40134,7734,7872,7716,7860,1011564,247430
40135,7891,7913,7845,7886,540914,203090
40136,7877,7943,7877,7893,473182,201558
40137,7868,7975,7843,7968,478902,207606
40140,7987,8194,7985,8151,464084,214878
40141,8125,8189,8032,8080,770782,215842
40142,8096,8145,8073,8111,560834,194348
40143,8157,8186,8061,8070,477134,191188
40144,8016,8039,7803,7804,518036,176094
40147,7862,7941,7743,7793,762792,175784
40148,7811,7870,7722,7791,788808,191736
40149,7847,8088,7840,8052,930132,235556
40150,8061,8132,8027,8105,918422,225934
40151,8054,8122,8049,8105,644038,205820
40154,8078,8185,7954,8035,964692,201720
40155,8016,8064,7883,8026,927158,200844
40156,7904,7996,7856,7881,829046,192638
40157,7802,7847,7722,7821,849656,189142
40158,7838,7909,7799,7903,725936,186812
40161,7874,7936,7783,7902,723774,191842
40162,7939,7944,7870,7884,570294,171184
40163,7904,7995,7866,7962,788480,187798
40164,8033,8052,7852,7862,750750,198886
40165,7809,7898,7791,7861,703020,184762
40168,7882,7970,7850,7919,819512,192372
40169,7882,7898,7729,7734,836952,210298
40170,7771,7783,7634,7729,963706,213298
40171,7792,7821,7744,7815,665474,208788
40172,7844,7907,7815,7880,648168,209908
40175,7853,7902,7801,7884,800538,239162
40176,7886,8062,7848,8052,1212678,298308
40177,8039,8096,8018,8055,938430,272358
40178,8072,8118,8066,8099,469434,232820
40182,8171,8423,8163,8316,830108,244102
40183,8374,8434,8333,8350,686408,233628
40184,8339,8420,8333,8337,559600,233526
40185,8404,8463,8063,8182,674330,186534
40186,8180,8214,8070,8143,554828,175722
40189,8226,8300,8210,8258,463364,172648
40190,8198,8342,8196,8327,768116,212292
40191,8151,8221,8077,8191,551076,184434
40192,8264,8360,8249,8343,694784,204780
40193,8333,8354,8230,8244,578462,180778
40196,8211,8418,8187,8411,587102,225418
40197,8432,8489,8402,8489,743098,251754
40198,8520,8538,8366,8375,730104,229410
40199,8361,8459,8342,8447,588986,220982
40200,8341,8394,8209,8263,695346,177040
40203,8257,8306,8191,8273,465124,174948
40204,8300,8325,8172,8186,475478,167026
40205,8205,8210,8066,8091,670128,186352
40206,8008,8042,7866,7976,753740,192558
40207,7946,8028,7927,8018,588230,186818
40210,8013,8026,7829,7931,597198,183018
40211,8018,8055,7921,7953,599964,180826
40212,8052,8153,8027,8153,524832,180522
40213,8100,8175,8072,8119,488174,183316
40214,7942,8044,7942,8038,416408,184006
40217,8035,8058,7996,8020,355568,179202
40218,8017,8150,7973,8134,505952,175452
40219,8159,8209,8130,8184,324222,143090
40220,8229,8265,8198,8254,171392,129096
40221,8251,8437,8251,8405,261650,130592
40231,8564,8606,8429,8459,183878,136240
40232,8438,8508,8419,8472,304784,175144
40233,8440,8507,8433,8478,267962,197908
40234,8518,8557,8373,8373,362152,192302
40235,8405,8436,8362,8408,267928,200724
40238,8475,8493,8349,8367,300802,210162
40239,8344,8348,8267,8296,378622,221508
40240,8329,8356,8272,8285,415888,239542
40241,8298,8321,8194,8211,387076,235786
40242,8225,8274,8199,8269,295392,244194
40245,8315,8424,8296,8415,376018,261110
40246,8399,8456,8386,8434,282050,263090
40247,8426,8470,8389,8403,283934,263614
40248,8424,8442,8288,8317,309726,252872
40249,8348,8370,8307,8357,284040,254730
40252,8382,8382,8152,8169,428878,254902
40253,8121,8184,8045,8171,481594,244388
40254,8231,8313,8208,8311,356210,241552
40255,8319,8379,8259,8280,415678,251194
40256,8282,8315,8233,8284,424028,241880
40259,8209,8322,8209,8272,486598,247680
40260,8297,8318,8226,8247,334908,235338
40261,8252,8302,8212,8300,362842,241374
40262,8307,8343,8286,8322,352218,242208
40263,8332,8453,8319,8441,461098,262532
40266,8503,8558,8473,8517,360100,261372
40267,8547,8554,8463,8488,306012,252562
40268,8511,8528,8456,8456,319486,261644
40269,8483,8550,8473,8524,272058,280942
40270,8568,8595,8543,8571,261680,289558
40274,8627,8678,8613,8655,290278,314634
40275,8668,8668,8616,8632,196718,309728
40276,8606,8637,8559,8560,217962,301772
40277,8588,8599,8550,8598,276352,299636
40280,8620,8635,8571,8601,238038,296528
40281,8580,8586,8524,8564,274274,287516
40282,8588,8595,8551,8571,217406,283124
40283,8617,8644,8577,8584,414076,293362
40284,8602,8610,8547,8567,253136,283128
40287,8499,8506,8412,8416,333850,273794
40288,8469,8495,8434,8487,286744,264044
40289,8495,8518,8477,8506,227008,266192
40290,8481,8514,8462,8478,221768,273516
40291,8485,8531,8479,8504,201964,282874
40294,8547,8563,8514,8522,181168,278602
40295,8506,8514,8448,8454,221110,279388
40296,8341,8407,8310,8402,250194,274790
40297,8407,8415,8352,8364,196598,275684
40298,8412,8414,8335,8375,220460,270310
40302,8352,8379,8303,8328,179638,281212
40303,8230,8260,8209,8260,181200,276450
40304,8241,8252,8175,8188,193780,279116
40305,8136,8144,8015,8020,298210,283066
40308,8065,8082,7976,8078,317594,301028
40309,8067,8113,8027,8028,344452,307496
40310,8015,8125,8011,8074,362094,301794
40311,8083,8099,8012,8046,371482,310154
40312,7987,7987,7812,7817,681280,336070
40315,7733,7743,7563,7563,397486,297888
40316,7594,7671,7454,7666,443980,224054
40317,7553,7670,7503,7610,463726,227040
40318,7664,7683,7605,7634,362664,234644
40319,7543,7561,7433,7511,566298,247864
40322,7528,7616,7495,7588,497248,264750
40323,7522,7540,7341,7355,909582,342316
40324,7419,7455,7397,7426,677542,324700
40325,7440,7560,7427,7555,674888,324440
40326,7629,7670,7593,7617,570610,295024
40329,7594,7713,7578,7617,459578,289264
40330,7628,7642,7510,7511,443792,291150
40331,7493,7520,7360,7477,569214,286420
40332,7524,7534,7456,7497,427784,279840
40333,7484,7484,7389,7422,545624,290738
40336,7185,7203,7127,7128,264554,286224
40337,7137,7162,7102,7152,386774,267256
40338,7161,7249,7138,7248,351510,264836
40339,7254,7318,7238,7264,379014,258310
40340,7312,7340,7278,7303,266054,249192
40346,7391,7434,7334,7343,254218,258794
40347,7352,7394,7330,7344,314654,247544
40350,7427,7598,7427,7545,441988,269862
40351,7505,7531,7492,7515,241050,260010
40352,7474,7499,7425,7450,366546,256400
40353,7426,7510,7426,7479,474464,273518
40354,7491,7493,7435,7453,310330,260180
40357,7536,7539,7479,7489,224220,262938
40358,7472,7482,7359,7366,311626,257094
40359,7305,7347,7301,7339,207328,243420
40360,7305,7347,7197,7204,349610,251812
40361,7178,7262,7156,7261,402648,247232
40364,7249,7299,7220,7282,259076,257696
40365,7225,7253,7163,7249,415276,265370
40366,7247,7273,7226,7252,287914,268994
40367,7342,7342,7291,7306,240042,268956
40368,7322,7368,7299,7364,257586,276170
40371,7363,7381,7251,7262,290698,280446
40372,7258,7267,7167,7168,388482,303244
40373,7222,7259,7199,7212,321860,288204
40374,7195,7205,7026,7034,907718,360092
40375,7063,7084,7017,7069,761666,339044
40378,7023,7158,7017,7138,626488,315516
40379,7152,7212,7138,7211,331348,298938
40380,7214,7226,7156,7177,504800,296272
40381,7162,7252,7152,7251,524108,288420
40382,7314,7349,7287,7335,488452,283882
40385,7345,7413,7338,7408,386458,284322
40386,7420,7420,7342,7346,340774,273934
40387,7330,7434,7323,7418,395412,276500
40388,7417,7456,7370,7422,531642,281922
40389,7441,7506,7401,7492,604636,305444
40392,7517,7629,7510,7615,474632,329074
40393,7674,7684,7594,7605,452280,320720
40394,7632,7691,7606,7644,610616,319204
40395,7660,7664,7522,7534,208898,312146
40396,7550,7562,7495,7557,500246,303242
40399,7561,7660,7537,7656,567434,335116
40400,7638,7687,7587,7592,579864,325920
40401,7574,7661,7572,7585,569840,326554
40402,7538,7563,7493,7528,513786,316362
40403,7557,7637,7528,7637,427824,330458
40406,7610,7867,7581,7851,1398284,454804
40407,7830,7873,7787,7827,1010852,453256
40408,7854,7932,7797,7816,1258366,437466
40409,7846,7918,7812,7910,1239122,480804
40410,7880,7895,7738,7757,1129506,395520
40413,7772,7772,7669,7673,802726,392866
40414,7644,7676,7586,7605,719386,371622
40415,7589,7698,7578,7690,865860,398690
40416,7724,7785,7715,7757,752466,397978
40417,7755,7773,7707,7758,586518,386830
40420,7813,7863,7767,7784,561404,385790
40421,7742,7742,7626,7632,484272,364796
40422,7645,7737,7639,7690,731754,348822
40423,7753,7817,7729,7812,664276,369210
40424,7824,7825,7770,7789,562482,359578
40427,7815,7912,7809,7885,556478,385044
40428,7866,7913,7825,7869,550602,390190
40429,7881,7945,7863,7907,849360,411932
40430,7946,7979,7673,7794,888730,353362
40431,7811,7851,7792,7811,515902,338020
40434,7863,7899,7822,7874,491946,344790
40435,7885,7909,7828,7851,457428,328506
40436,7889,7979,7884,7913,996536,341648
40437,7925,7942,7833,7849,592918,313648
40438,7857,7903,7847,7876,444632,300688
40441,7895,8039,7895,8006,669472,337078
40442,8008,8017,7911,7948,375492,278990
40448,8098,8268,8054,8247,711200,336766
40449,8232,8270,8211,8231,437976,328014
40450,8246,8251,8081,8170,457428,281174
40451,8179,8192,8046,8179,308802,267830
40459,8250,8383,8250,8353,285910,270616
40462,8482,8669,8439,8636,654874,322552
40463,8569,8729,8531,8643,730778,351670
40464,8698,8780,8679,8709,641502,350602
40465,8774,8822,8735,8804,590900,339898
40466,8787,8869,8773,8817,599414,338512
40469,8704,8744,8663,8669,380580,340584
40470,8752,8768,8597,8652,177588,332728
40471,8484,8599,8477,8549,367192,314962
40472,8622,8694,8575,8591,631988,327578
40473,8595,8686,8584,8639,387962,303034
40476,8698,8841,8694,8828,500136,321002
40477,8845,8848,8749,8794,463248,300098
40478,8866,8902,8736,8777,614534,304044
40479,8815,8878,8805,8870,391124,313338
40480,8845,8901,8759,8806,529816,288264
40483,8851,9065,8832,8995,710734,355062
40484,9034,9054,8966,8987,422740,344270
40485,9057,9139,9035,9083,580936,352720
40486,9138,9494,9110,9493,730136,419036
40487,9799,9854,9792,9854,47830,403888
40490,10398,10404,10349,10401,242052,316438
40491,10443,10444,10424,10424,130306,186186
40492,10891,10928,10887,10928,27686,155474
40493,11380,11494,10708,10812,1957424,247568
40494,10545,10556,10513,10513,25206,244788
40497,9769,10264,9747,9839,833772,197942
40498,9971,10442,9931,10275,1571012,259774
40499,9763,9970,9695,9695,1726822,260394
40500,9943,10489,9616,9939,1286366,206716
40501,10172,10172,9724,9919,367526,204518
40504,9803,10055,9679,9869,1016202,236410
40505,9879,9936,9516,9624,1339182,257100
40506,9656,9755,9575,9697,895630,241048
40507,9792,9809,9584,9587,575672,234904
40508,9607,9620,9249,9333,719652,223332
40511,9267,9386,9219,9341,653140,215934
40512,9349,9354,9086,9229,782118,214428
40513,9214,9301,9140,9259,495484,225744
40514,9407,9468,9364,9410,583090,231408
40515,9429,9553,9414,9483,628508,223004
40518,9597,9635,9517,9554,375734,218258
40519,9527,9546,9384,9531,366386,220748
40520,9478,9571,9423,9426,617634,213452
40521,9502,9667,9474,9495,586726,217854
40522,9479,9539,9434,9535,318874,219218
40525,9508,9952,9488,9847,797888,279006
40526,9840,9913,9788,9869,294004,276086
40527,9858,9945,9713,9728,552706,262098
40528,9757,9804,9680,9728,404550,256586
40529,9750,9837,9745,9805,383416,253316
40532,9880,10019,9734,9848,622248,241866
40533,9946,10011,9878,10011,437064,261298
40534,10032,10077,9871,9904,507106,244052
40535,9929,10009,9900,9997,361864,254804
40536,10044,10281,9988,10278,973492,314516
40539,10258,10424,10161,10386,904728,335356
40540,10387,10416,10221,10239,527472,293390
40541,10258,10328,10103,10218,551016,263210
40542,10175,10324,10142,10321,477120,267030
40543,10231,10353,10217,10302,392754,256108
40547,10385,10594,10344,10568,456324,267498
40548,10486,10555,10469,10518,325088,258166
40549,10608,10740,10594,10688,304872,267506
40550,10598,10637,10344,10344,377304,242620
40553,10433,10488,10350,10389,328326,240494
40554,10466,10527,10329,10404,374318,244312
40555,10525,10657,10485,10631,465486,254416
40556,10703,10805,10674,10765,643624,279520
40557,10749,10832,10717,10824,586678,277370
40560,10850,10884,10769,10799,366494,244716
40561,10787,11012,10787,11010,646358,290074
40562,11035,11102,10955,11087,412010,271964
40563,11009,11052,10852,10896,477688,242634
40564,10834,11079,10765,11046,548376,263060
40567,11121,11636,11114,11636,278290,274408
40568,11829,11830,11242,11363,960676,239134
40569,11343,11632,11281,11607,1404400,315788
40570,11734,11783,11520,11647,1015044,284128
40571,11533,11613,11450,11564,706314,257052
40574,11684,11980,11628,11825,582396,256060
40575,11946,12055,11865,12053,435722,263272
40583,12053,12090,11933,11972,138922,274868
40584,12016,12238,11995,12219,441028,295474
40585,12270,12317,12063,12096,556432,288696
40588,12176,12176,11847,11962,132446,276302
40589,11899,12414,11882,12196,1066102,349492
40590,12134,12304,12085,12181,1158556,351330
40591,12314,12335,12092,12095,726062,328852
40592,12179,12310,11863,11872,1196262,325782
40595,11908,11948,11763,11833,712158,301706
40596,11968,12100,11628,11908,1027030,295324
40597,11753,11885,11590,11651,1205692,299864
40598,11806,11829,11391,11509,1068690,286222
40599,11496,11567,11271,11467,1067710,260144
40602,11570,11869,11527,11852,885914,268862
40603,11843,12001,11820,11909,822624,263472
40604,11879,11987,11794,11948,767118,257254
40605,12026,12237,11832,11856,984708,246874
40606,11914,11981,11681,11805,963894,246002
40609,11904,11941,11732,11928,782338,256214
40610,11803,11807,11331,11526,1043070,282538
40611,11538,11659,11528,11638,787676,294506
40612,11478,11507,11350,11403,745734,295790
40613,11298,11388,11224,11243,721420,287778
40616,11333,11613,11069,11297,1404098,327534
40617,11367,11444,11234,11379,1386448,336622
40618,11332,11373,11088,11349,1421328,322174
40619,11281,11450,11205,11397,1059124,314000
40620,11635,11678,11568,11661,703192,290560
40623,11689,11724,11476,11567,997736,278350
40624,11539,11607,11482,11550,744272,282030
40625,11613,11678,11537,11658,819694,278442
40626,11637,11726,11586,11639,877880,290776
40627,11671,11693,11539,11573,780870,281784
40630,11541,11541,11179,11269,818782,260430
40631,11192,11317,11147,11280,691544,263300
40632,11306,11330,11215,11228,621012,274072
40633,11201,11245,11033,11064,822588,285130
40634,11155,11155,10719,10724,1233922,332078
40639,10694,10832,10606,10736,1111954,340882
40640,10750,10800,10577,10738,1636546,347726
40641,10691,10953,10670,10952,1340836,336772
40644,10975,11263,10955,11039,967506,315390
40645,10933,11011,10835,10891,1159686,301920
40646,10715,10800,10682,10791,950560,289482
40647,10733,10831,10644,10692,1230946,311550
40648,10715,10777,10658,10682,1114912,298752
40651,10596,10625,10469,10507,912258,311342
40652,10490,10517,10321,10340,759742,298842
40653,10393,10437,10341,10424,602516,275312
40654,10448,10532,10403,10468,785062,272004
40655,10547,10553,10429,10488,583634,275102
40658,10514,10526,10309,10314,556516,276044
40659,10231,10231,10096,10200,543344,266240
40660,10230,10257,10094,10113,541420,268202
40661,10148,10305,10118,10262,640562,242790
40662,10261,10288,10118,10252,649208,238442
40666,10269,10341,10196,10329,528478,272758
40667,10316,10334,10142,10161,604210,256494
40668,10075,10086,9892,9899,595464,266226
40669,9578,9706,9546,9590,599764,250432
40672,9647,9681,9587,9666,465776,250914
40673,9654,9666,9500,9635,1068332,269106
40674,9711,9751,9598,9607,833920,276916
40675,9517,9528,9276,9330,796902,263162
40676,9362,9525,9353,9513,686360,252778
40679,9451,9472,9344,9392,663896,235396
40680,9415,9584,9371,9532,1121486,266374
40681,9555,9616,9535,9540,622788,259216
40682,9651,9686,9580,9605,498190,252748
40683,9572,9636,9509,9629,546482,281038
40686,9641,9698,9535,9539,620384,281914
40687,9549,9564,9428,9487,860692,296928
40688,9501,9566,9477,9503,699656,288314
40689,9593,9705,9567,9692,651622,296382
40690,9648,9719,9622,9717,423514,286416
40693,9733,9796,9668,9673,446502,278754
40694,9688,9788,9655,9764,597434,299802
40695,9816,9850,9723,9734,560968,298730
40696,9626,9659,9540,9613,576648,273732
40697,9656,9745,9606,9738,715210,314260
40701,9649,9706,9593,9643,684140,313470
40702,9582,9637,9468,9546,703884,295424
40703,9595,9627,9478,9480,657228,328666
40704,9516,9552,9436,9465,799250,332274
40707,9408,9448,9377,9395,551254,340240
40708,9346,9427,9341,9371,556994,343402
40709,9423,9489,9402,9457,522260,335308
40710,9359,9411,9341,9362,488420,295526
40711,9364,9396,9309,9357,381960,288856
40714,9318,9388,9274,9277,401864,309154
40715,9321,9338,9188,9270,567102,334250
40716,9253,9258,9149,9155,611754,381666
40717,9128,9140,8987,9032,682822,393098
40718,8978,9042,8936,9017,654984,384126
40721,8955,8967,8718,8745,650858,403846
40722,8793,8804,8715,8719,709584,418676
40723,8766,8783,8667,8765,878190,420168
40724,8787,8860,8769,8845,600822,392218
40725,8799,8808,8652,8719,683258,410756
40728,8746,9006,8743,8899,394886,399996
40729,8878,8951,8832,8902,813272,407564
40730,8940,8987,8887,8984,764152,423002
40731,8959,9021,8912,8954,605334,406194
40732,9029,9084,8994,9015,602584,414492
40735,8944,8976,8866,8866,611194,402034
40736,8799,8808,8676,8777,736308,371834
40737,8838,9247,8838,9205,1412954,438960
40738,9230,9294,9167,9265,1384080,438962
40739,9189,9326,9169,9302,1387190,447634
40742,9348,9457,9232,9256,1298940,384600
40743,9276,9338,9259,9332,947214,398046
40744,9405,9519,9379,9419,1420114,393668
40745,9475,9559,9460,9553,1022622,436220
40746,9545,9571,9482,9552,758616,396230
40749,9537,9652,9511,9529,793682,390364
40750,9538,9642,9518,9622,974298,400232
40751,9638,9729,9637,9657,671012,394526
40752,9600,9617,9496,9498,685878,374492
40753,9497,9543,9438,9440,615452,336432
40756,9534,9716,9524,9693,962180,374186
40757,9650,9737,9650,9735,894468,402828
40758,9728,9766,9655,9695,862622,361776
40759,9677,9731,9615,9627,899018,359702
40760,9374,9443,9120,9198,1231788,297754
40763,9149,9327,9109,9216,1021718,261924
40764,8718,9017,8693,8968,1219566,284562
40765,9118,9203,9054,9194,726472,260848
40766,9179,9541,9179,9533,1298610,293588
40767,9587,9710,9543,9639,1601488,340260
40770,9800,9880,9719,9735,1373628,318174
40771,9794,9807,9590,9599,1291448,296070
40772,9620,10029,9614,10025,2979224,552810
40773,10075,10096,9904,9944,2506818,447922
40774,9806,10014,9754,10010,2204914,472514
40777,10053,10174,9996,10007,2123510,451298
40778,10107,10179,10045,10168,2217190,549010
40779,10193,10205,10089,10115,1546756,487376
40780,10130,10132,9935,9960,1655484,449866
40781,9950,10008,9898,9965,1528756,435248
40784,10000,10042,9925,10030,1403950,454748
40785,10082,10185,10035,10096,1419726,445606
40786,10121,10149,10079,10123,1271340,474494
40787,10113,10128,9995,9999,1289688,475198
40788,9993,10038,9973,10023,1257704,447730
40791,9986,10068,9919,9938,1243478,416620
40792,9933,10008,9891,10008,1578170,416610
40793,10034,10160,10034,10160,1406922,488126
40794,10252,10269,10122,10133,1071444,438336
40795,10149,10191,10100,10180,966868,426142
40799,10163,10211,10117,10202,1313674,475068
40800,10240,10247,10072,10105,1497542,438732
40801,10152,10174,10075,10112,1223080,415002
40802,10113,10127,9900,9918,1786664,454178
40805,9823,9838,9649,9651,1128470,447244
40806,9679,9741,9662,9701,994920,416542
40807,9702,9720,9524,9685,1630460,418628
40808,9452,9452,9067,9364,1119936,432240
40809,9090,9410,8994,9243,2805498,442092
40812,9239,9353,8643,8662,2405386,418546
40813,9022,9064,8795,8885,2375870,327454
40814,8907,8927,8632,8710,2391378,337106
40815,8347,8558,8325,8480,1450870,308078
40816,8522,8754,8474,8744,1177804,283198
40826,8872,8888,8746,8784,922610,300378
40827,8920,8978,8730,8778,1054554,350306
40828,8766,8904,8630,8856,1615238,363088
40829,8812,8878,8726,8776,1175908,364774
40830,8726,8836,8688,8810,1048164,364456
40833,8900,8902,8732,8732,952934,379222
40834,8680,8680,8386,8482,1199226,385676
40835,8550,8582,8364,8428,1427586,383540
40836,8252,8268,7960,7960,1225554,432256
40837,8004,8164,7986,8090,1120114,366332
40840,8218,8566,8144,8546,1494284,345222
40841,8642,8818,8492,8632,1896404,326866
40842,8522,8888,8464,8726,1825918,325280
40843,8720,8786,8618,8760,1296850,328662
40844,8972,9084,8742,8762,1121692,316180
40847,8708,8722,8404,8414,1368448,307712
40848,8398,8494,8284,8288,1736752,346102
40849,8198,8396,8176,8394,1397534,382000
40850,8310,8348,8196,8210,1662632,399012
40851,8298,8436,8290,8382,1830002,456922
40854,8316,8326,8024,8066,1827964,535468
40855,8104,8154,8068,8096,1448292,495930
40856,8150,8242,8034,8124,1455122,492094
40857,7908,7960,7734,7874,2118468,495618
40858,7968,8024,7932,7990,1298842,461970
40861,8098,8258,8076,8162,1645124,534820
40862,8052,8082,7992,8038,1162666,514374
40863,8108,8156,7984,8028,1551000,533722
40864,8098,8114,7978,8078,1160840,528034
40865,7872,8126,7872,8126,1177668,530954
40868,8122,8134,8024,8076,951268,524148
40869,8032,8192,8028,8182,1568854,582258
40870,8184,8202,8132,8158,1140428,525644
40871,8144,8210,7942,8034,1609910,503242
40872,8014,8038,7936,7952,969758,495422
40875,8056,8066,7990,8024,837768,501308
40876,8006,8106,7978,8098,976750,479784
40877,8126,8126,8018,8076,891050,421342
40878,8438,8446,8230,8292,1028884,445704
40879,8272,8302,8238,8276,585842,400808
40882,8302,8408,8300,8392,942674,434342
40883,8376,8424,8334,8404,957176,439956
40884,8422,8462,8396,8454,609290,417082
40885,8418,8442,8376,8416,800438,395716
40886,8352,8452,8338,8418,849644,397528
40889,8450,8452,8358,8384,1010470,429274
40890,8342,8366,8232,8284,1169714,451990
40891,8278,8320,8264,8282,661836,428220
40892,8060,8200,8060,8158,912604,414186
40893,8170,8236,8168,8232,623256,379730
40896,8232,8264,8158,8200,760598,375742
40897,8218,8258,8186,8232,684526,400138
40898,8318,8318,8260,8286,498708,374636
40899,8280,8308,8264,8294,561220,380548
40900,8290,8340,8276,8314,593162,390504
40903,8310,8340,8226,8244,593324,364034
40904,8236,8278,8198,8250,423478,356884
40905,8276,8312,8262,8286,518138,359130
40906,8222,8296,8222,8282,388500,330192
40907,8320,8432,8300,8426,666728,371834
40912,8534,8550,8472,8476,497864,363192
40913,8476,8660,8472,8610,744188,360442
40914,8576,8648,8576,8648,508650,381774
40917,8632,8720,8632,8688,581256,396950
40918,8690,8696,8614,8648,682186,359908
40919,8646,8684,8618,8650,501822,345358
40920,8630,8656,8570,8598,726976,368440
40921,8568,8636,8564,8628,556238,361106
40924,8574,8734,8574,8704,635040,382136
40925,8722,8850,8716,8842,453980,359290
40926,8822,8866,8790,8856,382342,317952
40927,8884,8902,8786,8872,409834,284886
40928,8892,9000,8844,8984,292600,257000
40938,9026,9144,9006,9072,431912,294762
40939,9100,9160,9100,9148,527454,328444
40940,9130,9148,9080,9092,409686,312438
40941,9112,9128,9006,9026,662952,333210
40942,9012,9084,8962,9074,519698,321694
40945,9128,9214,9128,9186,481338,309628
40946,9178,9184,9076,9102,748466,335644
40947,9148,9240,9126,9228,712334,322930
40948,9192,9210,9118,9152,711262,347782
40949,9190,9212,9124,9168,770942,361378
40952,9156,9170,9082,9142,778804,359334
40953,9148,9164,9124,9126,547024,382326
40954,9138,9206,9008,9024,1182238,372124
40955,8996,9004,8846,8848,1030046,374090
40956,8910,8932,8880,8908,698384,374816
40959,8998,9068,8902,8932,801482,383292
40960,8914,9000,8906,8970,785590,348970
40961,9008,9024,8946,8966,721696,355110
40962,8952,8954,8864,8906,1272652,410292
40963,8936,8994,8922,8940,857522,376480
40966,8988,9084,8970,9062,898694,427814
40967,9024,9086,9020,9084,517958,405988
40968,9064,9080,9032,9072,517498,417146
40969,9026,9144,9004,9090,857130,352728
40970,9136,9214,9130,9214,635428,381168
40973,9204,9232,9172,9198,617616,397604
40974,9212,9216,9136,9142,605534,355978
40975,9014,9056,8982,9022,683064,339278
40976,9040,9054,9022,9044,503558,395608
40977,9062,9104,9044,9102,652966,375846
40980,9100,9106,8952,8982,795950,403968
40981,8972,9022,8962,9000,548722,406008
40982,9014,9074,8894,8932,1361988,448828
40983,8918,8960,8820,8834,868572,512708
40984,8862,8870,8740,8754,940048,544094
40987,8752,8754,8644,8644,877716,623158
40988,8664,8714,8636,8658,1014462,573858
40989,8636,8708,8626,8678,719586,556370
40990,8684,8696,8632,8678,646234,552664
40991,8688,8728,8676,8722,613462,522950
40994,8758,8780,8718,8736,720734,484634
40995,8770,8808,8758,8788,542276,458906
40996,8792,8834,8764,8794,543264,437078
40997,8770,8786,8698,8706,633474,462262
40998,8696,8702,8658,8670,367740,428140
41004,8580,8664,8576,8652,334212,440040
41005,8652,8674,8624,8652,341322,448866
41008,8631,8660,8558,8576,503910,485782
41009,8592,8646,8576,8616,442820,468876
41010,8552,8588,8536,8566,438824,465350
41011,8577,8612,8568,8610,338636,427780
41012,8648,8658,8602,8620,453528,408478
41015,8573,8676,8560,8670,573896,458966
41016,8698,8712,8674,8690,579326,426996
41017,8728,8764,8702,8738,640682,412546
41018,8698,8724,8690,8708,291992,405088
41019,8707,8738,8686,8700,466000,399606
41022,8702,8734,8574,8580,676952,428036
41023,8573,8608,8544,8582,503690,422964
41024,8580,8598,8546,8550,363360,441120
41025,8558,8586,8546,8580,386642,403048
41026,8593,8608,8568,8580,226728,391984
41031,8607,8644,8592,8620,304262,390846
41032,8605,8642,8582,8628,499668,397078
41033,8601,8640,8548,8634,607198,401310
41036,8567,8568,8472,8496,733116,474920
41037,8511,8522,8484,8488,435542,471140
41038,8470,8486,8428,8450,420706,469936
41039,8466,8478,8442,8470,256924,449468
41040,8451,8464,8272,8314,634132,460932
41043,8343,8354,8234,8250,426316,446112
41044,8203,8228,8062,8184,489602,417310
41045,8129,8168,8082,8110,363472,391406
41046,8150,8248,8140,8236,447940,346854
41047,8199,8244,8158,8182,416838,349882
41050,8208,8248,8200,8210,368198,353706
41051,8220,8236,8128,8144,589344,423164
41052,8084,8084,7948,7990,516698,459266
41053,7988,8016,7924,8016,581224,455348
41054,8018,8022,7958,7980,420042,460788
41057,7996,8010,7908,7938,723158,495302
41058,7913,8044,7880,8034,815862,516916
41059,7978,8002,7930,7964,669650,539604
41060,7848,7866,7764,7774,1024210,702482
41061,7737,7752,7624,7636,1244904,731806
41064,7476,7476,7300,7300,432626,689212
41065,7210,7332,7182,7234,1742232,567194
41066,7250,7328,7192,7236,1485778,612020
41067,7323,7336,7234,7246,1196126,588404
41068,7237,7242,7008,7024,1770584,663190
41071,7146,7278,7134,7190,1703234,598832
41072,7026,7070,6998,7020,1446388,668914
41073,7031,7064,6970,7042,1375566,702374
41074,7012,7146,7002,7070,1489260,646642
41075,7106,7246,7106,7240,1376012,600776
41078,7324,7354,7256,7294,1209180,619814
41079,7270,7354,7254,7286,1211568,571852
41080,7329,7344,7258,7296,1115882,623446
41081,7155,7155,7090,7110,1125598,612108
41085,7038,7150,7016,7080,996916,637172
41086,7105,7130,7066,7100,763958,628976
41087,7114,7144,7082,7110,719804,622932
41088,7156,7228,7150,7220,1044536,652812
41089,7197,7330,7158,7326,1419308,606690
41092,7533,7556,7396,7428,1034526,653264
41093,7418,7602,7414,7588,1513880,667344
41094,7629,7726,7622,7636,1421532,631518
41095,7620,7706,7604,7704,1175236,608408
41096,7672,7718,7612,7636,1130742,597518
41099,7553,7626,7524,7562,1015786,583474
41100,7562,7614,7450,7454,1004932,615234
41101,7415,7494,7415,7474,913904,594914
41102,7497,7540,7480,7496,833382,581640
41103,7507,7732,7492,7710,1649714,682962
41106,7720,7838,7718,7812,1462832,683442
41107,7853,7906,7688,7704,1481622,673826
41108,7713,7734,7642,7674,1151300,602252
41109,7723,7862,7686,7830,1557042,645198
41110,7879,7879,7652,7672,1421150,658462
41113,7654,7692,7402,7468,2003486,624420
41114,7397,7528,7338,7476,1423400,628830
41115,7425,7520,7262,7262,1781674,682148
41116,7288,7358,7226,7314,1723390,628702
41117,7358,7494,7296,7482,1622200,585110
41120,7491,7632,7422,7504,2475764,591162
41121,7506,7632,7464,7632,2285362,652558
41122,7564,7700,7538,7620,2165292,660438
41123,7570,7638,7494,7526,2011798,644008
41124,7489,7516,7458,7498,1123162,626470
41127,7619,7710,7570,7698,1617916,699056
41128,7713,7776,7688,7738,1763392,677108
41129,7756,7792,7666,7676,1780508,666384
41130,7713,7784,7700,7774,1553678,676332
41131,7767,7767,7616,7636,1769208,685318
41134,7636,7662,7552,7592,1448760,635664
41135,7586,7604,7478,7576,1748818,686118
41136,7561,7628,7516,7574,1513376,652830
41137,7610,7686,7582,7626,1656920,697854
41138,7677,7704,7562,7582,1875534,677704
41141,7577,7588,7440,7444,1629414,765580
41142,7446,7480,7414,7456,1579714,785306
41143,7473,7552,7378,7410,1968630,794724
41144,7450,7558,7432,7550,1798434,721036
41145,7507,7556,7470,7522,1487132,702874
41148,7586,7654,7580,7642,1485402,747466
41149,7572,7608,7470,7474,1676778,718400
41150,7480,7518,7408,7492,1740446,702914
41151,7482,7556,7434,7538,1635998,726820
41152,7510,7538,7452,7478,1428312,674586
41155,7510,7668,7498,7652,1506336,763850
41156,7661,7692,7572,7616,1460606,774956
41157,7551,7566,7460,7478,1476714,715790
41158,7521,7550,7464,7486,1142782,724694
41159,7440,7548,7392,7452,1960052,791442
41162,7530,7638,7522,7622,1657996,871648
41163,7604,7698,7600,7694,1682612,855236
41164,7717,7756,7672,7720,1394658,866490
41165,7703,7800,7703,7734,1581344,877822
41166,7938,8124,7938,8088,2018190,781964
41169,8055,8088,7994,8026,1264426,754940
41170,7934,8002,7860,7928,1326728,683640
41171,7906,7942,7858,7934,1218720,674930
41172,7802,7840,7698,7708,1316932,651192
41173,7740,7760,7652,7686,1177698,640552
41176,7660,7660,7558,7626,1068622,628938
41177,7650,7720,7640,7678,997662,647100
41178,7630,7644,7562,7614,1043244,615866
41179,7588,7968,7536,7640,1030156,549924
41180,7696,7778,7652,7772,736176,476270
41190,7698,7730,7564,7580,743292,530076
41191,7612,7860,7612,7800,1566314,594310
41192,7802,7826,7760,7812,802244,594910
41193,7774,7930,7764,7880,1364002,666066
41194,7914,7924,7792,7820,1129662,595002
41197,7756,7860,7728,7822,968700,573566
41198,7860,7904,7838,7886,964440,565154
41199,7894,7952,7812,7858,1009624,530982
41200,7892,7914,7836,7860,1037784,549742
41201,7860,7894,7750,7752,1031604,555128
41204,7684,7766,7680,7762,690206,533878
41205,7750,7756,7686,7690,944402,545794
41206,7642,7852,7630,7790,1257670,577010
41207,7790,7802,7720,7764,703770,536038
41208,7746,7822,7722,7778,957672,495338
41211,7792,7832,7684,7718,1344852,499822
41212,7702,7722,7610,7676,1228054,458896
41213,7678,7702,7650,7688,895882,475848
41214,7684,7740,7606,7706,1390638,474544
41215,7698,7728,7668,7700,794058,466026
41218,7656,7660,7566,7602,903162,447006
41219,7632,7656,7574,7614,858562,453478
41220,7664,7720,7636,7696,1082118,473312
41221,7600,7648,7592,7634,575714,429184
41222,7660,7660,7600,7618,482926,412202
41225,7614,7630,7540,7616,677106,402514
41226,7606,7626,7568,7580,611068,420082
41227,7576,7674,7452,7624,1681970,417184
41228,7618,7632,7590,7608,505220,397090
41229,7602,7624,7568,7590,582730,380652
41232,7630,7660,7592,7624,776678,418490
41233,7668,7698,7636,7662,849544,444598
41234,7642,7704,7626,7702,817520,526808
41235,7712,7716,7674,7690,568220,510992
41236,7672,7692,7662,7688,472752,452886
41239,7706,7772,7694,7748,889418,567150
41240,7762,7780,7730,7746,727634,525732
41241,7744,7774,7672,7686,751488,488770
41242,7686,7716,7674,7700,508464,471016
41243,7726,7774,7710,7760,646972,494700
41246,7776,7924,7776,7822,1245928,567378
41247,7824,7840,7794,7832,560362,519270
41248,7826,7914,7824,7906,676382,529612
41249,7892,8090,7892,8048,1709590,651188
41250,8048,8178,8026,8176,1399146,786188
41253,8172,8280,8148,8232,1476314,773188
41254,8210,8218,8146,8180,1034750,707996
41255,8210,8236,8150,8210,1347778,708314
41256,8232,8246,8082,8086,1411696,616692
41257,8068,8162,8058,8146,1201710,566026
41260,8176,8390,8142,8364,1784480,654190
41261,8364,8400,8316,8358,1510790,653016
41262,8346,8396,8264,8336,1503026,602306
41263,8316,8368,8240,8300,1205230,607488
41264,8260,8388,8254,8278,1134564,545124
41267,8282,8340,8248,8308,1035554,561852
41268,8324,8420,8272,8374,1197308,567986
41269,8398,8464,8368,8458,1304452,626618
41270,8484,8510,8412,8424,1171646,529700
41271,8435,8454,8382,8420,847492,494898
41274,8430,8578,8414,8562,847192,474186
41278,8599,8620,8524,8570,533630,477472
41281,8595,8736,8576,8684,921888,515108
41282,8694,8726,8640,8668,979336,507364
41283,8665,8674,8548,8572,926728,491864
41284,8573,8594,8538,8564,503946,457360
41285,8595,8630,8436,8438,764770,420190
41288,8446,8558,8422,8522,642884,430414
41289,8511,8526,8354,8372,1067866,462366
41290,8373,8430,8332,8386,658206,433094
41291,8402,8424,8376,8406,582072,439286
41292,8454,8568,8448,8548,808132,454282
41295,8546,8558,8480,8494,403780,426346
41296,8502,8540,8392,8430,863582,443058
41297,8457,8466,8414,8446,496430,462012
41298,8424,8492,8342,8478,1051670,459148
41299,8498,8562,8492,8532,885954,459338
41302,8535,8620,8502,8616,686772,480958
41303,8615,8654,8594,8634,562776,471282
41304,8650,8672,8616,8666,512516,467628
41305,8675,8718,8624,8648,758664,478546
41306,8644,8712,8626,8698,643908,486082
41309,8705,8882,8704,8842,724088,486056
41310,8791,8832,8770,8802,545290,459882
41311,8803,8864,8794,8812,402052,426670
41312,8826,8924,8750,8920,676630,451310
41313,8921,8958,8892,8946,468706,427416
41323,8942,8966,8834,8842,537214,423324
41324,8812,8888,8792,8806,613574,448340
41325,8826,8860,8732,8750,646974,447352
41326,8673,8694,8562,8594,771912,406314
41327,8582,8662,8554,8612,529814,386890
41330,8620,8652,8502,8590,570490,376068
41331,8527,8590,8404,8404,606028,392492
41332,8449,8460,8356,8390,663934,381634
41333,8422,8476,8402,8456,623462,353768
41334,8396,8402,8236,8266,848080,409948
41337,8161,8176,8078,8086,909236,458062
41338,8057,8152,8054,8138,794030,434116
41339,8163,8260,8163,8206,787816,397660
41340,8192,8226,8098,8142,683488,395820
41341,8203,8230,8086,8148,787712,415630
41344,8141,8214,8138,8150,527136,422022
41345,8163,8182,8020,8046,944384,485174
41346,8065,8108,7958,8084,981774,479746
41347,8037,8076,7938,8060,1104530,552602
41348,8088,8334,8088,8244,1356730,460876
41351,8196,8240,8060,8098,1144986,473768
41352,8139,8188,8078,8116,1240740,526908
41353,8017,8120,8010,8082,991900,516952
41354,8111,8202,8094,8102,1019034,535226
41355,8043,8108,7942,7948,1481602,643810
41358,7990,8028,7908,7958,1305724,687978
41359,7956,7982,7854,7876,1307316,725352
41360,7893,7910,7776,7778,1402966,797512
41361,7776,7820,7754,7808,1357250,737404
41362,7710,7878,7710,7770,1519796,658678
41365,7760,7778,7642,7658,912988,677910
41366,7676,7846,7676,7846,1209232,633632
41367,7827,7916,7820,7902,945010,563550
41372,7812,7944,7800,7938,898784,572780
41373,7957,7974,7884,7956,1039064,577374
41374,7989,8088,7962,8084,1541106,665948
41375,8088,8120,8000,8024,1451640,629586
41376,8042,8064,7972,8052,1409616,596278
41379,7951,7951,7698,7774,1559302,640496
41380,7606,7778,7520,7710,1508472,629586
41381,7746,7806,7616,7696,1445990,675310
41382,7524,7654,7456,7534,1979256,842878
41383,7588,7756,7540,7740,1831148,794104
41386,7739,7790,7670,7686,1214532,780820
41387,7713,7778,7584,7614,1598556,828838
41388,7639,7752,7562,7714,1474246,843164
41389,7784,7842,7710,7798,1349898,824342
41390,7868,7878,7738,7754,951970,767348
41396,7603,7698,7592,7692,670290,775980
41397,7758,7840,7726,7768,1029024,812268
41400,7875,7912,7806,7850,1087334,823218
41401,7813,7874,7724,7732,1154290,820898
41402,7732,7858,7716,7858,1217982,835078
41403,7873,7924,7800,7830,1298512,830332
41404,7840,7900,7762,7864,1230152,845240
41407,7863,7884,7800,7828,876760,821690
41408,7844,7860,7760,7828,1246822,807274
41409,7817,7822,7728,7744,1060668,806804
41410,7751,7766,7676,7736,848110,785372
41411,7762,7832,7712,7818,975494,752136
41414,7823,7846,7764,7774,753660,714026
41415,7807,7916,7792,7912,1158032,813124
41416,7889,7910,7846,7878,959008,831336
41417,7838,7842,7756,7778,1258816,720186
41418,7816,7886,7810,7850,985870,765106
41421,7800,7862,7730,7834,904758,821054
41422,7862,7880,7788,7848,807124,891890
41423,7856,7926,7822,7834,973540,866780
41424,7779,7824,7762,7820,653022,839766
41425,7841,7864,7822,7844,583790,795748
41428,7841,7958,7784,7930,1116744,902996
41429,7941,7956,7878,7906,811994,858544
41430,7915,7994,7890,7968,973000,908180
41431,7934,8020,7882,7904,1514950,796610
41432,7915,7966,7886,7934,874624,770602
41438,7902,7974,7786,7844,1284412,798778
41439,7879,7922,7878,7898,675170,775910
41442,7920,7970,7882,7928,844980,771938
41443,7949,7958,7912,7942,633840,798182
41444,7963,7972,7912,7948,563410,796204
41445,7910,7920,7838,7858,679330,749762
41446,7767,7912,7670,7810,818932,753418
41449,7770,7804,7678,7684,689392,789138
41450,7727,7750,7630,7704,780042,771214
41451,7710,7748,7618,7624,719238,843832
41452,7637,7682,7614,7664,567026,804458
41453,7667,7678,7592,7650,684654,812124
41456,7635,7770,7632,7724,543266,792174
41457,7741,7770,7724,7756,390348,751392
41458,7793,7812,7744,7768,520880,715076
41459,7783,7784,7730,7740,351142,703452
41460,7746,7754,7674,7700,399588,708312
41463,7708,7754,7658,7684,506802,715150
41464,7706,7742,7680,7718,374496,696702
41465,7734,7744,7682,7730,515918,689170
41466,7778,7894,7758,7828,1041626,740394
41467,7794,7826,7792,7810,319498,714208
41470,7824,7912,7808,7832,828366,694196
41471,7840,7856,7764,7806,449764,686970
41472,7802,7876,7790,7800,603094,661946
41473,7804,7834,7768,7820,427626,663422
41474,7846,7892,7816,7826,413264,645640
41477,7852,7926,7842,7924,718922,717318
41478,7920,7924,7888,7892,379440,695330
41479,7902,7934,7854,7900,537850,689066
41480,7860,7902,7856,7878,325970,669054
41481,7880,7894,7834,7842,344784,640494
41484,7822,7822,7766,7784,353808,589448
41485,7790,7844,7784,7800,329822,575460
41486,7788,7894,7784,7888,548338,617784
41487,7908,7962,7888,7940,694282,602284
41488,7974,8002,7914,7944,477316,621130
41491,7926,8006,7916,7994,493748,637702
41492,7982,8008,7950,7986,386878,626674
41493,7968,7988,7932,7936,367180,593622
41494,7946,8006,7936,7956,514240,574538
41495,7958,8040,7920,7934,940054,626332
41498,7962,7990,7936,7954,573644,631840
41499,7968,8082,7946,8064,1043026,670422
41500,8056,8072,7984,8000,563494,587930
41501,8014,8048,8000,8022,325064,572620
41502,8026,8066,8010,8016,586214,594060
41505,8026,8080,7992,8004,538250,615400
41506,7978,8004,7874,7878,597834,526062
41507,7876,7908,7852,7854,344764,512514
41508,7842,7904,7816,7876,350564,499336
41509,7900,7912,7844,7848,296544,481852
41512,7912,7980,7912,7972,538732,474510
41513,7962,8000,7948,7990,417362,477504
41514,8042,8208,7980,7980,1701900,541736
41515,7984,8020,7890,7996,595806,471384
41516,7986,8032,7940,8008,626232,478720
41519,8004,8022,7948,7970,534042,475622
41520,7988,8000,7940,7964,342892,502050
41521,7976,8014,7940,7940,566684,530060
41522,7922,7968,7922,7944,284808,520736
41523,7968,7968,7924,7928,296360,524432
41526,7960,8042,7950,8038,604530,580452
41527,8004,8032,7942,7960,503084,525454
41528,7928,7964,7872,7876,462220,524966
41529,7894,7916,7870,7884,273498,508898
41530,7898,7912,7850,7864,314566,518844
41533,7860,7908,7782,7818,399054,525270
41534,7800,7808,7752,7792,337708,549596
41535,7784,7828,7772,7780,329740,537300
41540,7768,7824,7764,7818,313512,532154
41541,7820,7840,7782,7798,251470,528966
41542,7796,7820,7784,7800,155358,522260
41543,7784,7834,7754,7832,285164,501374
41544,7824,7842,7754,7770,292096,487258
41547,7708,7792,7700,7764,224818,477926
41555,7756,7812,7754,7766,176872,505878
41556,7770,7796,7760,7762,191516,536650
41557,7732,7784,7722,7762,156682,542294
41558,7780,7822,7762,7774,311324,550392
41561,7756,7796,7754,7796,150568,552166
41562,7804,7810,7750,7780,232476,538618
41563,7774,7786,7758,7768,126718,534472
41564,7788,7794,7594,7604,589688,622348
41565,7604,7654,7604,7632,328106,623966
41568,7618,7618,7538,7578,387136,617558
41569,7580,7580,7518,7546,316344,628226
41570,7542,7554,7506,7516,208254,642528
41571,7496,7576,7496,7552,270368,626366
41572,7562,7562,7506,7524,172186,625330
41575,7534,7536,7504,7510,162358,635514
41576,7520,7540,7500,7532,171560,625042
41577,7536,7554,7504,7540,229738,625664
41578,7522,7526,7446,7496,429882,678222
41579,7498,7522,7474,7508,215856,671552
41582,7482,7504,7474,7490,205864,684038
41583,7486,7510,7474,7496,238932,687560
41584,7494,7500,7468,7498,216612,689508
41585,7506,7548,7500,7538,379894,671178
41586,7538,7634,7534,7572,375220,650624
41589,7584,7592,7554,7576,179368,650368
41590,7570,7580,7526,7546,195928,644268
41591,7538,7552,7518,7530,167702,644750
41592,7536,7564,7534,7542,285222,676322
41593,7556,7560,7522,7540,178794,690010
41596,7536,7562,7512,7520,276064,702526
41597,7508,7526,7468,7500,311786,722430
41598,7506,7530,7490,7500,200378,728898
41599,7500,7514,7480,7498,225252,729100
41600,7510,7526,7472,7472,242270,735350
41603,7464,7470,7408,7416,269682,766254
41604,7436,7450,7410,7434,240446,752278
41605,7444,7448,7402,7428,190472,751634
41606,7414,7442,7410,7430,173830,756038
41607,7432,7474,7432,7472,319106,782460
41610,7480,7504,7468,7494,247974,787758
41611,7500,7552,7486,7550,324154,794030
41612,7582,7610,7558,7564,494102,787402
41613,7572,7578,7494,7498,288832,781938
41614,7498,7532,7482,7526,190438,740466
41617,7546,7550,7520,7536,177486,738622
41618,7558,7558,7524,7530,143860,738924
41619,7544,7546,7530,7538,126138,723766
41620,7532,7588,7528,7562,416858,760368
41621,7562,7564,7502,7518,309386,680794
41624,7516,7524,7480,7486,226050,649594
41625,7488,7494,7458,7460,172132,655054
41626,7456,7464,7392,7410,478050,717694
41627,7422,7434,7412,7422,179978,677896
41628,7424,7454,7406,7434,209368,660928
41631,7436,7448,7396,7424,248664,647230
41632,7432,7432,7396,7406,204956,653710
41633,7414,7438,7408,7436,156778,625098
41634,7436,7442,7408,7436,196330,628532
41635,7436,7476,7426,7460,230224,605980
41638,7458,7518,7456,7488,229652,583452
41639,7482,7484,7420,7424,175838,561556
41641,7438,7438,7336,7344,338366,604360
41642,7308,7322,7266,7270,189036,612290
41645,7266,7266,7182,7190,269892,638164
41646,7210,7210,7086,7104,251470,643558
41647,7122,7138,7090,7112,171970,623088
41648,7092,7138,7036,7104,264580,598380
41649,7098,7106,7010,7064,338414,586540
41652,7074,7086,7010,7020,196688,583422
41653,7010,7014,6912,6984,528780,602414
41654,6984,6984,6942,6952,190892,598642
41655,7000,7042,6980,7028,212598,469706
41656,7022,7024,6970,7010,177900,474672
41659,6996,7024,6982,7006,163560,480732
41660,6998,6998,6860,6888,460194,561030
41661,6886,6912,6828,6860,347680,561496
41662,6886,6910,6862,6898,218698,551214
41663,6896,6950,6896,6920,260128,539454
41666,6906,6920,6864,6900,188810,530432
41667,6872,6902,6864,6882,151652,522556
41668,6884,6898,6846,6896,147760,508738
41669,6898,6904,6800,6840,196564,506234
41677,6860,6860,6808,6818,113300,523458
41680,6830,6920,6820,6916,291868,543390
41681,6918,6924,6846,6860,214998,567702
41682,6868,6878,6834,6862,172924,580878
41683,6864,6866,6820,6820,242438,622972
41684,6814,6848,6784,6786,398862,684578
41687,6794,6842,6766,6814,519144,700524
41688,6818,6834,6746,6752,553868,765942
41689,6788,6798,6732,6740,577464,830472
41690,6732,6752,6664,6684,722410,889226
41691,6684,6716,6672,6676,457852,899134
41694,6656,6662,6448,6512,967552,955546
41695,6506,6516,6450,6452,492620,987182
41696,6436,6482,6400,6456,541728,1018188
41697,6452,6464,6416,6416,352460,1038106
41698,6404,6466,6398,6430,506772,1033482
41701,6442,6494,6440,6442,473620,1016392
41702,6450,6472,6430,6454,359504,996144
41703,6464,6554,6446,6550,721072,984808
41704,6526,6590,6500,6584,627998,977180
41705,6586,6616,6512,6542,713012,995076
41708,6482,6542,6338,6430,1250132,1033924
41709,6426,6554,6410,6502,885236,983456
41710,6432,6502,6410,6478,766726,1000880
41711,6458,6486,6420,6422,644080,1028804
41712,6374,6374,6188,6188,1366228,1243428
41715,6142,6276,6142,6258,845470,1135426
41716,6240,6282,6196,6264,714504,1147108
41717,6268,6298,6252,6284,439928,1153296
41718,6320,6326,6262,6304,564992,1134846
41719,6300,6356,6272,6354,597720,1141578
41722,6350,6420,6346,6410,795628,1142960
41723,6426,6508,6414,6488,852036,1048928
41724,6492,6528,6474,6510,526844,978372
41725,6502,6564,6466,6532,676346,919408
41726,6540,6634,6536,6628,690584,881120
41729,6650,6668,6580,6592,592214,870712
41730,6580,6596,6486,6492,729010,806840
41731,6474,6536,6472,6496,454260,811620
41732,6474,6486,6422,6432,528808,819376
41733,6432,6468,6422,6444,396100,754302
41737,6442,6520,6442,6490,652794,775874
41738,6502,6514,6364,6368,669368,785012
41739,6368,6402,6332,6358,766000,756532
41740,6360,6388,6348,6376,404370,745624
41743,6402,6424,6368,6408,446124,740184
41744,6408,6420,6362,6370,438688,730876
41745,6374,6402,6350,6390,331784,713212
41746,6398,6438,6358,6380,675152,723100
41747,6372,6382,6300,6304,656834,696488
41750,6316,6318,6216,6242,492858,699072
41751,6232,6266,6190,6264,382592,718876
41752,6250,6266,6214,6238,312420,707992
41753,6244,6288,6236,6286,358180,693370
41754,6292,6304,6260,6282,238198,676450
41757,6274,6274,6212,6218,311706,661250
41758,6204,6240,6164,6222,310440,675218
41759,6230,6232,6190,6196,213000,670438
41764,6166,6182,6096,6108,457080,712990
41765,6102,6118,6064,6064,342522,736540
41766,6054,6064,6012,6058,489124,742338
41767,6064,6064,5992,5992,420482,753154
41768,6002,6066,5992,6062,375864,720082
41771,6076,6112,6068,6096,393848,699302
41772,6124,6182,6124,6138,552912,681900
41773,6146,6196,6142,6196,419558,653484
41774,6194,6242,6160,6178,580596,646422
41775,6166,6180,6112,6180,419094,608094
41778,6196,6324,6176,6324,857420,602790
41779,6312,6324,6264,6300,533784,608316
41780,6316,6412,6316,6404,731724,649282
41781,6418,6440,6360,6410,774278,662370
41782,6412,6504,6396,6502,766816,703600
41785,6514,6558,6476,6548,630628,737172
41786,6544,6576,6456,6466,857424,728148
41787,6464,6524,6440,6522,619028,676748
41788,6520,6580,6508,6554,849068,716244
41789,6558,6568,6482,6532,722518,684760
41793,6550,6674,6526,6538,797010,714732
41794,6540,6642,6502,6642,989932,746074
41795,6642,6754,6616,6734,1409344,757766
41796,6748,6770,6708,6750,1174638,715978
41799,6764,6794,6714,6724,828788,703078
41800,6748,6764,6676,6740,987666,672056
41801,6738,6746,6670,6696,787992,633284
41802,6700,6768,6678,6766,1132298,690466
41803,6800,6966,6780,6954,1733398,809840
41806,7010,7122,7010,7106,1342746,814926
41807,7102,7102,6956,6986,1171718,755186
41808,6996,7040,6940,6952,1100856,766256
41809,6960,6998,6916,6996,936018,755858
41810,7008,7050,6946,7042,827512,725746
41813,7084,7122,7020,7038,1097358,700326
41814,7040,7090,7026,7072,909556,727956
41815,7084,7088,7012,7052,720844,690608
41816,7090,7288,7082,7274,1490446,786388
41817,7270,7310,7230,7308,1212966,787446
41820,7312,7364,7292,7322,1145620,801554
41821,7324,7340,7254,7298,853754,749912
41822,7226,7226,6986,7116,2110254,659584
41823,7070,7206,7044,7190,1421402,704386
41824,7174,7252,7152,7238,1317060,721552
41827,7226,7228,7090,7106,1330624,701768
41828,7088,7088,6900,7030,1929594,738498
41829,7012,7048,6950,6978,1288826,759816
41830,6934,7004,6912,6916,883994,759238
41831,6956,7030,6926,7020,1136446,799556
41834,6992,7044,6966,6988,773160,775596
41835,6996,7040,6976,7022,947142,784278
41836,7000,7146,6998,7140,1361800,853204
41837,7154,7220,7130,7162,1644030,826434
41838,7202,7248,7138,7210,1625114,821982
41841,7228,7234,7160,7182,1250240,855118
41842,7206,7386,7198,7360,2235862,893702
41843,7354,7376,7310,7360,1205904,852624
41844,7328,7338,7184,7212,1645106,785416
41845,7168,7230,7090,7218,1546456,758872
41848,7196,7250,7162,7180,1052502,769632
41849,7192,7280,7162,7240,1205920,809090
41850,7228,7270,7198,7226,1055638,808792
41851,7196,7198,7124,7162,1068326,746202
41852,7120,7228,7100,7194,1080178,730242
41855,7180,7224,7154,7156,680100,707634
41856,7128,7178,7092,7104,829486,726742
41857,7086,7126,7038,7116,1253114,734770
41858,7136,7176,7134,7142,1095280,718766
41859,7176,7186,7126,7186,715132,708230
41862,7202,7282,7202,7236,1426694,737802
41863,7240,7246,7160,7170,929058,715112
41864,7152,7194,7092,7092,1049538,698028
41865,7066,7080,7002,7068,957606,663016
41866,7022,7062,6960,6962,1076934,685612
41869,6970,7004,6844,6924,1344760,737380
41870,6914,6954,6872,6950,836774,741540
41871,6946,6976,6900,6914,958400,762090
41872,6942,6958,6890,6946,904752,746386
41873,6968,6968,6854,6858,1232726,799592
41876,6844,6870,6792,6862,1120990,817040
41877,6862,6864,6782,6818,843494,802206
41878,6820,6848,6742,6742,902278,840480
41879,6740,6754,6690,6706,955068,846236
41880,6706,6766,6684,6758,811248,781616
41883,6766,6782,6704,6714,817778,853300
41884,6718,6790,6700,6780,664476,780310
41885,6750,6764,6636,6652,1048304,827592
41886,6674,6698,6628,6680,864982,826768
41887,6670,6678,6638,6666,624566,782330
41891,6650,6656,6572,6600,937058,835844
41892,6586,6618,6512,6514,728660,805778
41893,6496,6496,6382,6440,1031210,799816
41894,6450,6470,6404,6446,580992,773644
41897,6434,6448,6362,6410,713412,747560
41898,6400,6454,6362,6370,592904,712190
41899,6398,6430,6388,6414,569700,688366
41900,6412,6412,6306,6320,726082,752328
41901,6310,6320,6258,6272,633588,738882
41904,6264,6264,6052,6172,1069190,715878
41905,6162,6182,6122,6160,528284,710292
41906,6158,6212,6094,6182,795896,709234
41907,6206,6280,6188,6278,789724,709174
41908,6260,6346,6182,6310,1054456,685792
41911,6296,6312,6140,6174,764884,691558
41912,6166,6222,6116,6140,556874,673194
41920,5998,6004,5796,5810,910984,797802
41921,5806,5818,5754,5804,903352,851926
41922,5672,5716,5596,5616,1223022,949718
41925,5562,5644,5552,5570,1147054,1068858
41926,5570,5684,5558,5664,1404806,1112604
41927,5544,5680,5510,5662,1570914,1065996
41928,5614,5622,5498,5530,1645902,1097412
41929,5618,5626,5484,5520,1675342,1068746
41932,5540,5600,5524,5544,967890,1029308
41933,5540,5626,5532,5606,1209652,1038720
41934,5632,5654,5590,5606,984576,1040796
41935,5566,5638,5548,5618,952488,1003278
41936,5646,5726,5616,5696,1510220,1038998
41939,5706,5736,5646,5658,909330,1007678
41940,5678,5710,5574,5582,1355858,1079756
41941,5598,5628,5566,5628,1105160,1074432
41942,5624,5686,5606,5610,1233604,1098692
41943,5592,5600,5440,5572,2370112,1146878
41946,5560,5568,5424,5438,1239012,1230052
41947,5390,5410,5348,5350,1409198,1233518
41948,5328,5374,5310,5334,1038404,1185502
41949,5370,5412,5354,5398,1042352,1178914
41950,5386,5476,5376,5466,1256228,1166168
41953,5496,5646,5496,5646,1733422,1175554
41954,5620,5626,5552,5574,1459482,1149338
41955,5564,5664,5558,5634,1664736,1236856
41956,5612,5764,5604,5734,2220426,1339530
41957,5652,5740,5604,5646,2577350,1302846
41960,5690,5734,5564,5570,2199046,1355832
41961,5578,5602,5534,5590,1524266,1338570
41962,5570,5796,5560,5716,3398234,1427936
41963,5726,5812,5712,5758,2267778,1376660
41964,5794,5824,5732,5768,1669012,1344952
41967,5782,5822,5720,5744,2406918,1305944
41968,5732,5740,5626,5732,2361502,1204552
41969,5690,5710,5650,5694,1366366,1196716
41970,5672,5684,5584,5644,1679232,1093540
41971,5442,5502,5400,5400,1645720,1034294
41974,5314,5330,5238,5254,1348446,1046388
41975,5378,5406,5252,5262,1526494,992452
41976,5246,5382,5232,5362,1484666,951694
41977,5364,5430,5364,5382,1262026,889646
41978,5366,5372,5312,5326,879626,836334
41981,5262,5296,5128,5142,1574544,945298
41982,5052,5052,4958,5022,1523628,935544
41983,5038,5096,4998,5074,1125314,908642
41984,5008,5048,4972,5028,1140208,913470
41985,4972,5064,4956,5030,1010096,910382
41988,5028,5094,4956,5064,2284908,942146
41989,5062,5074,4890,4940,2257284,992138
41990,4898,4926,4796,4838,2801152,1083782
41991,4786,4904,4730,4822,2692628,1058964
41992,4882,4890,4794,4818,1829136,1034976
41995,4838,4940,4830,4896,1774624,983088
41996,4866,4870,4790,4796,1503114,1001218
41997,4826,4840,4748,4784,1784258,1093096
41998,4746,4790,4734,4762,1164856,1105398
41999,4760,4834,4760,4780,1356654,1083790
42002,4798,4832,4770,4816,1185378,1069394
42003,4828,4922,4790,4844,2354240,1122240
42004,4852,4938,4832,4860,1725830,1077972
42009,4834,4834,4674,4706,1325826,1183870
42010,4678,4746,4672,4712,1733608,1340074
42011,4704,4738,4622,4640,2831944,1624408
42012,4672,4710,4652,4666,1833990,1647860
42013,4684,4704,4604,4650,2490618,1611012
42016,4638,4668,4624,4636,1221266,1621246
42017,4616,4622,4510,4524,2197948,1771106
42018,4506,4562,4496,4516,1932618,1791238
42019,4530,4650,4508,4612,2586312,1719522
42020,4638,4720,4572,4606,2566890,1659656
42023,4608,4698,4608,4682,1659744,1604038
42024,4672,4690,4636,4658,1200686,1592864
42025,4674,4758,4646,4726,2024580,1570060
42026,4722,4822,4714,4790,2104416,1569718
42027,4824,4848,4756,4784,1654160,1565380
42030,4762,4782,4622,4650,1687094,1597748
42031,4674,4694,4646,4666,1198568,1673002
42032,4656,4712,4656,4692,1164100,1621070
42033,4696,4696,4626,4654,1090964,1649346
42034,4654,4662,4596,4608,1203186,1699610
42037,4566,4676,4518,4600,2528924,1772772
42038,4642,4760,4616,4748,2928942,1761280
42039,4802,4872,4758,4778,2505786,1667840
42040,4772,4782,4700,4742,1650030,1641918
42041,4762,4832,4744,4816,1817312,1683096
42044,4812,4820,4762,4786,1229244,1675908
42045,4794,4804,4734,4748,1268390,1746982
42046,4734,4762,4714,4742,1100808,1799600
42047,4734,4752,4702,4734,1086140,1819106
42048,4752,4840,4738,4818,2164632,1846776
42051,4822,4950,4820,4914,1917724,1723450
42052,4924,4986,4900,4946,1464740,1676014
42060,4840,4902,4836,4876,891622,1651628
42061,4888,5012,4882,4970,2092974,1745488
42062,4954,4980,4884,4938,1914530,1836526
42065,4944,5068,4936,5014,2920058,1847602
42066,4996,5146,4990,5098,4170014,1863826
42067,5098,5116,5026,5052,2438258,1869296
42068,5066,5078,4864,4886,3567624,1856850
42069,4888,4920,4838,4848,2284234,1790214
42072,4854,4860,4744,4790,2260444,1736222
42073,4778,4820,4762,4774,1450358,1704882
42074,4758,4776,4722,4746,1511598,1643910
42075,4746,4820,4744,4812,1658854,1685740
42076,4820,4860,4762,4772,1983234,1805564
42079,4742,4746,4640,4680,2109342,1825130
42080,4672,4754,4658,4738,2216000,1893932
42081,4700,4714,4642,4644,1457580,1925204
42082,4632,4798,4632,4718,1813808,2035346
42083,4696,4746,4676,4722,1475988,2041898
42086,4732,4818,4728,4782,2279562,2006596
42087,4806,4904,4794,4878,3371814,1937372
42088,4910,4922,4764,4768,2227418,1947566
42089,4786,4868,4758,4818,2825040,2038266
42090,4810,4810,4654,4684,3194624,2123778
42093,4674,4696,4592,4594,2744436,2181680
42094,4590,4638,4572,4608,2061614,2175068
42095,4606,4678,4596,4610,2207576,2197254
42096,4616,4676,4566,4624,2637046,2270136
42097,4596,4674,4594,4658,2300522,2091312
42101,4820,4834,4778,4834,2352874,1896370
42102,4832,5040,4832,4990,3982522,1707766
42103,5000,5000,4918,4998,2668678,1668074
42104,4986,4994,4884,4906,2235996,1547460
42107,4892,4950,4882,4932,1697124,1548920
42108,4958,5122,4958,5122,2838628,1670344
42109,5218,5260,5154,5190,3263786,1759584
42110,5192,5350,5162,5286,3629480,1842684
42111,5270,5296,5236,5262,2467908,1885278
42114,5264,5370,5252,5308,2253568,1803654
42115,5288,5472,5278,5428,3126966,1836096
42116,5444,5464,5372,5436,2317170,1850496
42117,5456,5534,5376,5420,3322682,1893914
42118,5444,5482,5312,5370,2945696,1784984
42121,5372,5472,5340,5442,2499444,1813998
42122,5446,5496,5364,5390,2276808,1805870
42123,5422,5422,5242,5258,2877986,1732770
42124,5276,5348,5230,5312,2064918,1669708
42128,5314,5406,5294,5398,1607170,1721158
42129,5408,5430,5322,5384,2218780,1671394
42130,5436,5592,5434,5588,3511270,1804114
42131,5602,5630,5474,5508,3130152,1659114
42132,5492,5510,5398,5436,2463214,1571574
42135,5464,5490,5426,5478,1715270,1588206
42136,5468,5514,5386,5396,2174774,1617606
42137,5430,5434,5370,5380,2048478,1626014
42138,5400,5400,5256,5294,2248182,1620336
42139,5298,5322,5264,5300,1681100,1625504
42142,5294,5318,5232,5304,1873472,1439946
42143,5304,5304,5182,5192,1596570,1436734
42144,5158,5158,5036,5036,1865470,1433440
42145,5038,5128,5030,5080,2125494,1432286
42146,5086,5182,5082,5146,2149874,1428510
42149,5096,5096,4986,5014,2229052,1464890
42150,4996,5120,4996,5042,2290314,1474838
42151,5002,5060,4972,5058,1876670,1519374
42152,5020,5102,5000,5034,2435052,1536476
42153,5012,5070,4968,5050,2353416,1495274
42156,5064,5174,5056,5126,2754004,1508562
42157,5128,5242,5116,5240,2728782,1513532
42158,5250,5322,5234,5252,2668236,1512078
42159,5226,5268,5152,5212,2394674,1428688
42160,5204,5264,5162,5188,2376198,1445216
42163,5218,5218,5142,5154,1794100,1459728
42164,5152,5176,5134,5146,1212230,1447920
42165,5182,5240,5174,5236,1787320,1463012
42166,5260,5272,5196,5210,1495838,1458476
42167,5200,5210,5086,5090,1734500,1400270
42170,5098,5120,5050,5078,1112266,1383900
42171,5052,5146,5040,5116,1668434,1362412
42172,5102,5132,5074,5106,1329254,1353068
42173,5142,5160,5048,5048,1591276,1375894
42174,5068,5102,5028,5074,1408938,1320838
42178,5088,5124,5076,5106,655602,1323532
42179,5092,5150,5080,5148,1179682,1370142
42180,5142,5168,5092,5092,1344808,1337268
42181,5090,5132,5070,5076,1242570,1279262
42184,5056,5132,5046,5118,1285724,1238140
42185,5112,5116,4928,4930,2226402,1311590
42186,4946,5008,4944,4968,1363510,1280988
42187,4968,5108,4882,5096,1673368,1213718
42188,5098,5098,4986,4998,1530000,1200618
42191,4992,4994,4842,4844,1449978,1239768
42192,4828,4828,4700,4700,1530172,1284950
42193,4568,4658,4444,4446,2340382,1028306
42194,4466,4746,4378,4674,2076606,898378
42195,4720,4782,4658,4678,2261206,994016
42198,4658,4676,4532,4598,1853934,1077706
42199,4616,4640,4558,4576,1810936,1088244
42200,4614,4634,4552,4580,1616550,1056766
42201,4564,4638,4508,4582,1896634,1052148
42202,4582,4610,4538,4556,1238890,1102972
42205,4532,4658,4518,4646,1638288,1066790
42206,4640,4668,4588,4636,1470026,1048190
42207,4658,4698,4616,4670,1649586,997698
42208,4656,4688,4632,4662,1511242,1032600
42209,4662,4690,4610,4620,1542650,1047884
42212,4636,4646,4548,4572,2751716,1078204
42213,4548,4606,4530,4572,1580444,1016988
42214,4594,4634,4570,4602,1206620,1004032
42215,4592,4670,4586,4616,1426034,966782
42216,4658,4658,4602,4616,978782,923860
42219,4604,4636,4512,4546,1448506,1028596
42220,4604,4636,4476,4564,1710256,1003532
42221,4576,4692,4552,4672,2159014,1077054
42222,4672,4678,4584,4586,1524916,988654
42223,4574,4632,4542,4630,1457992,950126
42226,4596,4662,4590,4652,1441394,1024966
42227,4668,4764,4634,4638,2950614,1092514
42228,4602,4682,4588,4678,1778302,1019252
42229,4700,4782,4664,4774,2327030,1136588
42230,4756,4756,4694,4696,1945226,1081286
42233,4702,4740,4662,4696,1393444,1060334
42234,4694,4728,4668,4670,1576734,1003944
42235,4676,4714,4640,4704,1821914,1012258
42236,4698,4708,4602,4612,1696288,1001940
42237,4638,4644,4564,4572,1571286,1068638
42240,4566,4590,4422,4422,1166516,1055032
42241,4314,4316,4188,4242,2315756,931984
42242,4330,4370,4222,4256,1555798,954542
42243,4266,4416,4214,4410,2330078,971122
42244,4428,4492,4402,4490,1067686,919018
42247,4482,4552,4438,4462,2134242,866924
42248,4432,4660,4420,4578,2032510,873920
42249,4552,4572,4478,4554,1540336,811066
42254,4528,4626,4528,4554,844936,814632
42255,4558,4558,4480,4524,1877318,906344
42256,4560,4634,4544,4550,2450516,894002
42257,4550,4652,4526,4640,2437742,959220
42258,4632,4726,4606,4684,3356534,962488
42261,4658,4724,4634,4650,2262998,900576
42262,4646,4654,4568,4572,2240016,850750
42263,4586,4672,4584,4658,2313222,867408
42264,4696,4724,4652,4664,2431296,820952
42265,4654,4690,4614,4618,1805128,822306
42268,4602,4646,4560,4638,1878344,893916
42269,4648,4652,4590,4596,1738436,916910
42270,4570,4628,4562,4622,1783608,898628
42271,4614,4634,4576,4594,1452446,870968
42272,4576,4630,4538,4572,2197218,851824
42275,4564,4570,4476,4480,1422204,1055680
42276,4476,4512,4456,4500,1411684,934562
42277,4522,4524,4476,4520,839304,841964
42285,4696,4768,4642,4688,859914,792110
42286,4700,4802,4672,4788,1884006,973874
42289,4790,4818,4730,4808,1837574,1053632
42290,4778,4778,4696,4736,1536632,895184
42291,4714,4754,4710,4720,1278654,894756
42292,4726,4750,4698,4718,1347772,854194
42293,4696,4726,4666,4698,1488458,850920
42296,4688,4718,4674,4678,1259150,905122
42297,4654,4660,4614,4638,631140,892634
42299,4604,4696,4598,4674,1437688,831620
42300,4692,4724,4662,4712,2583470,916348
42303,4702,4702,4650,4698,757784,870728
