39038,6461,6533,6461,6500,55232,45164
39041,6674,6756,6500,6755,34244,51386
39042,6933,6941,6755,6816,104486,58042
39043,6882,6893,6767,6817,101978,54892
39044,6829,6833,6633,6652,90102,51788
39045,6649,6722,6609,6704,93282,52104
39048,6815,6901,6704,6868,77822,50270
39049,6590,6868,6590,6744,63302,50338
39050,6754,6785,6612,6640,63674,45558
39051,6726,6804,6640,6787,81056,46994
39052,6808,6839,6685,6707,92618,47456
39055,6671,6772,6654,6719,70962,46912
39056,6644,6719,6619,6692,58774,46040
39057,6706,6734,6691,6695,48172,46262
39058,6621,6695,6553,6602,87744,47452
39059,6632,6633,6579,6612,65724,46696
39062,6596,6679,6587,6677,70808,44008
39063,6723,6827,6677,6802,90248,43644
39064,6748,6802,6699,6724,82618,40734
39065,6747,6770,6716,6734,54474,41130
39066,6716,6734,6636,6643,62978,41754
39069,6616,6643,6587,6631,53650,41986
39070,6567,6634,6567,6617,50564,44470
39071,6655,6659,6617,6645,30138,44780
39072,6645,6699,6633,6681,39704,44856
39073,6679,6711,6656,6666,39012,43672
39076,6705,6708,6666,6693,25858,43424
39077,6693,6836,6685,6821,76154,45914
39078,6827,6849,6763,6765,62674,42276
39079,6778,6823,6748,6798,39052,41920
39080,6803,6837,6776,6807,32306,38750
39086,6705,6807,6550,6565,37780,34014
39087,6561,6647,6561,6641,34732,32118
39090,6636,6670,6590,6595,22836,35026
39091,6556,6599,6543,6574,30268,37684
39092,6554,6618,6540,6616,25884,38606
39093,6605,6635,6591,6601,25340,40758
39094,6613,6622,6542,6571,33942,41314
39097,6818,6818,6571,6776,51778,40944
39098,6747,6776,6679,6703,35940,38120
39099,6677,6703,6663,6681,16496,39438
39100,6702,6725,6651,6658,16114,40840
39101,6644,6658,6584,6599,18444,42656
39104,6605,6628,6565,6594,19010,44018
39105,6596,6621,6594,6609,10234,44402
39106,6687,6698,6601,6603,24022,44680
39107,6586,6614,6578,6606,19244,43976
39108,6587,6606,6420,6447,65530,51594
39111,6472,6477,6391,6434,60316,55326
39112,6420,6434,6361,6418,50588,54428
39113,6487,6488,6442,6462,41940,50690
39114,6444,6534,6436,6515,42194,49370
39115,6492,6547,6471,6498,43430,47430
39118,6580,6628,6498,6591,36722,47354
39119,6586,6639,6579,6618,45062,50258
39120,6592,6618,6560,6599,39116,51074
39121,6590,6599,6517,6522,29986,53200
39122,6544,6563,6522,6548,16094,52386
39125,6537,6551,6482,6490,29268,56866
39126,6469,6490,6437,6447,29454,54296
39127,6463,6481,6447,6464,12508,53142
39128,6450,6503,6444,6478,17748,53538
39129,6484,6498,6471,6484,6918,52400
39139,6551,6605,6484,6565,33016,47500
39140,6548,6604,6544,6572,18512,45594
39141,6507,6572,6489,6533,11492,45130
39142,6552,6584,6522,6526,12908,45734
39143,6465,6526,6455,6476,18562,47690
39146,6437,6476,6423,6433,19078,47712
39147,6459,6495,6433,6488,17130,47422
39148,6468,6488,6448,6467,11638,45446
39149,6475,6492,6465,6469,7782,44664
39150,6489,6489,6466,6466,9728,42190
39153,6466,6481,6454,6477,6842,41480
39154,6477,6517,6477,6514,13696,42462
39155,6514,6514,6463,6489,15648,42066
39156,6489,6518,6489,6501,10384,44212
39157,6501,6501,6471,6479,9872,42546
39160,6479,6502,6479,6491,7692,44008
39161,6491,6532,6481,6503,19782,46936
39162,6503,6564,6503,6536,30804,49670
39163,6536,6543,6515,6516,19634,46970
39164,6516,6552,6516,6548,13016,48230
39167,6597,6616,6571,6590,36176,49246
39168,6590,6593,6552,6592,17020,50430
39169,6592,6670,6592,6670,39166,57286
39170,6670,6726,6670,6677,60272,59824
39171,6677,6750,6677,6744,52684,59140
39174,6744,6744,6647,6711,41580,60720
39175,6711,6875,6711,6861,94316,70062
39176,6861,6906,6811,6890,128280,79482
39177,6890,6897,6831,6834,95722,78056
39178,6838,6849,6773,6785,72304,75282
39181,6812,6872,6796,6856,72198,74728
39182,6856,6856,6762,6787,52166,67838
39183,6787,6878,6787,6876,70086,72710
39184,6876,6994,6870,6960,112408,84708
39185,6960,7041,6930,6976,122302,87480
39188,6976,7131,6976,7128,120294,98306
39189,7128,7147,7036,7046,102252,93620
39190,7046,7046,6845,6861,125078,79734
39191,6861,6902,6789,6896,94362,73184
39192,6896,6956,6856,6882,83646,70140
39195,6882,6982,6882,6910,64818,69358
39196,6910,6923,6860,6870,67404,69782
39197,6870,6947,6849,6925,74416,69426
39198,6925,7004,6925,6943,66454,68852
39199,6943,6943,6874,6900,55414,64706
39202,6900,6946,6900,6928,31912,59378
39210,6905,6929,6869,6916,31080,62970
39211,6916,7022,6916,7020,46780,69472
39212,7020,7065,6989,7041,68262,72894
39213,7041,7109,7041,7093,79578,79002
39216,7093,7291,7093,7285,80338,93798
39217,7284,7284,7189,7220,104102,96716
39218,7220,7332,7220,7282,78580,96248
39219,7282,7321,7245,7283,102250,101504
39220,7283,7364,7283,7355,93068,101222
39223,7355,7398,7321,7375,109606,100068
39224,7369,7375,7329,7337,78012,97454
39225,7337,7345,7295,7328,62078,97046
39226,7328,7431,7328,7431,88386,102674
39227,7431,7651,7431,7645,243368,119516
39230,7645,7875,7645,7845,207088,118404
39231,7845,7934,7725,7774,272078,118172
39232,7774,7774,7534,7544,207560,111798
39233,7544,7784,7544,7760,217192,114872
39234,7760,7828,7661,7731,254712,120586
39237,7731,7791,7668,7722,183434,126830
39238,7722,7880,7707,7873,229976,136958
39239,7873,7997,7873,7939,371300,141862
39240,7939,7939,7852,7912,324522,142142
39241,7912,8045,7848,7851,326478,140088
39244,7851,7905,7787,7821,315716,139210
39245,7769,7769,7648,7658,269654,136520
39246,7658,7660,7505,7529,314356,131352
39247,7529,7659,7529,7583,326838,137070
39248,7583,7648,7583,7645,216512,132864
39251,7645,7814,7645,7794,173834,130748
39252,7794,7794,7672,7701,150876,128936
39253,7701,7701,7577,7649,148066,130222
39254,7649,7657,7613,7634,112916,129724
39255,7634,7634,7548,7568,91944,130112
39258,7568,7642,7526,7640,105982,131750
39259,7651,7657,7547,7563,140942,126638
39260,7581,7610,7505,7557,278654,136472
39261,7568,7630,7548,7624,138994,128678
39262,7624,7692,7624,7689,107418,122124
39265,7689,7936,7689,7884,193466,119414
39266,7884,7896,7836,7885,126822,116816
39267,7885,7935,7844,7932,107670,121658
39268,7932,7964,7877,7899,155860,118050
39269,7916,7995,7883,7988,140468,127382
39272,7959,8018,7951,7967,194946,124072
39273,7993,8015,7921,7921,162508,119034
39274,7989,8107,7921,8092,237974,126222
39275,8081,8155,8074,8153,228116,124748
39276,8156,8167,8079,8124,169782,120758
39279,8008,8054,7968,8050,157432,122848
39280,7938,8044,7929,8022,150000,121556
39281,8008,8087,8008,8072,195218,125798
39282,8110,8125,8042,8052,178528,123620
39283,8080,8153,8065,8146,146006,129502
39286,8079,8153,8075,8119,121220,131932
39287,8116,8116,8044,8083,153728,130274
39288,8091,8144,8090,8142,130126,131794
39289,8126,8213,8122,8202,158528,131844
39290,8179,8222,8155,8196,162992,127804
39293,8279,8436,8256,8436,213048,140348
39294,8473,8532,8391,8469,263956,133444
39295,8535,8559,8442,8456,239092,119000
39296,8470,8517,8433,8465,226440,119986
39297,8471,8473,8392,8426,155872,115572
39300,8362,8426,8332,8334,154634,109392
39301,8329,8334,8244,8251,158672,107824
39302,8282,8342,8251,8334,128886,102946
39303,8377,8473,8334,8440,145958,100392
39304,8392,8440,8390,8431,88796,99596
39307,8442,8482,8397,8453,120040,100486
39308,8405,8432,8365,8373,102996,104170
39309,8306,8345,8295,8328,95802,105828
39310,8292,8297,8169,8175,136252,110728
39311,8009,8054,7918,7923,178326,110982
39314,7978,8117,7978,8054,167002,105816
39315,8073,8108,7997,8062,179604,104752
39316,8027,8042,7969,7991,176894,112026
39317,8056,8072,8009,8022,111352,108024
39318,8059,8093,8023,8066,169512,106662
39321,8099,8129,8041,8041,144892,104880
39322,8087,8105,8061,8100,116602,98612
39323,8015,8053,7977,8000,165818,106534
39324,8062,8084,8030,8061,130412,97998
39325,8082,8125,8058,8091,107042,99018
39328,8059,8079,7965,8064,74864,100494
39329,8090,8093,7993,8017,95102,106688
39330,8066,8079,8003,8032,83718,100094
39331,8006,8027,7982,8016,61702,99026
39332,7942,8019,7934,7937,49330,100652
39335,7974,8248,7950,8202,260944,101320
39336,8230,8286,8225,8232,239422,104054
39337,8257,8259,8185,8215,92028,104302
39338,8321,8353,8252,8253,213832,100684
39339,8287,8341,8278,8310,125934,105082
39342,8480,8538,8448,8531,129348,105356
39343,8549,8569,8504,8533,92142,104760
39344,8540,8543,8333,8397,134884,100552
39345,8378,8417,8348,8363,82572,106270
39346,8393,8450,8384,8404,65096,106692
39349,8359,8413,8335,8374,75896,108326
39350,8382,8422,8360,8386,77204,110658
39351,8308,8399,8299,8379,83128,111566
39352,8400,8412,8376,8380,46208,108846
39353,8443,8502,8423,8499,72252,108068
39363,8374,8433,8344,8387,57664,110418
39364,8386,8448,8369,8442,71796,118928
39365,8484,8564,8473,8518,108588,120240
39366,8546,8602,8536,8587,97204,123270
39367,8599,8671,8579,8660,133750,130666
39370,8625,8690,8625,8665,86730,128542
39371,8689,8747,8689,8732,85698,128524
39372,8733,8766,8645,8653,87150,122950
39373,8696,8696,8614,8651,68836,119184
39374,8719,8785,8713,8771,88956,120880
39377,8681,8681,8627,8664,62858,114328
39378,8700,8788,8696,8785,65100,116682
39379,8778,8805,8736,8738,49772,113392
39380,8746,8790,8682,8719,85088,107820
39381,8791,8865,8779,8865,84924,113400
39384,8957,9025,8878,8987,119030,119056
39385,8977,8992,8921,8932,85622,113300
39386,8884,8934,8868,8881,66172,109780
39387,8988,9048,8951,8963,73138,112170
39388,8886,8935,8871,8917,57490,110830
39391,8931,8997,8930,8984,68476,115220
39392,8983,9126,8983,9124,86328,124812
39393,9251,9314,9199,9266,133314,126514
39394,9212,9339,9212,9337,147900,138868
39395,9371,9446,9371,9445,196330,145522
39398,9485,9495,9414,9438,160006,143226
39399,9416,9618,9367,9614,222098,153296
39400,9613,9668,9574,9623,180822,150956
39401,9696,9723,9627,9639,141134,155338
39402,9664,9664,9405,9441,216394,150492
39405,9470,9520,9264,9448,179956,148744
39406,9369,9369,9034,9058,320556,144678
39407,9292,9362,9175,9339,259184,141580
39408,9327,9420,9309,9399,130842,138228
39409,9389,9503,9283,9472,174300,140914
39412,9577,9611,9521,9586,143920,143910
39413,9500,9534,9433,9466,120106,144802
39414,9413,9421,9329,9329,112420,146024
39415,9391,9448,9323,9384,151018,144428
39416,9350,9350,9237,9322,115244,145804
39419,9322,9393,9284,9392,97826,143734
39420,9431,9456,9402,9431,104172,139936
39421,9461,9469,9391,9423,84234,135998
39422,9319,9368,9294,9341,109874,141108
39423,9439,9493,9373,9488,120490,136330
39426,9467,9553,9423,9512,103358,130296
39427,9486,9588,9486,9566,101406,129274
39428,9569,9573,9495,9511,66302,122960
39429,9623,9712,9595,9651,117060,126736
39430,9669,9701,9624,9699,92404,127950
39433,9720,9817,9712,9758,95564,125618
39434,9730,9730,9630,9630,68044,120220
39435,9646,9796,9632,9768,148596,126160
39436,9799,9840,9757,9774,104952,122714
39437,9740,9842,9722,9827,97906,119098
39440,9850,9973,9817,9930,145100,124938
39441,9944,10004,9913,9997,106002,124750
39442,10005,10250,9989,10248,157134,131450
39443,10408,10507,10211,10227,202088,117510
39444,10300,10569,10238,10499,239582,117108
39449,10560,10617,10477,10542,146540,120818
39450,10700,10740,10513,10533,170338,118442
39451,10577,10581,10412,10457,184558,116766
39454,10398,10549,10359,10510,143832,121836
39455,10471,10518,10373,10419,156778,120354
39456,10494,10556,10415,10551,140284,126102
39457,10491,10529,10447,10497,119468,124050
39458,10524,10815,10515,10811,229586,137810
39461,10941,11007,10771,10958,271146,130488
39462,10882,11021,10854,10949,220308,128600
39463,10903,11024,10748,10907,386720,142808
39464,10886,11133,10821,11131,347998,150720
39465,11037,11130,10650,10744,615458,142790
39468,10776,10900,10685,10815,444142,138908
39469,10534,10600,10366,10369,371830,139288
39470,10567,10585,10311,10471,388542,142996
39471,10311,10424,10181,10374,393042,146426
39472,10556,10710,10516,10704,334188,154346
39475,10718,10732,10554,10593,279700,152636
39476,10698,10832,10698,10823,307410,158074
39477,10855,10900,10796,10842,321364,165818
39478,10852,10949,10816,10908,282078,167254
39479,10965,11035,10933,10952,248028,158694
39482,11078,11078,10903,11013,175166,156130
39483,11127,11403,11110,11400,220088,154970
39491,11428,11577,11349,11523,259794,166962
39492,11582,11755,11562,11745,248448,173068
39493,11916,12134,11867,11954,409656,173368
39496,11949,12291,11939,12290,321722,174038
39497,12349,12435,12151,12320,429926,176920
39498,12446,12446,12176,12251,489712,179754
39499,12401,12546,12345,12543,342140,174188
39500,12482,12618,12404,12545,335044,164476
39503,12721,12994,12721,12989,195476,165376
39504,13067,13337,12623,12864,641898,182362
39505,13084,13311,13058,13266,620750,197092
39506,13344,13344,13108,13298,474030,201802
39507,13566,13771,13527,13770,232836,205408
39510,14079,14217,13922,14205,230178,226606
39511,14526,14695,13570,13932,736664,236790
39512,13573,13703,13573,13599,172184,235566
39513,13580,13834,13062,13345,891812,230350
39514,12923,13834,12901,12943,60084,218036
39517,12383,12385,12352,12352,4228,217090
39518,12120,12455,12005,12275,897612,211106
39519,12374,12420,11783,11805,548410,202212
39520,11888,12350,11707,12238,899240,201108
39521,12118,12237,11918,12021,722644,203892
39524,11600,11662,11593,11617,67364,193354
39525,11144,11152,11140,11140,1306,193126
39526,10983,11193,10705,10741,642558,182740
39527,10479,10828,10453,10720,169336,175320
39528,10581,10858,10533,10644,586570,174848
39531,10763,11058,10740,10991,521962,182274
39532,11187,11258,10732,11059,776338,178040
39533,11294,11319,11070,11226,608816,175964
39534,11132,11151,10899,10908,495202,177578
39535,11068,11075,10791,10896,640060,178750
39538,10653,11008,10630,10989,629844,178490
39539,10331,10332,10331,10332,4482,175848
39540,10393,10534,10332,10417,618028,179258
39541,10774,10781,10579,10636,377774,168174
39545,10695,11059,10693,11015,420700,175772
39546,10918,10981,10817,10858,389700,171764
39547,10889,11045,10835,10897,470848,171570
39548,11263,11285,11074,11112,319130,163404
39549,11161,11229,11074,11136,352648,157944
39552,11080,11669,11020,11656,520408,165622
39553,11757,11930,11749,11886,322012,151638
39554,11892,11945,11598,11753,599508,149576
39555,11642,11809,11613,11724,412318,143766
39556,11684,11845,11613,11667,442048,139302
39559,11661,11661,11175,11179,422072,134542
39560,11048,11283,11037,11138,373058,123674
39561,11482,11573,11345,11570,345346,119176
39562,11495,11522,11379,11454,298260,115644
39563,11217,11291,11179,11195,250906,124016
39566,11068,11288,11068,11244,267496,121982
39567,11034,11121,10750,10826,314884,128334
39568,10830,10935,10793,10874,326038,119894
39573,10786,10896,10786,10820,255766,128734
39574,10831,10987,10831,10882,237620,123032
39575,10874,10898,10655,10747,270092,130640
39576,10844,10951,10738,10830,338854,126100
39577,10862,10890,10771,10872,246016,128992
39580,11198,11369,11178,11308,57864,122298
39581,11273,11458,11218,11329,286510,123672
39582,11403,11661,11402,11624,262402,129176
39583,11536,11536,11089,11272,368736,121542
39584,11258,11365,11136,11324,363700,116978
39587,11430,11446,11173,11208,289260,113858
39588,11072,11129,11010,11077,215208,110614
39589,11078,11111,10939,11026,217196,110232
39590,11412,11488,11200,11272,287774,113114
39591,11060,11121,11006,11114,143204,109346
39594,11245,11273,11125,11193,208486,108288
39595,11250,11641,11151,11580,412752,122090
39596,11335,11375,11232,11333,227152,106570
39597,11320,11442,11261,11269,215488,106922
39598,11003,11075,10839,10873,255072,102476
39601,11036,11075,10924,10944,165638,101002
39602,10950,11118,10898,11110,162664,99588
39603,10985,11050,10952,10984,146780,100660
39604,11098,11107,11051,11089,115180,99044
39605,11426,11452,11333,11355,112580,98360
39609,11448,11545,11425,11488,98960,103884
39610,11362,11713,11362,11663,175248,106612
39611,12047,12109,11826,11878,182598,113704
39612,11950,12387,11946,12293,407022,143464
39615,12374,12461,12203,12258,273372,133054
39616,12096,12117,11730,11907,232044,131186
39617,11968,12160,11911,11911,208860,134050
39618,11904,12017,11776,11862,196766,129616
39619,11674,11752,11572,11593,216090,132482
39622,11479,11624,11420,11512,183004,132222
39623,11505,11604,11408,11453,148884,134286
39624,11395,11552,11395,11551,125964,135356
39625,11630,11737,11584,11650,163554,123454
39626,11864,11900,11726,11821,137272,120170
39629,11856,11967,11812,11927,166984,113608
39630,11971,12159,11960,12126,201054,130914
39631,12201,12216,12062,12121,199092,133508
39632,12213,12226,11577,11659,295840,129664
39633,11769,11816,11579,11731,207812,132086
39636,11534,11669,11484,11629,110282,129900
39637,11329,11545,11327,11497,125100,124466
39638,11595,11647,11518,11592,103002,113444
39639,11631,11638,11432,11492,112616,113852
39640,11601,11758,11560,11730,128324,103572
39643,11553,11553,11403,11449,136112,107710
39644,11452,11546,11410,11488,151900,103606
39645,11397,11480,11377,11429,154020,107942
39646,11497,11529,11456,11485,90640,106494
39647,11334,11346,11116,11157,167464,123288
39650,10848,10916,10675,10675,138886,126918
39651,10568,10718,10557,10710,200108,117376
39652,10690,10690,10136,10264,328666,122502
39653,10279,10419,10126,10263,370902,126106
39654,10285,10325,10213,10294,223656,128234
39657,10415,10423,10317,10349,182088,128652
39658,10300,10300,9869,9940,348000,149186
39659,10026,10085,9804,10001,388428,137570
39660,10076,10138,10039,10112,251456,135440
39661,9981,9981,9737,9755,267516,141704
39664,9485,9485,9309,9310,155576,148068
39665,8915,8918,8895,8895,12100,143352
39666,8817,9251,8817,8977,407208,140588
39667,8848,9128,8781,9108,445630,128516
39668,9098,9144,8909,8933,440026,135866
39671,8728,8749,8549,8550,185192,137018
39672,8575,8650,8396,8515,489348,133344
39673,8585,8904,8557,8859,533486,128452
39674,9143,9150,8794,8916,571798,144192
39675,8634,8681,8507,8507,297420,140988
39678,8737,8877,8680,8844,449014,141472
39679,8792,8956,8724,8835,582782,136554
39680,8977,9283,8904,9251,561754,146238
39681,9229,9440,9175,9426,658450,141750
39682,9604,9716,9471,9490,659098,157926
39685,9540,9540,9404,9486,447316,157066
39686,9359,9369,8998,9008,462850,152254
39687,9246,9300,9078,9145,666566,155992
39688,9038,9057,8913,9018,499502,162910
39689,8864,9229,8854,9207,742446,157658
39692,9151,9347,9148,9272,545424,157224
39693,8947,9019,8914,8941,436932,147976
39694,8992,9049,8942,8975,440888,149020
39695,8823,8950,8814,8950,404712,155128
39696,8687,8791,8667,8719,366344,152800
39699,8756,8820,8665,8672,377278,159050
39700,8622,8630,8337,8369,526774,160902
39701,8358,8496,8270,8413,638204,161664
39702,8332,8509,8332,8426,573286,140756
39703,8538,8599,8442,8554,536444,143616
39707,8207,8242,8094,8094,139880,137160
39708,8085,8085,7796,7901,630524,152554
39709,8100,8105,7685,7694,666150,169348
39710,7765,7890,7702,7814,700564,155476
39713,8177,8179,8102,8179,287070,144332
39714,8487,8494,8281,8291,743022,147068
39715,8225,8264,8054,8245,720098,148088
39716,8063,8266,8034,8222,820840,141668
39717,8164,8295,8154,8257,617430,130346
39727,7879,7879,7827,7827,922,129744
39728,7487,7487,7437,7437,16164,114670
39729,7117,7277,7066,7067,571438,113206
39730,7158,7217,7070,7211,638890,115160
39731,6811,6914,6794,6794,46492,107344
39734,6538,6765,6471,6666,599498,128210
39735,6945,6945,6838,6916,335738,120486
39736,6591,6625,6544,6558,170060,119768
39737,6231,6279,6230,6230,104082,118840
39738,6465,6545,6131,6468,633606,128242
39741,6574,6705,6491,6705,446336,140642
39742,6724,6724,6299,6374,633954,129416
39743,6249,6363,6176,6176,394406,131542
39744,5990,6203,5974,6178,94352,124358
39745,6356,6356,5993,6000,813580,129094
39748,6053,6210,5859,5874,648922,130290
39749,6156,6305,5965,6244,691474,125948
39750,6211,6214,6053,6097,572638,131844
39751,6327,6421,6257,6414,565726,147884
39752,6194,6451,6123,6406,790300,165560
39755,6448,6626,6435,6623,348172,158562
39756,6576,6665,6467,6552,785806,167714
39757,6740,6780,6638,6667,728558,164500
39758,6422,6478,6380,6418,474956,161514
39759,6409,6489,6355,6474,558580,155470
39762,6603,6731,6559,6689,459732,161772
39763,6559,6621,6474,6479,552960,158722
39764,6391,6430,6284,6388,503574,161814
39765,6228,6232,6055,6117,390896,160230
39766,6235,6319,6189,6219,530210,173050
39769,6205,6273,6141,6174,354116,170796
39770,6170,6246,6135,6159,344394,162370
39771,6179,6239,6173,6235,327146,165188
39772,6094,6143,6029,6032,398578,176204
39773,5820,5970,5762,5941,417292,162756
39776,5968,5983,5892,5946,297530,161934
39777,6112,6140,6079,6113,264658,160536
39778,6100,6225,6087,6213,406064,173678
39779,6265,6338,6211,6211,482406,164642
39780,6251,6269,6159,6264,443012,169322
39783,6227,6297,6160,6263,439498,173576
39784,6092,6154,6016,6021,377866,165894
39785,6006,6061,5961,5980,350116,163096
39786,5988,6042,5816,5868,520082,158556
39787,5786,5797,5644,5646,161116,163438
39790,5630,5871,5621,5837,554646,153904
39791,5819,5834,5669,5687,412144,149466
39792,5722,5868,5707,5825,422346,145608
39793,5794,5893,5781,5860,399806,142806
39794,5895,5954,5646,5724,421838,150942
39797,5843,5939,5839,5908,401424,157112
39798,5779,5798,5714,5769,291620,156582
39799,5834,5857,5779,5779,283192,156766
39800,5686,5742,5668,5694,262470,153908
39801,5669,5791,5665,5781,242328,142664
39804,5826,6020,5807,6020,392056,151826
39805,5980,5980,5865,5877,349260,148270
39806,5935,6011,5927,5994,295618,159904
39807,5989,6153,5964,6089,552280,174352
39808,6117,6123,6010,6051,365480,160772
39811,6271,6301,6190,6227,384526,163776
39812,6170,6229,6128,6143,251190,161072
39813,6106,6148,6020,6074,283190,161190
39818,6228,6291,6164,6244,554596,157640
39819,6271,6523,6231,6474,703786,163330
39820,6584,6729,6447,6495,683406,146162
39821,6360,6422,6294,6306,373728,140666
39822,6378,6538,6378,6475,492862,136426
39825,6553,6685,6540,6556,440436,140058
39826,6298,6325,6296,6296,95980,141000
39827,6342,6398,6263,6367,438644,144132
39828,6259,6278,6191,6200,242152,144368
39829,6306,6329,6273,6287,202590,139714
39832,6312,6343,6178,6201,279744,149534
39833,6216,6227,6145,6180,234804,143246
39834,6138,6237,6121,6202,221260,136226
39835,6244,6256,6142,6198,155148,130458
39836,6146,6186,6129,6169,91874,124734
39846,6110,6110,5989,5998,118418,137860
39847,5954,6181,5947,6158,365806,152156
39848,6157,6254,6136,6218,315014,158646
39849,6210,6286,6128,6182,447410,186254
39850,6229,6312,6229,6294,435298,196414
39853,6296,6578,6296,6565,597296,216728
39854,6564,6612,6485,6572,532352,215538
39855,6466,6564,6251,6346,652152,193800
39856,6353,6425,6297,6375,497032,203716
39857,6377,6462,6376,6455,359226,196466
39860,6447,6453,6337,6368,351354,193060
39861,6361,6398,6315,6326,303996,188832
39862,6058,6058,6037,6037,86500,186514
39863,6032,6080,5923,5929,397086,193794
39864,5965,6029,5962,5998,312056,203994
39867,5969,6064,5940,6062,378646,226440
39868,5985,6004,5805,5934,552066,248546
39869,6071,6112,6018,6048,444728,258852
39870,6138,6152,6004,6014,411436,261344
39871,6011,6012,5857,5935,484518,271358
39874,5941,6020,5915,5945,351822,261814
39875,5825,5923,5819,5917,286656,263544
39876,5916,5980,5910,5974,247382,264854
39877,6067,6068,5927,5930,344068,263704
39878,5898,5988,5895,5983,278792,255988
39881,6041,6092,6003,6042,463778,246532
39882,6031,6149,6027,6148,504734,261894
39883,6140,6142,6046,6049,355078,252692
39884,5991,6014,5955,5978,361670,276836
39885,6022,6046,5966,5973,342330,288258
39888,5963,6020,5937,5988,273212,286106
39889,6036,6096,6026,6054,359718,291056
39890,6077,6105,6056,6065,343660,290494
39891,6115,6237,6112,6229,636930,323932
39892,6255,6352,6235,6344,789122,346384
39895,6406,6571,6359,6492,1158280,353204
39896,6448,6489,6349,6371,719824,346028
39897,6386,6422,6288,6295,607796,338378
39898,6340,6423,6314,6406,671894,335600
39899,6406,6482,6297,6331,759334,319206
39902,6275,6322,6248,6261,466116,314386
39903,6262,6337,6256,6308,600196,340404
39904,6403,6465,6379,6388,710084,341704
39905,6430,6476,6422,6474,607454,337716
39906,6559,6591,6502,6522,652980,326836
39910,6524,6677,6510,6666,812078,343368
39911,6614,6644,6487,6499,806514,337354
39912,6588,6642,6565,6613,638356,330698
39913,6617,6715,6611,6687,728526,345012
39916,6663,6950,6647,6824,1204506,353544
39917,6857,6905,6784,6875,994930,358914
39918,6965,7088,6955,7083,890022,370986
39919,7125,7195,7092,7153,930092,385650
39920,7176,7192,7013,7190,1020354,365110
39923,7165,7181,7083,7091,987880,368038
39924,6938,6954,6780,6780,826284,335732
39925,6892,6971,6816,6838,853960,325090
39926,6850,6954,6836,6927,864290,320434
39927,6940,7054,6886,6894,1008378,301402
39930,6824,6847,6621,6630,774448,311760
39931,6733,6773,6646,6708,724770,282232
39932,6733,6847,6670,6839,616266,259292
39933,6900,7073,6892,7071,786236,254686
39937,7334,7336,7334,7336,21548,245798
39938,7370,7436,7314,7369,1119854,280066
39939,7380,7607,7370,7597,1189662,351004
39940,7677,7708,7529,7531,1407172,341486
39941,7569,7697,7469,7695,1349802,379214
39944,7623,7633,7468,7509,1540208,374498
39945,7617,7734,7576,7732,1457170,403054
39946,7770,7825,7718,7790,1436446,405584
39947,7590,7658,7563,7581,1208902,383532
39948,7643,7715,7529,7549,1292416,387142
39951,7365,7365,7250,7310,837882,369048
39952,7404,7517,7363,7496,1089142,375116
39953,7479,7557,7444,7446,1205518,396322
39954,7456,7516,7399,7408,1152412,393986
39955,7450,7535,7443,7490,1137870,383774
39958,7514,7538,7458,7511,1000944,401216
39959,7529,7533,7413,7415,854590,389774
39960,7479,7480,7411,7427,701096,376794
39965,7651,7863,7621,7809,966832,354816
39966,7915,7915,7802,7825,1392092,377428
39967,7848,7882,7834,7879,807808,393058
39968,7688,7778,7679,7772,668132,394328
39969,7895,7949,7840,7846,685864,391010
39972,7813,7858,7739,7753,614774,396370
39973,7784,7835,7718,7803,820792,403570
39974,7833,7835,7737,7765,839796,407164
39975,7713,7735,7678,7683,773882,414032
39976,7689,7716,7567,7579,773488,414998
39979,7476,7547,7427,7512,901832,404330
39980,7510,7596,7491,7586,1179354,468166
39981,7567,7574,7516,7546,875140,457198
39982,7553,7574,7436,7456,1003828,458946
39983,7475,7496,7448,7461,670446,447458
39986,7352,7387,7301,7313,554394,456090
39987,7254,7349,7214,7346,996890,445574
39988,7347,7351,7276,7294,805320,441528
39989,7283,7419,7260,7398,979400,444212
39990,7390,7485,7389,7447,858404,456468
39993,7361,7418,7298,7301,795454,464272
39994,7328,7379,7311,7341,753846,465574
39995,7339,7451,7335,7438,950250,500868
39996,7467,7470,7320,7326,1049888,489452
39997,7298,7304,7060,7163,1366868,508716
40000,7143,7194,7095,7136,1057152,500380
40001,7149,7196,7114,7143,934938,513256
40002,6956,6960,6829,6876,940106,518718
40003,6869,6907,6860,6889,712200,520700
40004,6903,6988,6822,6928,1416836,560378
40007,6956,6970,6851,6851,908318,554046
40008,6906,6957,6896,6947,740414,544148
40009,6963,7060,6953,7052,884304,539350
40010,7044,7053,6955,7000,996670,541642
40011,6991,7054,6980,7044,718798,535822
40014,7131,7159,7108,7155,703222,523126
40015,7156,7213,7099,7109,841348,530030
40016,7078,7149,7051,7104,870958,546418
40017,7128,7154,7099,7115,670016,534370
40018,7127,7139,7044,7060,617004,525186
40021,6990,7038,6975,6988,576466,522374
40022,6985,7168,6985,7157,875800,542802
40023,7124,7193,7071,7123,936128,532062
40024,7120,7176,7111,7155,695768,558144
40025,7311,7350,7259,7314,1002204,564248
40028,7429,7463,7315,7458,1032246,560798
40029,7572,7573,7438,7495,940088,546276
40030,7535,7643,7513,7565,1047748,556742
40031,7561,7583,7412,7421,1009300,584474
40032,7391,7456,7347,7382,1005042,593078
40035,7397,7585,7388,7583,1018246,595556
40036,7527,7625,7506,7604,960782,610094
40037,7672,7771,7641,7650,1304424,613376
40038,7767,7822,7661,7724,1287406,639054
40039,7693,7706,7571,7586,951902,632030
40042,7459,7480,7302,7351,1299106,609278
40043,7407,7451,7386,7438,859062,605712
40044,7464,7498,7198,7279,1373556,586338
40045,7341,7426,7304,7410,940626,579684
40046,7330,7414,7294,7348,859968,587488
40049,7515,7571,7489,7563,890654,608146
40050,7559,7576,7496,7524,705854,599942
40051,7508,7600,7501,7592,794358,620884
40052,7578,7615,7524,7541,681290,619464
40053,7586,7613,7569,7595,674232,642998
40056,7610,7613,7361,7383,892674,631124
40057,7367,7387,7307,7342,691996,637444
40058,7225,7244,7088,7112,774174,620364
40059,7125,7192,7084,7179,764978,616998
40060,7141,7190,7073,7123,912020,617572
40063,7044,7085,6972,6974,800042,616768
40064,6982,7069,6947,7065,682882,620926
40065,7111,7131,7042,7065,565342,627266
40066,7040,7106,7018,7085,620980,609690
40067,7051,7112,7004,7011,594822,615274
40070,6863,6893,6791,6848,555556,595684
40071,6898,6929,6880,6899,355834,592802
40072,7060,7070,6987,7061,489954,582960
40073,7051,7105,7032,7103,454178,594614
40074,7079,7132,7048,7061,680438,587960
40077,7076,7094,7027,7077,466018,588122
40078,7015,7030,6957,6978,480788,589286
40079,7033,7033,6960,6960,439576,579980
40080,6925,6955,6848,6869,576632,562840
40081,6879,6925,6868,6881,401650,542368
40084,6903,6906,6671,6736,539248,497254
40085,6745,6760,6653,6749,494554,463258
40086,6726,6783,6706,6768,306204,449358
40095,6875,6919,6812,6905,280180,446310
40098,7028,7098,7003,7097,516870,473592
40099,7113,7154,7041,7063,662460,477022
40100,7073,7139,7060,7117,609962,483228
40101,7109,7135,7061,7075,491920,488938
40102,7110,7228,7102,7223,1062922,515024
40105,7201,7274,7186,7237,774862,537192
40106,7304,7314,7188,7210,653056,531024
40107,7200,7214,7149,7178,698134,532832
40108,7267,7293,7190,7192,743226,531300
40109,7236,7390,7236,7385,1212792,569242
40112,7354,7400,7313,7382,963646,563458
40113,7289,7294,7250,7263,705084,551934
40114,7227,7307,7203,7235,970148,553204
40115,7172,7188,7135,7159,644110,546238
40116,7246,7277,7206,7213,703328,535594
40119,7097,7205,7097,7203,749518,564682
40120,7223,7272,7221,7229,770732,565924
40121,7290,7318,7271,7282,521082,559286
40122,7266,7280,7246,7251,488862,560814
40123,7234,7291,7230,7286,514664,570802
40126,7261,7306,7254,7304,550996,575886
40127,7335,7349,7281,7290,713702,565726
40128,7327,7375,7319,7346,982038,585744
40129,7370,7404,7364,7381,782874,600972
40130,7355,7393,7338,7389,650478,604164
40133,7432,7541,7431,7526,893774,632640
40134,7587,7596,7528,7534,879576,617110
40135,7581,7692,7569,7669,1442598,653874
40136,7641,7732,7630,7667,1403512,687520
40137,7670,7696,7629,7667,863180,653064
40140,7720,7848,7716,7846,957852,670366
40141,7749,7799,7657,7681,1219812,644284
40142,7744,7829,7737,7817,1232204,677044
40143,7878,7922,7815,7831,1315980,681844
40144,7769,7785,7566,7575,1254102,617030
40147,7737,7809,7730,7798,1076820,623520
40148,7801,7808,7756,7790,761378,634002
40149,7809,7867,7753,7835,1017642,647332
40150,7779,7841,7773,7823,927986,654962
40151,7767,7954,7767,7952,1632236,738578
40154,7968,8181,7962,8118,1777866,774200
40155,8175,8181,8054,8130,1446686,803294
40156,8047,8050,7911,7920,1406454,763998
40157,7881,7944,7770,7853,1426520,743748
40158,7878,7919,7847,7873,1054026,760642
40161,7903,7903,7678,7833,1368398,735920
40162,7889,7899,7817,7837,1062750,740880
40163,7838,7967,7826,7922,1113618,763728
40164,7992,8015,7865,7888,1341344,779348
40165,7726,7826,7722,7787,924728,765596
40168,7805,7822,7723,7739,951620,776666
40169,7711,7754,7671,7675,820028,784236
40170,7684,7703,7596,7685,1005440,785970
40171,7707,7736,7653,7735,877306,777548
40172,7737,7763,7704,7713,676856,748848
40175,7742,7842,7721,7830,848130,792024
40176,7871,7902,7820,7829,719672,752340
40177,7836,7881,7815,7836,639922,733908
40178,7860,7960,7850,7954,936700,717876
40182,8019,8077,7978,8037,948980,749138
40183,8046,8077,8008,8042,806220,732070
40184,8028,8127,8003,8078,1042210,758934
40185,8091,8172,7766,7848,1495898,704908
40186,7850,7861,7644,7736,1170604,705924
40189,7831,7871,7785,7793,726994,708364
40190,7717,7758,7686,7717,706256,725406
40191,7521,7566,7444,7491,769806,688628
40192,7570,7607,7533,7546,780710,725260
40193,7526,7577,7462,7494,822910,753416
40196,7430,7459,7376,7450,785648,746034
40197,7486,7526,7444,7475,653904,760032
40198,7484,7502,7346,7354,885038,770756
40199,7346,7445,7303,7437,953588,795536
40200,7384,7481,7284,7446,1170766,775684
40203,7434,7462,7405,7420,898768,806194
40204,7409,7433,7325,7329,807704,789200
40205,7369,7410,7331,7400,935116,790404
40206,7325,7346,7265,7319,870904,794238
40207,7313,7369,7264,7264,726664,779340
40210,7290,7298,7173,7176,665362,792696
40211,7260,7268,7149,7169,571172,770014
40212,7287,7315,7240,7311,602988,759192
40213,7245,7282,7214,7264,531730,725254
40214,7216,7314,7208,7277,663138,710642
40217,7341,7375,7328,7363,415212,696104
40218,7394,7394,7354,7383,339186,682516
40219,7400,7412,7333,7365,405618,664410
40220,7410,7470,7394,7428,334222,616652
40221,7421,7433,7360,7397,219332,604074
40231,7509,7517,7447,7497,414294,586338
40232,7495,7572,7488,7572,473442,614854
40233,7515,7529,7484,7508,306840,613040
40234,7557,7571,7435,7459,491730,638152
40235,7464,7484,7422,7436,318416,630874
40238,7556,7558,7478,7485,449054,629936
40239,7491,7525,7464,7469,462100,615540
40240,7505,7542,7492,7532,447404,628222
40241,7525,7537,7448,7456,437648,624316
40242,7457,7539,7422,7518,486934,624286
40245,7511,7559,7498,7544,477702,630586
40246,7530,7593,7515,7583,607268,590196
40247,7570,7614,7552,7587,536182,568622
40248,7640,7654,7494,7542,730916,566592
40249,7512,7537,7476,7489,437844,561138
40252,7470,7497,7440,7469,432672,575340
40253,7446,7487,7427,7485,445832,602720
40254,7504,7525,7486,7504,367552,619922
40255,7512,7512,7432,7449,447640,595602
40256,7457,7488,7448,7483,307016,600012
40259,7462,7531,7460,7503,381144,606684
40260,7539,7544,7494,7513,358634,585652
40261,7510,7528,7477,7520,388230,580016
40262,7510,7564,7505,7526,525150,618904
40263,7483,7499,7461,7488,340736,629250
40266,7503,7521,7484,7506,250110,632292
40267,7524,7634,7482,7583,1032924,586894
40268,7581,7647,7573,7582,1035316,618160
40269,7579,7600,7548,7580,502752,620530
40270,7607,7618,7588,7608,288368,619070
40274,7613,7642,7597,7614,367408,613530
40275,7638,7742,7629,7730,924810,659070
40276,7716,7759,7706,7708,587366,621518
40277,7719,7779,7715,7766,582314,644322
40280,7800,7801,7751,7773,458540,631472
40281,7742,7753,7692,7740,486320,630626
40282,7760,7771,7739,7739,482362,640712
40283,7750,7755,7723,7740,333058,631750
40284,7750,7780,7741,7772,458764,632744
40287,7744,7749,7655,7658,497430,616354
40288,7684,7712,7669,7695,451974,628754
40289,7696,7741,7682,7734,470220,633460
40290,7720,7749,7717,7735,406660,633734
40291,7738,7849,7737,7832,908462,680808
40294,7858,7874,7830,7842,586444,690108
40295,7825,7873,7812,7854,692654,701434
40296,7784,7801,7742,7776,621714,653986
40297,7757,7780,7738,7745,489874,638670
40298,7764,7783,7717,7783,492764,647294
40302,7752,7769,7728,7748,331978,653030
40303,7704,7793,7701,7790,522922,669994
40304,7799,7825,7695,7703,665164,643020
40305,7633,7646,7546,7561,707054,586968
40308,7620,7663,7592,7663,439384,566112
40309,7651,7658,7605,7608,511716,566622
40310,7621,7681,7616,7657,554158,562390
40311,7663,7669,7590,7642,540820,570914
40312,7613,7627,7579,7586,393554,562562
40315,7538,7558,7380,7422,840752,522578
40316,7444,7498,7404,7496,531116,499188
40317,7438,7496,7435,7466,384844,496314
40318,7508,7548,7497,7518,405932,497406
40319,7484,7564,7484,7558,441092,499140
40322,7543,7575,7531,7547,421750,494902
40323,7527,7531,7462,7468,387140,495110
40324,7500,7529,7453,7521,371834,494868
40325,7535,7547,7506,7542,329056,487938
40326,7567,7572,7516,7528,269706,473606
40329,7489,7499,7460,7464,272250,479190
40330,7467,7524,7427,7459,529132,496276
40331,7470,7516,7450,7511,443030,479074
40332,7513,7539,7477,7512,429392,471256
40333,7517,7580,7514,7553,553302,478174
40336,7409,7417,7338,7390,612956,454228
40337,7397,7419,7386,7409,305332,453888
40338,7407,7423,7353,7413,537180,463978
40339,7396,7432,7390,7396,296628,452294
40340,7404,7420,7374,7377,189242,450820
40346,7486,7494,7461,7469,246948,427390
40347,7480,7517,7477,7502,275490,431722
40350,7533,7623,7526,7603,453014,458692
40351,7570,7599,7565,7580,191078,452304
40352,7548,7579,7538,7560,263952,447058
40353,7555,7570,7541,7544,205942,451336
40354,7543,7544,7509,7524,205664,457254
40357,7522,7550,7504,7507,204402,465142
40358,7493,7506,7422,7428,316340,470846
40359,7366,7396,7360,7389,245262,470980
40360,7366,7413,7332,7336,251766,480930
40361,7342,7364,7314,7357,289440,483888
40364,7353,7353,7313,7315,185500,495960
40365,7291,7328,7250,7317,339040,495802
40366,7313,7328,7286,7305,239060,509486
40367,7387,7396,7355,7362,251990,518802
40368,7383,7413,7369,7409,227792,509680
40371,7442,7453,7392,7400,231630,483942
40372,7415,7434,7385,7409,307826,484062
40373,7452,7456,7432,7445,192978,484832
40374,7444,7474,7430,7440,191812,480686
40375,7503,7548,7494,7547,312128,489894
40378,7520,7537,7510,7535,184106,486428
40379,7511,7538,7484,7529,277156,492606
40380,7566,7567,7513,7531,249910,502298
40381,7528,7569,7513,7564,324416,516182
40382,7591,7624,7581,7603,276836,520268
40385,7602,7667,7597,7638,382148,540772
40386,7612,7624,7544,7549,316374,529376
40387,7557,7595,7552,7593,221852,528088
40388,7621,7674,7608,7663,397794,524106
40389,7689,7722,7670,7681,309118,526514
40392,7755,7863,7751,7837,482606,536918
40393,7845,7886,7793,7850,547844,546006
40394,7891,7942,7860,7897,805872,563692
40395,7970,7973,7830,7849,247188,546806
40396,7874,8062,7849,8055,1128756,620980
40399,8061,8234,8034,8224,1800474,713402
40400,8177,8234,8128,8163,2172526,741852
40401,8168,8230,8107,8124,2151590,761580
40402,8118,8155,8065,8106,1614580,710800
40403,8131,8314,8131,8302,2177476,889212
40406,8338,8382,8282,8287,1439752,833202
40407,8228,8270,8190,8251,1205050,813374
40408,8292,8326,8130,8151,1590194,772260
40409,8147,8185,8091,8158,1456044,775254
40410,8046,8055,7928,7940,1269652,725638
40413,7963,8016,7931,7963,1285604,723310
40414,7923,8014,7898,7918,1341704,735842
40415,7944,7993,7880,7892,1266940,742416
40416,7928,7973,7923,7967,1013382,747526
40417,7991,8050,7972,8045,1196838,752964
40420,8114,8143,8084,8121,917544,748962
40421,8048,8051,7963,7968,998170,709788
40422,7982,8040,7946,7976,990476,722926
40423,8013,8039,7983,8032,1044002,732480
40424,8051,8135,8029,8122,1407214,778814
40427,8169,8210,8142,8164,786832,757638
40428,8172,8234,8144,8232,1126712,791460
40429,8295,8295,8202,8212,745996,757438
40430,8240,8257,7920,8083,1448430,668622
40431,8121,8157,8076,8130,828152,668210
40434,8124,8151,8083,8148,660208,663674
40435,8133,8185,8096,8110,877152,646616
40436,8142,8169,8104,8125,785654,642814
40437,8144,8188,8064,8122,786322,631770
40438,8147,8168,8117,8149,631328,631964
40441,8282,8467,8282,8419,1161880,654518
40442,8397,8397,8290,8376,668236,636988
40448,8738,8768,8554,8607,819998,654162
40449,8561,8717,8555,8710,797052,720854
40450,8643,8656,8474,8554,938478,708214
40451,8526,8590,8471,8582,652360,707482
40459,8501,8609,8496,8525,753834,727816
40462,8904,8905,8904,8905,29324,704664
40463,8878,8975,8801,8924,1102272,758096
40464,8958,8995,8896,8943,845472,781026
40465,8999,9063,8964,9026,1048330,792168
40466,9044,9122,8978,9100,1111638,815114
40469,8977,9001,8867,8898,882216,802684
40470,8961,9094,8933,9008,432200,841176
40471,8830,9021,8818,8988,1142474,854328
40472,9155,9304,9150,9208,1692944,884962
40473,9199,9306,9179,9297,1380352,934696
40476,9360,9657,9360,9617,1726526,1048698
40477,9605,9648,9530,9567,1723848,1045284
40478,9665,9665,9282,9334,2001726,965844
40479,9433,9526,9417,9512,1805326,1011854
40480,9452,9463,9272,9278,1630646,933814
40483,9352,9495,9332,9469,1182396,946234
40484,9475,9536,9420,9474,1391418,947844
40485,9498,9568,9438,9481,1292420,928070
40486,9574,9818,9541,9794,1981002,1049910
40487,9908,10080,9907,10079,940238,1037694
40490,10043,10385,9967,10122,2295448,1041598
40491,10051,10339,10041,10283,1986636,1077164
40492,10415,10477,10204,10260,1802666,1050460
40493,10315,10429,10220,10300,1680538,1007940
40494,10313,10316,9925,9925,1700198,841096
40497,9829,9979,9643,9769,1845408,769548
40498,9838,9879,9628,9637,1889382,733660
40499,9359,9366,9359,9359,154696,692834
40500,9422,9468,9073,9349,1875274,667976
40501,9497,9533,9265,9468,652672,645220
40504,9223,9350,9199,9220,1013016,622024
40505,9242,9323,9115,9127,1693700,633170
40506,9217,9394,9192,9387,1203476,636180
40507,9433,9522,9410,9421,1131838,638424
40508,9456,9461,9189,9315,1493884,616342
40511,9285,9440,9232,9435,915166,620754
40512,9418,9495,9301,9484,894266,599946
40513,9464,9606,9429,9586,904294,583176
40514,9726,9750,9664,9677,709620,569024
40515,9657,9756,9631,9702,756146,571700
40518,9792,9828,9711,9814,716108,579260
40519,9787,9888,9743,9887,763980,562408
40520,9764,9803,9657,9666,664354,549588
40521,9802,9825,9742,9769,665830,531542
40522,9743,9784,9710,9764,454454,526596
40525,9720,9985,9720,9942,657222,547710
40526,10011,10039,9939,10037,205318,556206
40527,9994,10133,9923,9936,1014464,573170
40528,9939,9993,9917,9951,539670,556754
40529,9962,10025,9955,9999,479834,559206
40532,10085,10122,9943,10003,662788,570500
40533,10070,10151,10040,10134,562410,573132
40534,10178,10215,10092,10122,618232,560296
40535,10162,10431,10160,10406,909944,616860
40536,10451,10481,10265,10372,769840,584104
40539,10325,10480,10309,10445,748888,604754
40540,10533,10618,10513,10564,747574,594286
40541,10537,10547,10330,10346,714412,557050
40542,10312,10467,10262,10454,639112,523912
40543,10360,10493,10359,10482,528952,513764
40547,10491,10603,10475,10570,514734,515650
40548,10465,10540,10426,10474,491052,521606
40549,10567,10791,10567,10763,582748,557190
40550,10650,10744,10460,10557,948548,536796
40553,10622,10622,10476,10521,698082,543716
40554,10606,10623,10516,10585,490328,544390
40555,10557,10614,10390,10447,948308,549732
40556,10699,10720,10523,10533,656576,512440
40557,10518,10583,10470,10558,441490,502288
40560,10532,10580,10453,10498,562462,508348
40561,10462,10502,10342,10447,659036,488766
40562,10492,10587,10462,10577,515578,495278
40563,10521,10620,10504,10555,631372,509396
40564,10504,10559,10482,10541,513568,494790
40567,10605,10839,10605,10720,749454,543090
40568,10661,10690,10542,10543,474502,532512
40569,10414,10424,10175,10302,633584,504792
40570,10430,10462,10341,10391,432466,509858
40571,10384,10426,10353,10378,312188,494684
40574,10425,10603,10418,10580,318166,502210
40575,10614,10649,10553,10618,207696,493314
40583,10714,10830,10642,10794,127408,487420
40584,10873,10967,10830,10866,429008,503702
40585,10803,10899,10803,10861,391934,499892
40588,10853,10896,10759,10888,112996,516330
40589,10791,10829,10729,10743,384398,544122
40590,10543,10597,10452,10539,480294,535834
40591,10574,10624,10389,10392,610092,570522
40592,10529,10559,10374,10375,516086,546528
40595,10328,10406,10271,10368,376886,541244
40596,10459,10515,10317,10475,609262,534134
40597,10063,10116,9881,10054,539158,504890
40598,10130,10141,9805,9902,526890,481798
40599,9959,10076,9942,10065,397052,465142
40602,10194,10241,10153,10216,392364,456916
40603,10207,10284,10123,10221,488676,461034
40604,10212,10410,10206,10395,573882,485978
40605,10398,10463,10325,10333,473558,474420
40606,10417,10482,10373,10455,466792,472054
40609,10450,10496,10406,10447,412952,480464
40610,10368,10396,10228,10273,434618,476662
40611,10297,10317,10197,10214,496360,462934
40612,10097,10153,10033,10081,418038,474774
40613,10119,10152,10024,10036,467064,487520
40616,9979,10023,9863,9905,517530,509540
40617,9939,9986,9879,9970,476902,516806
40618,9742,9838,9649,9831,560574,508916
40619,9797,9924,9764,9903,497852,508530
40620,10011,10047,9971,10019,406396,513946
40623,10091,10159,10067,10113,504304,510278
40624,10079,10111,10060,10064,342226,517386
40625,10092,10198,10084,10185,397846,524830
40626,10154,10169,9987,9998,548094,535718
40627,10073,10155,10071,10132,410366,520670
40630,10149,10210,10027,10119,640504,514598
40631,10070,10111,10012,10094,520860,521362
40632,10138,10221,10131,10176,486316,521208
40633,10194,10222,10117,10195,369246,515890
40634,10311,10326,10264,10280,411172,520258
40639,10270,10420,10268,10412,498938,587910
40640,10389,10424,10364,10392,389144,612432
40641,10360,10481,10334,10480,626360,685976
40644,10572,10624,10533,10555,596490,692266
40645,10449,10449,10356,10363,544078,647722
40646,10255,10291,10208,10289,504480,624778
40647,10253,10272,10144,10146,444862,617916
40648,10190,10215,10099,10100,449294,615388
40651,10061,10155,10033,10141,366960,614758
40652,10179,10211,10079,10092,526608,615984
40653,10148,10280,10148,10272,465460,615724
40654,10282,10293,10226,10246,410504,599174
40655,10290,10353,10269,10353,538596,583334
40658,10380,10391,10333,10361,484150,578956
40659,10269,10288,10190,10190,444186,562112
40660,10244,10254,10146,10164,497440,561350
40661,10201,10291,10201,10291,484836,547762
40662,10122,10155,10030,10038,606240,558280
40666,10126,10165,10113,10157,360842,556000
40667,10099,10114,10032,10072,371578,560710
40668,10005,10082,9948,10055,554918,562662
40669,9848,9907,9803,9814,721576,582106
40672,9869,9899,9845,9880,339848,566972
40673,9901,9973,9863,9959,477762,549816
40674,9996,10008,9940,9950,376412,560390
40675,9919,10001,9865,9874,833768,609958
40676,9929,10031,9921,10013,555212,586454
40679,9969,9976,9908,9925,488070,583100
40680,9913,9922,9798,9893,725066,594626
40681,9944,9993,9933,9956,448536,593388
40682,10072,10085,10029,10041,356494,597654
40683,10063,10127,10050,10124,430284,615472
40686,10149,10165,10088,10093,443072,617906
40687,10109,10196,10099,10186,420928,630276
40688,10169,10178,10116,10142,342606,615312
40689,10208,10259,10199,10259,374532,630988
40690,10277,10284,10235,10276,374732,629626
40693,10274,10360,10248,10309,472138,648366
40694,10322,10335,10265,10292,431468,654082
40695,10317,10325,10253,10264,376090,663894
40696,10248,10326,10238,10322,473550,696180
40697,10361,10497,10353,10492,627470,765152
40701,10372,10405,10337,10401,548424,767318
40702,10404,10422,10314,10336,609730,783158
40703,10377,10399,10331,10332,447808,779260
40704,10317,10328,10235,10255,478610,783036
40707,10226,10267,10220,10251,322408,777576
40708,10263,10295,10235,10282,345540,792078
40709,10275,10330,10243,10308,413208,821632
40710,10281,10281,10169,10184,438448,801312
40711,10161,10192,10103,10138,400294,788042
40714,10123,10166,10096,10128,372566,798808
40715,10164,10215,10150,10203,394206,809226
40716,10211,10217,10153,10161,344396,813814
40717,10120,10129,10044,10118,417514,806442
40718,10054,10113,10050,10077,402300,830300
40721,10032,10032,9850,9855,603832,787956
40722,9919,9937,9866,9875,400790,772394
40723,9935,9965,9927,9935,296592,765168
40724,9947,10016,9945,10016,283412,749734
40725,9911,9923,9854,9916,420632,771314
40728,9951,10056,9951,10037,166100,809342
40729,10036,10062,9994,10003,433136,835086
40730,10007,10038,9973,10003,415006,861398
40731,10000,10081,9995,10075,430766,887096
40732,10162,10210,10154,10189,543820,892608
40735,10174,10246,10174,10206,519112,896734
40736,10191,10233,10104,10157,596892,893558
40737,10221,10294,10214,10284,582280,907072
40738,10358,10359,10290,10328,594412,904076
40739,10296,10323,10250,10306,471004,892250
40742,10314,10339,10225,10239,474206,900186
40743,10271,10303,10239,10293,405740,894316
40744,10283,10371,10243,10330,769388,897658
40745,10313,10372,10296,10334,653054,924918
40746,10317,10347,10308,10337,322440,934802
40749,10290,10290,10170,10172,498060,894820
40750,10189,10248,10180,10242,285426,885538
40751,10276,10312,10268,10286,343396,886680
40752,10260,10263,10204,10223,326456,880258
40753,10184,10298,10151,10186,698072,893056
40756,10242,10324,10235,10316,471316,944080
40757,10293,10370,10291,10306,541256,949244
40758,10371,10375,10331,10338,386862,934584
40759,10307,10320,10226,10257,372112,912452
40760,10043,10079,9919,10011,745088,844902
40763,9968,10046,9966,9995,512498,857534
40764,9772,9856,9613,9821,696190,820472
40765,9880,9930,9854,9886,422568,814938
40766,9847,9960,9845,9954,584398,871442
40767,10041,10055,9944,9953,382874,855572
40770,10035,10064,10017,10036,343460,849026
40771,10071,10071,9969,9979,414084,840946
40772,10011,10067,10007,10045,375368,830546
40773,10092,10092,10031,10049,258996,802622
40774,9996,10013,9951,10003,338506,789354
40777,10056,10079,10010,10019,304144,768918
40778,10072,10158,10054,10156,470658,793018
40779,10142,10181,10115,10142,417310,782532
40780,10142,10161,10098,10113,270254,772766
40781,10121,10152,10073,10104,363802,770728
40784,10262,10324,10236,10311,509078,786162
40785,10351,10398,10328,10356,524308,771854
40786,10372,10489,10366,10437,864896,814566
40787,10441,10454,10396,10415,405134,792690
40788,10383,10469,10379,10467,691402,848460
40791,10443,10546,10374,10409,907634,837708
40792,10380,10413,10282,10365,669158,831422
40793,10387,10477,10368,10473,601242,897052
40794,10467,10489,10400,10454,588548,887478
40795,10440,10485,10426,10479,512580,900098
40799,10378,10386,10299,10308,482356,856970
40800,10334,10343,10181,10216,574146,827040
40801,10244,10255,10187,10218,384612,809728
40802,10151,10195,10130,10186,485086,850446
40805,10131,10138,10035,10039,471838,857464
40806,10058,10127,10049,10110,429824,878182
40807,10078,10114,10012,10087,446182,878188
40808,9926,9971,9855,9899,496376,847482
40809,9764,9811,9427,9561,889600,826660
40812,9548,9584,9163,9213,828126,779774
40813,9419,9484,9376,9459,491182,762568
40814,9383,9412,9282,9331,505146,737756
40815,9017,9170,8968,9148,469386,677512
40816,9191,9392,9191,9382,365732,682002
40826,9122,9198,9106,9124,522668,715982
40827,9192,9232,9086,9088,479888,757466
40828,9230,9322,9180,9292,644738,738362
40829,9272,9322,9266,9308,428098,744892
40830,9352,9390,9340,9372,343144,730434
40833,9446,9454,9394,9396,381762,735404
40834,9348,9348,9196,9212,363866,737572
40835,9272,9310,9222,9248,398128,720062
40836,9088,9088,8962,9064,726594,723964
40837,9114,9190,9112,9188,401538,705084
40840,9206,9376,9128,9292,738698,724650
40841,9308,9380,9266,9316,605730,726220
40842,9220,9308,9216,9292,442636,712296
40843,9258,9420,9242,9414,780808,797850
40844,9476,9504,9342,9350,579518,776792
40847,9346,9354,9188,9210,503938,746966
40848,9238,9286,9192,9198,475542,742812
40849,9156,9304,9134,9302,559898,725426
40850,9230,9254,9178,9180,400218,724468
40851,9300,9346,9282,9312,424296,702542
40854,9306,9310,9196,9222,309284,691096
40855,9214,9234,9146,9192,389640,693192
40856,9240,9276,9192,9206,366330,685046
40857,9068,9098,8974,9060,566962,676856
40858,9080,9166,9056,9140,369020,669018
40861,9206,9282,9192,9252,390812,665402
40862,9214,9278,9192,9260,359616,656034
40863,9352,9354,9206,9224,378196,643258
40864,9242,9318,9196,9290,359018,645498
40865,9138,9186,9102,9178,284656,625978
40868,9130,9162,9100,9136,220894,633796
40869,9086,9096,8984,8996,459616,693582
40870,9036,9052,8872,8894,604966,728350
40871,8850,8860,8634,8704,865826,738530
40872,8668,8728,8608,8636,753554,737186
40875,8704,8738,8664,8698,543770,714378
40876,8718,8742,8660,8728,471346,705590
40877,8756,8760,8600,8606,576220,725018
40878,8802,8884,8780,8858,714966,654136
40879,8834,8866,8812,8848,452874,658474
40882,8888,8920,8866,8892,331520,653318
40883,8860,8860,8814,8852,275460,654634
40884,8872,8888,8826,8876,224354,654156
40885,8868,8868,8752,8806,574920,688350
40886,8794,8846,8778,8804,354482,679996
40889,8750,8760,8686,8690,434518,703440
40890,8700,8744,8698,8702,383710,692374
40891,8710,8728,8686,8714,313160,680016
40892,8610,8698,8610,8680,492946,684008
40893,8714,8744,8690,8740,331126,678766
40896,8792,8808,8750,8802,468006,668002
40897,8794,8802,8758,8768,317498,665358
40898,8810,8818,8780,8790,229848,660994
40899,8806,8850,8796,8832,364136,663306
40900,8868,8902,8858,8890,296338,654622
40903,8928,8940,8868,8878,228248,647034
40904,8874,8888,8820,8840,263630,649832
40905,8902,8962,8902,8946,340928,633030
40906,8914,8946,8914,8936,195976,619876
40907,8928,8962,8922,8954,208656,610156
40912,9044,9088,9018,9050,234968,585958
40913,9066,9136,9022,9072,338260,595312
40914,8996,9048,8988,9046,246092,595968
40917,8988,9038,8986,9014,286190,585148
40918,9092,9116,9066,9072,251602,578226
40919,9076,9108,9052,9088,233588,586308
40920,9044,9058,9028,9048,178034,594042
40921,8990,9014,8958,8972,254958,596818
40924,8882,8894,8834,8860,218386,590222
40925,8902,8926,8854,8920,288940,591686
40926,8916,8938,8868,8870,240672,577590
40927,8900,8934,8876,8928,210212,556818
40928,8950,9030,8932,9014,221226,547700
40938,9030,9056,9010,9010,158468,530146
40939,8946,8974,8944,8966,182974,548814
40940,8980,9036,8978,9002,259912,556294
40941,9010,9094,9008,9066,353724,579080
40942,9074,9104,9060,9074,235348,578840
40945,9132,9204,9124,9180,287780,590804
40946,9194,9222,9130,9150,309862,574634
40947,9176,9276,9162,9274,404282,616998
40948,9248,9286,9226,9260,360782,609472
40949,9238,9242,9178,9196,256070,609778
40952,9236,9322,9230,9308,442248,648752
40953,9332,9352,9280,9286,350112,627624
40954,9314,9330,9284,9286,244554,618474
40955,9304,9308,9182,9232,385024,599794
40956,9258,9344,9258,9332,349164,600338
40959,9384,9422,9340,9354,370980,572320
40960,9370,9394,9316,9382,361092,576534
40961,9390,9410,9364,9372,327584,562382
40962,9378,9384,9324,9384,291118,556268
40963,9376,9390,9334,9344,318682,539694
40966,9364,9416,9358,9396,273050,541780
40967,9418,9454,9418,9452,227196,556134
40968,9442,9450,9408,9430,205222,534444
40969,9372,9414,9318,9322,319062,538822
40970,9358,9386,9354,9374,215830,520474
40973,9406,9416,9350,9388,272268,505150
40974,9364,9370,9330,9340,198728,494974
40975,9294,9328,9288,9300,220158,492028
40976,9294,9360,9294,9350,332908,509396
40977,9382,9574,9378,9566,727568,577452
40980,9550,9554,9488,9516,395898,545318
40981,9506,9586,9504,9578,405910,590084
40982,9622,9706,9578,9602,715274,615316
40983,9628,9676,9592,9632,624350,642122
40984,9696,9716,9614,9634,509584,609740
40987,9664,9712,9640,9672,467872,625426
40988,9668,9668,9552,9556,509452,603044
40989,9528,9568,9524,9552,369268,603826
40990,9566,9596,9524,9530,511390,576200
40991,9556,9654,9550,9654,534774,605976
40994,9680,9742,9678,9738,475228,616754
40995,9744,9756,9710,9730,342846,601776
40996,9698,9766,9672,9706,565894,604478
40997,9702,9724,9610,9646,606726,579836
40998,9614,9614,9562,9564,386968,562326
41004,9788,9896,9784,9888,519100,572252
41005,9926,10004,9906,10002,640110,593132
41008,10030,10056,9986,10006,629986,627298
41009,10009,10090,9986,10076,548634,655808
41010,9988,9990,9906,9926,532312,624814
41011,9924,9976,9902,9964,487836,649746
41012,10040,10056,10000,10008,554898,655664
41015,9853,9912,9850,9890,516836,643312
41016,9876,9916,9872,9904,412428,655206
41017,9930,9976,9824,9900,918674,637128
41018,9870,9910,9858,9908,433706,636886
41019,9899,9934,9864,9902,496526,647484
41022,9995,10036,9980,9986,496498,661652
41023,9961,9984,9898,9922,576356,676252
41024,9989,10000,9942,9952,540098,677924
41025,9933,9982,9933,9956,504804,669204
41026,9968,9990,9956,9970,354986,643972
41031,9943,9982,9882,9894,564348,690984
41032,9864,9878,9782,9788,530876,708578
41033,9761,9810,9756,9804,414052,701956
41036,9736,9740,9674,9702,478962,680328
41037,9724,9774,9714,9746,435166,670642
41038,9691,9726,9672,9724,489912,673742
41039,9711,9794,9694,9782,586358,690768
41040,9789,9790,9606,9612,750052,640518
41043,9595,9600,9406,9442,783302,620790
41044,9401,9424,9336,9412,504182,596716
41045,9410,9460,9268,9288,615422,618074
41046,9380,9400,9302,9366,560358,613432
41047,9337,9342,9206,9234,684498,625136
41050,9290,9368,9262,9334,533922,631340
41051,9331,9370,9320,9342,465124,639836
41052,9243,9243,9124,9146,617492,647680
41053,9108,9180,9068,9174,672656,641778
41054,9168,9174,9108,9162,471314,635232
41057,9209,9278,9200,9266,439278,608024
41058,9245,9312,9226,9298,493596,614468
41059,9262,9282,9224,9238,465360,620734
41060,9176,9218,9160,9170,336328,623746
41061,9148,9154,9074,9076,525268,650218
41064,9045,9056,8852,8894,703634,647036
41065,8939,9012,8932,8980,442850,634520
41066,8996,9090,8990,9046,547294,643188
41067,9105,9158,9066,9094,419752,633690
41068,9155,9158,9074,9120,642630,633950
41071,9186,9276,9168,9274,600946,649924
41072,9179,9234,9179,9234,492994,660630
41073,9228,9236,9200,9204,395948,651208
41074,9152,9152,9036,9038,705216,654444
41075,9018,9092,9018,9064,528090,632358
41078,9141,9174,9098,9164,526848,640174
41079,9208,9284,9186,9250,608118,652992
41080,9341,9450,9322,9442,637592,663968
41081,9386,9410,9334,9372,600426,636762
41085,9430,9552,9430,9462,688878,673896
41086,9522,9522,9404,9438,674348,660418
41087,9440,9462,9384,9440,639840,659064
41088,9462,9484,9394,9408,566628,667992
41089,9409,9482,9382,9480,513692,681026
41092,9656,9662,9552,9564,589534,694324
41093,9578,9646,9568,9644,578730,696028
41094,9662,9724,9630,9660,588714,700028
41095,9660,9742,9636,9718,629402,707626
41096,9740,9784,9684,9692,638928,687406
41099,9708,9852,9656,9818,1002986,725178
41100,9781,9806,9720,9722,599558,711202
41101,9730,9812,9626,9672,885820,679686
41102,9632,9638,9512,9512,605382,659938
41103,9542,9586,9516,9582,522858,642376
41106,9657,9846,9657,9826,849540,676886
41107,9863,9866,9694,9768,811236,667472
41108,9781,9796,9648,9688,610818,652112
41109,9754,9778,9702,9762,652398,656104
41110,9769,9844,9734,9768,703394,647680
41113,9701,9702,9570,9572,500540,629334
41114,9309,9420,9232,9340,651610,639220
41115,9253,9356,9214,9284,641550,600676
41116,9310,9346,9276,9300,425774,609812
41117,9281,9362,9278,9356,342748,609972
41120,9435,9548,9430,9484,656594,608320
41121,9462,9488,9432,9482,444504,615214
41122,9511,9590,9494,9532,611936,631564
41123,9466,9482,9406,9476,462464,621028
41124,9422,9484,9400,9458,414982,636688
41127,9389,9528,9389,9504,652250,681126
41128,9498,9600,9496,9592,641648,694340
41129,9562,9582,9526,9530,480268,689542
41130,9570,9690,9568,9682,873512,771258
41131,9720,9738,9620,9642,587286,698010
41134,9729,9766,9694,9698,735780,716156
41135,9670,9694,9586,9658,759802,693858
41136,9635,9676,9600,9650,625428,711636
41137,9667,9676,9614,9622,457386,723148
41138,9628,9688,9628,9656,413784,706054
41141,9672,9702,9668,9688,367122,704176
41142,9742,9774,9700,9754,458514,699412
41143,9867,9940,9842,9914,648690,735916
41144,9962,9996,9900,9914,515830,716174
41145,9876,10026,9872,10022,581954,746138
41148,10073,10116,10042,10086,585942,746618
41149,10006,10032,9938,9942,486654,736982
41150,9933,9976,9854,9922,613332,739648
41151,9958,10050,9944,10040,582294,756208
41152,10019,10028,9918,9928,525348,730868
41155,9947,10232,9922,10194,1105592,789884
41156,10182,10264,10172,10232,730652,789318
41157,10191,10240,10142,10170,691656,772362
41158,10098,10122,10016,10060,618444,752940
41159,10071,10128,9998,10002,703938,759200
41162,9973,10068,9966,10044,506682,743480
41163,10006,10110,9926,9956,1033374,758488
41164,9932,9992,9914,9980,613412,758168
41165,10050,10094,10002,10010,673652,781168
41166,10100,10178,10086,10158,690452,805016
41169,10139,10146,9904,9916,750632,769296
41170,9784,9856,9696,9750,787346,738460
41171,9812,9842,9788,9806,552328,730916
41172,9870,9870,9758,9778,684002,744798
41173,9714,9748,9662,9680,652554,758090
41176,9610,9610,9344,9436,1287338,752750
41177,9466,9522,9398,9450,720222,724860
41178,9398,9418,9296,9298,810896,726536
41179,9252,9270,9192,9196,659634,711902
41180,9246,9282,9214,9236,399862,671372
41190,9142,9156,9030,9070,543256,654636
41191,9122,9210,9112,9198,558826,682262
41192,9126,9232,9114,9214,599936,748788
41193,9152,9248,9150,9202,720628,755794
41194,9236,9250,9080,9098,884926,777530
41197,9006,9052,8944,9022,653696,769394
41198,9066,9192,9058,9184,802046,789648
41199,9160,9238,9124,9162,1031230,773200
41200,9214,9264,9206,9236,654428,756752
41201,9292,9304,9244,9256,564762,755696
41204,9250,9304,9180,9304,566756,746166
41205,9288,9318,9212,9218,591528,744258
41206,9250,9286,9238,9276,501294,748338
41207,9274,9286,9222,9224,490240,745318
41208,9206,9206,9064,9096,901072,797316
41211,9056,9066,8998,9004,533240,792896
41212,8996,9020,8962,8996,607956,783598
41213,8990,9074,8972,9062,681352,772702
41214,9046,9130,9046,9108,530850,766502
41215,9094,9100,8874,8878,1198278,869842
41218,8806,8832,8654,8688,1106486,854086
41219,8714,8802,8708,8756,678154,825466
41220,8774,8796,8666,8758,808378,803652
41221,8718,8788,8684,8742,721588,816204
41222,8736,8750,8600,8608,1027532,888098
41225,8494,8512,8338,8342,1175994,909548
41226,8402,8430,8358,8390,745686,880544
41227,8390,8452,8314,8438,1103730,918004
41228,8424,8566,8398,8408,1196950,872572
41229,8422,8456,8342,8362,1111458,905524
41232,8402,8464,8392,8448,859166,856106
41233,8490,8504,8424,8492,900448,829158
41234,8526,8544,8480,8534,724164,834492
41235,8546,8556,8508,8530,519174,835170
41236,8516,8548,8472,8546,585546,812836
41239,8600,8626,8578,8602,612238,816346
41240,8628,8650,8562,8568,603916,831298
41241,8632,8664,8554,8578,826168,834892
41242,8612,8616,8528,8594,803214,830466
41243,8580,8614,8528,8596,799992,816210
41246,8612,8706,8606,8690,635570,807394
41247,8670,8684,8620,8682,530676,801226
41248,8680,8734,8674,8718,534190,793742
41249,8778,8816,8736,8748,568568,786978
41250,8762,8782,8718,8782,417720,782918
41253,8734,8794,8732,8762,439704,772714
41254,8758,8840,8750,8750,621018,771914
41255,8696,8710,8622,8630,613302,776830
41256,8608,8646,8592,8616,532720,776542
41257,8596,8730,8592,8724,729278,767650
41260,8756,8820,8752,8792,651216,727774
41261,8778,8836,8768,8788,594344,726386
41262,8734,8752,8672,8726,573826,729206
41263,8628,8642,8536,8588,839418,774636
41264,8546,8662,8546,8634,819156,772972
41267,8660,8702,8620,8622,542316,772960
41268,8642,8670,8568,8606,640842,754522
41269,8606,8652,8548,8578,657006,763602
41270,8564,8632,8530,8630,941912,774958
41271,8619,8668,8610,8638,663050,751948
41274,8662,8728,8606,8610,573830,742678
41278,8692,8798,8642,8774,734122,737078
41281,8702,8764,8684,8702,843214,799882
41282,8725,8742,8644,8664,907524,830924
41283,8647,8666,8600,8604,626894,834676
41284,8624,8670,8558,8560,655416,874850
41285,8587,8592,8478,8482,781646,895926
41288,8530,8566,8510,8530,654650,878880
41289,8615,8662,8592,8602,659232,818908
41290,8650,8686,8620,8654,595522,808522
41291,8696,8708,8638,8652,576874,787140
41292,8677,8738,8622,8730,742212,806554
41295,8739,8802,8734,8784,656968,811460
41296,8801,8822,8782,8806,577464,795338
41297,8830,8830,8780,8810,436460,789376
41298,8775,8775,8650,8662,617704,787594
41299,8711,8722,8684,8702,425156,788932
41302,8721,8738,8658,8714,478850,803822
41303,8693,8700,8638,8660,578272,826456
41304,8655,8716,8642,8704,499764,815914
41305,8777,8806,8750,8784,485686,779734
41306,8804,8816,8758,8814,453748,758140
41309,8823,8884,8804,8852,484400,760618
41310,8822,8842,8778,8792,436098,739800
41311,8805,8824,8758,8782,395312,732692
41312,8760,8776,8696,8738,345810,714756
41313,8731,8760,8688,8690,244994,698918
41323,8621,8660,8600,8630,275548,702552
41324,8627,8700,8627,8686,405286,739952
41325,8728,8746,8710,8732,324876,744990
41326,8679,8680,8598,8618,533492,737890
41327,8607,8742,8607,8686,718268,750586
41330,8561,8561,8364,8416,977642,805844
41331,8404,8440,8302,8306,875206,830050
41332,8331,8338,8274,8318,642776,848096
41333,8344,8362,8262,8284,783052,875906
41334,8241,8280,8222,8248,611826,888568
41337,8275,8340,8266,8322,688644,849334
41338,8365,8384,8302,8320,569824,852302
41339,8317,8360,8280,8344,573014,813012
41340,8327,8332,8246,8258,649902,857286
41341,8313,8344,8294,8326,494876,830612
41344,8315,8322,8200,8204,905446,1002104
41345,8224,8234,8148,8154,787120,946838
41346,8144,8156,8014,8040,1030814,971994
41347,7992,8076,7976,8004,885022,961452
41348,8026,8136,8008,8130,958564,908060
41351,8067,8078,8002,8046,632018,892548
41352,8087,8124,8080,8104,581762,886936
41353,8078,8114,8050,8098,532916,904148
41354,8134,8190,8128,8146,571822,907408
41355,8161,8170,8086,8088,608024,930664
41358,8119,8146,8090,8104,464934,921842
41359,8100,8128,8072,8080,546400,903290
41360,8106,8144,8078,8142,516522,916456
41361,8139,8148,8034,8048,671088,926002
41362,7939,7990,7842,7948,739958,896338
41365,7935,7958,7824,7824,597102,925118
41366,7861,7898,7830,7896,686550,891544
41367,7840,7932,7824,7878,759206,852542
41372,7844,7944,7818,7934,607204,845750
41373,7940,7998,7940,7950,523960,835976
41374,8000,8012,7946,7992,617388,838428
41375,7970,7996,7872,7872,798254,896138
41376,7885,7896,7838,7860,663480,901272
41379,7811,7812,7674,7698,852584,944084
41380,7586,7684,7542,7682,841804,902544
41381,7708,7748,7632,7666,752044,923866
41382,7619,7670,7566,7612,867080,946270
41383,7647,7692,7634,7648,662288,928268
41386,7601,7601,7440,7444,1092926,981912
41387,7434,7470,7402,7440,924476,956698
41388,7406,7464,7338,7344,1085982,1025776
41389,7389,7414,7340,7344,924638,983216
41390,7394,7404,7338,7342,915884,979308
41396,7249,7282,7202,7220,730172,1034716
41397,7225,7310,7220,7308,816922,1028670
41400,7379,7418,7316,7414,819570,998754
41401,7377,7472,7364,7404,1440666,1026102
41402,7419,7466,7392,7452,1040280,1005598
41403,7434,7454,7402,7412,838042,1051534
41404,7447,7588,7422,7580,1414274,1022640
41407,7547,7596,7514,7532,1058016,985266
41408,7590,7622,7538,7550,948630,959582
41409,7552,7564,7380,7392,1214806,1020500
41410,7402,7512,7372,7470,1136398,943900
41411,7503,7570,7484,7552,1006598,934918
41414,7561,7586,7508,7554,966472,946464
41415,7553,7560,7464,7516,927988,962702
41416,7534,7636,7534,7608,1171104,1014244
41417,7623,7654,7530,7540,1047330,965884
41418,7556,7646,7550,7606,997100,989816
41421,7553,7598,7536,7594,655836,997662
41422,7604,7628,7546,7578,837306,999624
41423,7599,7704,7588,7624,1198732,949200
41424,7554,7586,7532,7572,1003034,942690
41425,7573,7618,7550,7562,672176,920034
41428,7583,7650,7583,7610,745396,923278
41429,7618,7622,7466,7498,1336396,1009246
41430,7513,7534,7466,7486,916442,977692
41431,7451,7518,7424,7488,927074,910268
41432,7487,7586,7430,7580,1174954,849074
41438,7530,7578,7498,7504,656400,839302
41439,7487,7504,7426,7496,869746,838836
41442,7464,7554,7460,7536,644074,846932
41443,7563,7640,7563,7586,689744,855458
41444,7565,7586,7544,7576,494650,843724
41445,7614,7644,7562,7596,924352,850398
41446,7501,7538,7392,7418,1161480,853338
41449,7362,7404,7306,7324,1055822,855892
41450,7354,7394,7304,7380,1070362,828098
41451,7352,7376,7232,7282,1316968,886994
41452,7257,7274,7198,7250,974480,856112
41453,7218,7290,7210,7246,774950,836286
41456,7236,7358,7216,7328,906334,844306
41457,7334,7376,7276,7306,880682,822862
41458,7307,7330,7270,7278,673282,869098
41459,7289,7338,7286,7302,695784,887830
41460,7309,7310,7242,7278,664516,912230
41463,7286,7326,7184,7210,1028348,975180
41464,7288,7288,7222,7242,629246,908976
41465,7262,7300,7208,7258,767374,903760
41466,7278,7374,7264,7322,912826,852116
41467,7290,7298,7240,7254,740644,873134
41470,7222,7248,7140,7150,1020202,912584
41471,7176,7192,7136,7180,647562,911120
41472,7192,7278,7170,7220,820384,871640
41473,7186,7256,7174,7248,708200,884762
41474,7254,7256,7190,7200,609382,905060
41477,7210,7256,7180,7238,740556,921808
41478,7246,7304,7226,7294,856546,915436
41479,7234,7250,7204,7228,635822,917024
41480,7182,7188,7120,7132,890926,970274
41481,7104,7118,6956,6980,1154018,1003512
41484,6992,7010,6960,6980,566234,977418
41485,6932,6980,6894,6964,922742,970132
41486,6924,7050,6924,7016,1015202,971140
41487,6996,7038,6986,7002,601568,986474
41488,7018,7046,6990,7028,751098,989162
41491,6994,7032,6972,6988,627304,990442
41492,7016,7030,6998,7000,529332,964076
41493,6968,6968,6880,6880,836580,1034796
41494,6880,6934,6880,6898,748524,985826
41495,6912,6974,6910,6918,854268,964884
41498,6926,6990,6906,6974,845022,959100
41499,7038,7176,7038,7148,1406326,998530
41500,7128,7168,7078,7080,1038626,1010318
41501,7108,7154,7100,7128,895270,992294
41502,7220,7284,7182,7188,991506,1012066
41505,7252,7274,7218,7236,754908,1044726
41506,7284,7294,7122,7142,972752,1019332
41507,7136,7170,7116,7130,651934,1039734
41508,7120,7150,7070,7098,805456,1067170
41509,7088,7098,7062,7082,711084,1089554
41512,7212,7364,7212,7364,860694,1072610
41513,7456,7456,7356,7398,1061924,1107002
41514,7378,7410,7320,7320,890040,1104348
41515,7348,7354,7088,7212,1353614,1080400
41516,7186,7206,7140,7166,882864,1017470
41519,7186,7288,7186,7286,876978,1025278
41520,7316,7340,7230,7288,992064,1020218
41521,7236,7236,7170,7186,919182,1023510
41522,7176,7226,7168,7186,661182,1034650
41523,7202,7312,7186,7312,1248132,1088764
41526,7316,7344,7300,7322,924818,1103924
41527,7232,7250,7158,7196,1235894,1077892
41528,7218,7238,7188,7236,746802,1071046
41529,7224,7252,7202,7204,827672,1064832
41530,7286,7300,7178,7204,1138820,1061190
41533,7108,7148,7072,7072,840936,1082496
41534,7096,7108,7058,7106,775620,1045434
41535,7112,7128,7060,7076,597296,1038342
41540,7018,7054,6998,7040,540478,1042734
41541,7060,7094,7040,7080,585114,1045390
41542,7062,7092,7040,7056,545498,1049900
41543,7054,7070,7012,7042,517652,1039638
41544,7038,7054,6972,6976,696862,1042750
41547,6954,6992,6920,6946,511118,1007390
41555,6894,7028,6894,6978,740974,1064280
41556,7008,7052,6982,7018,876430,1139298
41557,7030,7072,7016,7064,902328,1140150
41558,7082,7098,7030,7040,781836,1145578
41561,7000,7064,7000,7038,658778,1189552
41562,7044,7084,7020,7080,946244,1182316
41563,7092,7120,7066,7102,987016,1179372
41564,7152,7206,7122,7174,1161724,1179352
41565,7156,7182,7126,7170,861450,1217694
41568,7220,7288,7218,7256,1016714,1222096
41569,7248,7248,7166,7176,847512,1232586
41570,7208,7234,7156,7212,1008300,1237602
41571,7214,7224,7164,7198,950934,1229848
41572,7160,7198,7130,7136,849832,1208484
41575,7120,7142,7108,7130,573120,1193678
41576,7098,7122,7028,7058,912252,1178128
41577,7106,7262,7106,7210,1890686,1233484
41578,7202,7234,7178,7210,1075952,1204942
41579,7206,7294,7198,7290,1410996,1286720
41582,7270,7314,7270,7312,1192558,1298014
41583,7270,7282,7212,7260,1022492,1240190
41584,7240,7246,7200,7210,786508,1217024
41585,7202,7228,7180,7204,698906,1204006
41586,7176,7194,7146,7166,757870,1172438
41589,7166,7216,7134,7134,775046,1171468
41590,7148,7196,7116,7190,835308,1179528
41591,7222,7238,7196,7222,836458,1129744
41592,7226,7294,7226,7282,950536,1171054
41593,7268,7324,7254,7260,1079896,1118508
41596,7220,7234,7180,7182,839358,1144354
41597,7174,7194,7152,7162,864330,1161734
41598,7160,7192,7144,7188,802480,1160166
41599,7194,7290,7186,7274,1264270,1187878
41600,7376,7382,7302,7304,1142350,1190280
41603,7316,7354,7294,7316,874320,1206062
41604,7290,7318,7240,7246,948150,1183158
41605,7238,7280,7230,7278,729538,1183682
41606,7242,7288,7236,7260,755438,1179372
41607,7272,7336,7260,7336,917554,1222324
41610,7328,7364,7314,7318,1062476,1249302
41611,7318,7322,7264,7268,1025192,1239360
41612,7248,7280,7244,7266,732338,1247052
41613,7292,7308,7208,7210,970224,1231792
41614,7240,7248,7196,7236,890454,1206976
41617,7242,7264,7216,7230,778672,1179002
41618,7216,7242,7194,7238,662182,1167184
41619,7222,7270,7208,7262,808270,1186844
41620,7260,7278,7200,7206,828126,1170838
41621,7182,7182,7052,7056,984882,1174184
41624,7078,7086,7014,7018,806098,1193650
41625,7036,7066,7022,7034,762468,1170652
41626,6998,7022,6944,7022,871114,1152112
41627,7002,7028,6960,6962,723010,1163970
41628,6990,7014,6968,6970,681248,1167062
41631,7000,7018,6938,6992,841938,1114354
41632,6972,6986,6926,6950,627986,1120912
41633,6954,6964,6874,6892,704634,1148316
41634,6892,6906,6866,6884,542268,1165018
41635,6864,6940,6856,6934,629954,1154634
41638,6932,6984,6906,6922,681806,1111310
41639,6894,6906,6856,6864,489686,1124308
41641,6882,6948,6882,6934,536290,1136648
41642,6892,6892,6824,6836,625662,1175254
41645,6814,6822,6710,6714,695262,1202800
41646,6692,6698,6628,6634,766476,1164260
41647,6640,6650,6598,6626,812692,1121526
41648,6604,6686,6600,6656,774466,1127656
41649,6680,6712,6654,6668,612266,1126214
41652,6704,6708,6632,6648,574320,1141360
41653,6660,6680,6636,6676,541218,1132866
41654,6678,6678,6616,6636,581516,1150780
41655,6668,6674,6640,6648,411370,1135632
41656,6670,6678,6618,6630,490178,1149708
41659,6620,6734,6576,6722,1001016,1122076
41660,6726,6726,6682,6684,467778,1139536
41661,6682,6708,6652,6686,560888,1121150
41662,6666,6700,6662,6682,448800,1115166
41663,6670,6688,6630,6630,464384,1162958
41666,6622,6630,6550,6560,582528,1204010
41667,6528,6542,6458,6462,544558,1215112
41668,6498,6522,6472,6480,301232,1171592
41669,6460,6460,6400,6418,376866,1152518
41677,6598,6658,6584,6642,609616,1074472
41680,6638,6712,6630,6702,628328,1179524
41681,6684,6692,6634,6642,461640,1184266
41682,6670,6682,6638,6668,408626,1192352
41683,6670,6728,6670,6702,570252,1196262
41684,6748,6774,6744,6770,516574,1206438
41687,6736,6762,6716,6758,472990,1192498
41688,6774,6802,6728,6738,598372,1183628
41689,6852,6892,6826,6834,627502,1187300
41690,6836,6850,6794,6850,459242,1196394
41691,6860,6866,6804,6810,485046,1192814
41694,6850,6860,6798,6858,613744,1174086
41695,6834,6842,6800,6820,452084,1160490
41696,6814,6818,6750,6818,609434,1130736
41697,6862,6910,6842,6862,752236,1142018
41698,6826,6828,6760,6804,608622,1132986
41701,6872,6924,6872,6904,665926,1110590
41702,6908,6954,6890,6904,767150,1081954
41703,7028,7072,6994,7072,925112,1070590
41704,7042,7086,7018,7082,722278,1065822
41705,7158,7180,7142,7170,759548,1055152
41708,7140,7140,7044,7138,969590,1048142
41709,7066,7226,7036,7202,1212900,1103214
41710,7136,7174,7114,7144,869926,1049776
41711,7118,7172,7086,7146,867116,1044654
41712,7104,7128,7010,7040,929642,1033128
41715,7012,7056,6974,6996,866034,1023576
41716,6976,7026,6948,6952,919476,1036312
41717,6990,7012,6966,6998,906040,1082120
41718,6956,6964,6850,6862,967640,1020786
41719,6804,6894,6804,6828,875456,1014620
41722,6814,6886,6812,6872,534944,1010336
41723,6842,6910,6818,6870,761182,1003862
41724,6868,6936,6868,6924,601120,999748
41725,6908,6976,6884,6954,712796,982290
41726,6920,6958,6902,6932,564044,975306
41729,6934,6968,6914,6926,608514,980064
41730,6944,6966,6888,6934,646738,1003236
41731,7022,7136,7022,7066,1187736,1055752
41732,7010,7026,6974,6988,664694,1034504
41733,7052,7076,7026,7074,546720,1059422
41737,7026,7050,7002,7048,436584,1074622
41738,7116,7120,7032,7046,731606,1068416
41739,7108,7140,7046,7050,756584,1045480
41740,7042,7050,6956,7004,728304,1010274
41743,7020,7020,6978,7004,460892,996254
41744,7016,7026,6944,6946,651830,1026408
41745,6998,7050,6978,7050,692588,958026
41746,7090,7110,7072,7094,497320,921278
41747,7072,7074,7028,7056,424394,899504
41750,7060,7090,6972,6980,539190,894884
41751,6978,7050,6956,7040,510820,907272
41752,6996,7014,6946,6990,564686,906988
41753,6984,7000,6964,6974,397668,903860
41754,6988,7034,6982,7002,498188,873506
41757,7040,7078,7026,7054,553122,858666
41758,7002,7042,6996,7028,456434,849160
41759,7030,7038,7010,7024,331992,820530
41764,6926,6940,6878,6888,492770,850594
41765,6870,6882,6848,6862,406668,855834
41766,6848,6884,6848,6864,312922,870494
41767,6856,6864,6810,6820,414548,892236
41768,6836,6868,6828,6862,352564,881434
41771,6868,6880,6850,6854,320780,882994
41772,6850,6922,6832,6918,478936,903956
41773,6926,6952,6906,6928,390298,893378
41774,6918,6946,6912,6932,348800,906578
41775,6920,6920,6854,6884,334622,898182
41778,6844,6864,6828,6834,367588,908010
41779,6828,6854,6804,6810,390112,914766
41780,6784,6804,6770,6776,342782,939430
41781,6814,6874,6814,6868,458064,920366
41782,6880,6916,6856,6900,374100,920504
41785,6868,6886,6850,6866,298288,932244
41786,6866,6896,6844,6856,488586,952394
41787,6840,6902,6816,6890,466654,982980
41788,6860,6894,6858,6868,310224,992722
41789,6848,6854,6818,6828,364632,1019254
41793,6754,6782,6734,6770,412274,1073896
41794,6774,6802,6752,6780,362238,1085530
41795,6830,6862,6822,6824,459320,1087352
41796,6804,6814,6772,6804,283766,1082364
41799,6828,6834,6806,6820,296536,1074256
41800,6838,6848,6774,6776,293472,1087908
41801,6776,6792,6740,6754,371432,1082600
41802,6750,6750,6706,6736,328094,1075674
41803,6752,6784,6744,6774,377746,1066676
41806,6832,6836,6788,6788,459076,1057324
41807,6794,6798,6742,6774,598430,1070106
41808,6774,6812,6774,6774,505826,1054662
41809,6808,6824,6802,6808,403322,1023338
41810,6828,6862,6814,6858,486580,1004978
41813,6860,6996,6858,6984,788686,1058226
41814,6972,7036,6948,7002,976712,1102920
41815,7046,7052,6968,6992,772886,1076048
41816,6982,7018,6980,7010,393054,1083536
41817,6980,7008,6952,6964,438168,1063364
41820,6930,6932,6894,6902,361556,1043188
41821,6764,6770,6696,6734,679610,1009658
41822,6744,6778,6736,6748,343156,1002950
41823,6724,6756,6720,6736,268532,1022266
41824,6736,6744,6696,6698,271648,1011634
41827,6706,6716,6628,6646,454480,989962
41828,6666,6690,6628,6634,296854,1007244
41829,6598,6610,6550,6552,514666,1020664
41830,6506,6614,6484,6560,920504,1033814
41831,6556,6570,6518,6530,374186,1013702
41834,6476,6490,6444,6464,343468,1007376
41835,6472,6496,6426,6430,386396,1043998
41836,6460,6474,6436,6468,355584,1040356
41837,6452,6478,6450,6466,222316,1030520
41838,6406,6464,6392,6440,360634,1058244
41841,6426,6452,6408,6414,250120,1068734
41842,6388,6408,6376,6406,319326,1079832
41843,6386,6404,6354,6364,356146,1075366
41844,6408,6416,6382,6392,247180,1072026
41845,6398,6418,6382,6384,237588,1065074
41848,6420,6436,6390,6414,327774,1063944
41849,6452,6476,6444,6466,343188,1054836
41850,6434,6452,6416,6442,259822,1049014
41851,6420,6474,6416,6448,291956,1043526
41852,6450,6460,6402,6408,272030,1040416
41855,6384,6404,6366,6388,323084,1076840
41856,6420,6424,6386,6390,252298,1062428
41857,6380,6394,6372,6374,202344,1078428
41858,6396,6420,6394,6402,199698,1062832
41859,6400,6410,6382,6400,173272,1056696
41862,6396,6420,6386,6390,285642,1061286
41863,6354,6354,6304,6318,410404,1089564
41864,6324,6344,6304,6306,253700,1077938
41865,6242,6242,6100,6116,799626,1126700
41866,6104,6128,6036,6042,627158,1167552
41869,5994,6026,5966,6010,698172,1126072
41870,6004,6042,6004,6014,332040,1121946
41871,5978,6012,5968,5996,410798,1107642
41872,6022,6062,6018,6040,436394,1081064
41873,6042,6060,6028,6050,278408,1065872
41876,5928,6030,5918,6022,752610,1080170
41877,6030,6054,5998,6002,524224,1072404
41878,6052,6132,6050,6110,853518,1064676
41879,6088,6100,6062,6094,414254,1084444
41880,6094,6124,6054,6078,494492,1113304
41883,6022,6046,5996,6030,433982,1096074
41884,6014,6106,6004,6086,721978,1154922
41885,6076,6100,6048,6054,471760,1145620
41886,6048,6074,6020,6036,426462,1128542
41887,6066,6084,6032,6054,482132,1105336
41891,6050,6066,5976,5978,478446,1122802
41892,5938,5968,5898,5910,604656,1104860
41893,5922,5944,5882,5912,547674,1142602
41894,5920,5994,5916,5988,610556,1099708
41897,6018,6074,5984,6064,839674,1161696
41898,6104,6172,6068,6080,1119210,1169366
41899,6070,6104,6062,6086,604638,1225428
41900,6128,6136,6082,6086,508608,1233876
41901,6036,6036,5970,5972,529998,1233164
41904,5958,5958,5804,5824,881112,1235556
41905,5818,5894,5816,5858,535610,1225316
41906,5872,5920,5872,5894,579552,1249200
41907,5954,6002,5954,5990,656296,1223546
41908,5952,5952,5856,5920,747822,1237214
41911,5828,5878,5828,5854,418762,1219616
41912,5942,5974,5910,5916,392172,1182372
41920,5964,5978,5930,5944,320968,1202226
41921,5936,5998,5932,5998,465876,1226614
41922,5968,5968,5898,5932,554058,1174720
41925,5906,5946,5902,5916,431584,1217560
41926,5964,6008,5954,6000,578498,1191136
41927,5962,5980,5924,5930,478202,1177238
41928,5890,5908,5834,5834,532590,1216780
41929,5878,5886,5806,5822,699326,1241266
41932,5818,5818,5724,5734,775068,1266248
41933,5744,5772,5708,5716,598480,1294612
41934,5732,5770,5718,5750,496676,1228726
41935,5762,5832,5750,5822,631832,1168912
41936,5874,5888,5818,5826,538646,1141022
41939,5796,5796,5762,5766,353214,1163366
41940,5810,5810,5758,5774,394836,1173134
41941,5824,5908,5812,5908,821332,1178698
41942,6014,6068,5976,6014,1257206,1094512
41943,6016,6076,5982,6076,782676,1114196
41946,6088,6104,6034,6040,691374,1116406
41947,5980,6000,5928,5956,698528,1097164
41948,5886,5918,5804,5808,752296,1089330
41949,5854,5864,5816,5848,502076,1096224
41950,5838,5932,5830,5904,691252,1071748
41953,5914,5944,5888,5940,599854,1042040
41954,5908,5914,5880,5900,462700,1033536
41955,5988,6002,5966,5970,591498,1009170
41956,5894,5922,5878,5910,451872,1026118
41957,5878,5912,5860,5870,629622,1039128
41960,5886,5926,5858,5866,566132,1054602
41961,5890,5896,5812,5858,472106,1052094
41962,5864,5900,5828,5866,560226,1028662
41963,5840,5862,5800,5808,461954,1046952
41964,5830,5852,5816,5840,344888,1017144
41967,5866,5906,5846,5858,569268,988538
41968,5898,5914,5870,5878,550212,974340
41969,5892,5912,5862,5862,482700,948004
41970,5874,5892,5842,5892,383048,938754
41971,5828,5828,5766,5790,564060,974556
41974,5612,5622,5560,5562,424960,976362
41975,5656,5692,5626,5644,589434,933054
41976,5536,5658,5536,5650,660414,929072
41977,5670,5702,5650,5678,513486,915800
41978,5676,5730,5640,5716,438484,899732
41981,5744,5780,5736,5748,523102,849164
41982,5724,5728,5656,5718,472612,815502
41983,5748,5776,5724,5736,404836,816280
41984,5686,5720,5676,5676,354608,824302
41985,5698,5732,5666,5668,398654,835812
41988,5698,5724,5670,5696,382000,826488
41989,5680,5682,5618,5630,415132,855478
41990,5620,5654,5600,5630,290066,846224
41991,5638,5652,5614,5616,229916,822156
41992,5622,5634,5574,5596,318044,825668
41995,5610,5668,5606,5640,292766,811390
41996,5626,5654,5620,5628,268308,797470
41997,5634,5656,5596,5606,305054,796620
41998,5584,5622,5584,5612,158496,799522
41999,5626,5642,5608,5612,224388,808666
42002,5640,5760,5602,5722,577414,819488
42003,5726,5802,5708,5742,408650,825456
42004,5724,5764,5712,5756,355022,827248
42009,5678,5698,5626,5660,320152,833196
42010,5638,5728,5638,5716,370434,842828
42011,5712,5750,5686,5708,327190,841014
42012,5750,5788,5728,5752,501408,850252
42013,5770,5794,5732,5756,453056,850058
42016,5754,5780,5744,5758,270452,843560
42017,5752,5754,5654,5662,342406,835114
42018,5662,5692,5612,5632,441956,857902
42019,5630,5668,5594,5654,462700,897622
42020,5656,5698,5612,5630,475228,913250
42023,5632,5708,5454,5602,1024272,879000
42024,5600,5632,5574,5622,412268,903590
42025,5628,5672,5602,5648,610816,934940
42026,5636,5656,5602,5608,533918,993434
42027,5622,5628,5550,5566,685440,1029126
42030,5572,5572,5514,5518,426466,1028254
42031,5522,5546,5486,5492,500126,1037064
42032,5514,5524,5464,5490,503202,1015460
42033,5488,5488,5404,5432,590632,1018722
42034,5394,5422,5318,5354,812754,1067834
42037,5376,5440,5328,5396,627092,1085044
42038,5446,5462,5414,5446,545532,1110050
42039,5474,5528,5436,5444,601172,1075486
42040,5456,5498,5418,5456,703592,1095544
42041,5520,5580,5492,5524,947574,1057590
42044,5550,5550,5506,5516,475840,1061906
42045,5496,5536,5484,5526,354276,1062630
42046,5506,5518,5476,5508,345436,1060368
42047,5486,5506,5466,5484,297798,1051506
42048,5500,5590,5490,5580,470288,999732
42051,5570,5610,5556,5576,310776,990752
42052,5578,5598,5568,5580,115082,978834
42060,5562,5562,5450,5530,218652,976506
42061,5524,5574,5524,5564,326198,1022880
42062,5572,5668,5552,5662,610416,1076932
42065,5678,5764,5670,5748,796312,1094352
42066,5746,5794,5656,5680,852594,1076716
42067,5694,5722,5644,5692,506220,1047980
42068,5670,5670,5560,5572,585088,1022322
42069,5556,5570,5488,5492,489708,1003326
42072,5498,5534,5462,5528,543704,1004818
42073,5516,5538,5476,5480,581092,1023174
42074,5474,5498,5450,5482,493022,1029940
42075,5496,5512,5464,5490,490766,1040738
42076,5472,5504,5458,5462,395468,1057996
42079,5452,5452,5288,5394,662434,1087432
42080,5394,5428,5372,5424,477376,1117784
42081,5382,5396,5356,5388,589604,1161806
42082,5420,5504,5410,5468,871760,1162896
42083,5446,5472,5412,5428,598620,1181140
42086,5406,5474,5390,5464,656532,1190194
42087,5476,5526,5462,5480,809320,1205514
42088,5492,5500,5452,5454,502322,1206628
42089,5484,5494,5438,5484,537346,1206380
42090,5480,5492,5432,5450,475900,1198800
42093,5452,5458,5374,5388,505516,1188244
42094,5402,5418,5356,5366,485936,1180190
42095,5346,5416,5340,5370,596764,1195292
42096,5380,5436,5348,5408,666884,1196548
42097,5398,5420,5380,5410,400564,1186020
42101,5434,5488,5434,5460,318548,1177282
42102,5428,5458,5406,5428,407538,1179996
42103,5410,5420,5374,5380,409374,1166182
42104,5376,5408,5362,5384,458892,1148872
42107,5384,5474,5384,5464,752868,1176838
42108,5450,5482,5426,5444,540340,1147494
42109,5460,5592,5450,5576,1439256,1228848
42110,5564,5646,5548,5588,1213072,1203688
42111,5578,5610,5562,5564,712610,1178506
42114,5564,5652,5558,5640,1143896,1166726
42115,5624,5700,5612,5690,1079198,1184728
42116,5686,5720,5612,5658,1015180,1153606
42117,5666,5722,5638,5680,1099848,1179454
42118,5694,5748,5646,5674,1381918,1140266
42121,5680,5714,5624,5702,930476,1187666
42122,5694,5748,5664,5682,1020462,1201732
42123,5688,5702,5634,5654,718778,1198470
42124,5664,5720,5640,5698,816062,1218030
42128,5688,5814,5678,5808,981416,1317762
42129,5820,5934,5820,5880,1522106,1347200
42130,5898,5990,5894,5950,1526748,1347234
42131,5952,5960,5864,5896,1213436,1321672
42132,5888,5890,5818,5822,1009196,1270754
42135,5846,5930,5830,5926,1089980,1295458
42136,5930,5954,5876,5900,1082580,1279300
42137,5938,5964,5900,5906,1189452,1300902
42138,5906,5916,5852,5900,924326,1305098
42139,5914,5934,5872,5904,1231496,1277296
42142,5878,5892,5850,5886,734754,1231900
42143,5882,5890,5786,5796,772002,1191046
42144,5778,5778,5648,5696,1055520,1139118
42145,5710,5746,5690,5728,619994,1135968
42146,5750,5776,5710,5732,633784,1148628
42149,5702,5722,5658,5700,601876,1155084
42150,5690,5852,5690,5794,1091640,1137500
42151,5784,5834,5776,5800,923910,1142584
42152,5774,5854,5764,5802,893558,1134632
42153,5810,5824,5780,5784,584160,1123180
42156,5806,5954,5792,5926,1689552,1184908
42157,5960,6030,5956,5990,1498470,1206174
42158,5988,6018,5908,5912,1140372,1149334
42159,5910,5952,5850,5908,1043798,1138358
42160,5916,5932,5832,5900,985724,1140336
42163,5908,5946,5852,5868,950280,1150102
42164,5850,5876,5782,5810,861524,1095196
42165,5820,5848,5798,5834,599042,1084200
42166,5852,5878,5820,5862,698652,1078772
42167,5848,5852,5746,5750,814532,1021204
42170,5776,5794,5720,5758,625998,995300
42171,5756,5850,5726,5848,804244,999960
42172,5856,5884,5808,5854,846624,987946
42173,5852,5892,5784,5792,807416,983190
42174,5778,5802,5740,5786,677080,966556
42178,5834,5846,5778,5798,378154,971830
42179,5774,5836,5760,5812,659262,984990
42180,5824,5870,5798,5800,771852,996026
42181,5806,5850,5720,5766,962142,956188
42184,5814,5828,5708,5726,856924,947498
42185,5746,5758,5626,5672,854132,892818
42186,5668,5874,5658,5808,796246,818892
42187,5810,5816,5710,5762,661654,774956
42188,5756,5808,5750,5780,551932,761718
42191,5772,5774,5608,5686,738240,745438
42192,5678,5718,5614,5640,706014,753962
42193,5616,5616,5438,5438,613472,686578
42194,5282,5596,5168,5524,1259672,631466
42195,5566,5634,5558,5634,596160,664440
42198,5692,5704,5556,5620,744612,671370
42199,5614,5750,5586,5708,861074,684824
42200,5702,5742,5648,5672,781088,729322
42201,5656,5670,5586,5640,618796,722308
42202,5662,5684,5570,5612,666498,744814
42205,5586,5642,5556,5634,727822,737516
42206,5636,5676,5622,5672,678816,741226
42207,5682,5698,5636,5662,544376,736436
42208,5638,5640,5590,5594,540448,760250
42209,5602,5624,5550,5576,563484,755774
42212,5558,5584,5466,5486,719130,764626
42213,5452,5496,5418,5474,578542,755408
42214,5470,5540,5470,5502,567760,755330
42215,5484,5526,5470,5486,477738,768852
42216,5518,5538,5476,5482,444602,780598
42219,5472,5500,5386,5404,547934,780786
42220,5472,5500,5368,5446,571520,778726
42221,5472,5506,5456,5494,603076,793976
42222,5488,5492,5422,5432,490954,794972
42223,5438,5500,5388,5494,751222,821794
42226,5476,5584,5462,5528,774062,838608
42227,5522,5656,5522,5612,1071724,832584
42228,5584,5662,5558,5662,861568,839830
42229,5662,5734,5472,5606,1081006,792016
42230,5588,5620,5530,5532,727768,784112
42233,5520,5598,5518,5586,627582,785646
42234,5606,5628,5526,5540,613440,785118
42235,5538,5570,5492,5562,741608,790352
42236,5560,5596,5506,5524,833058,805082
42237,5550,5616,5536,5570,895926,787506
42240,5550,5574,5348,5350,1077638,781112
42241,5278,5396,5194,5214,1408684,718242
42242,5332,5366,5238,5258,1094888,661376
42243,5282,5332,5246,5328,794884,666140
42244,5354,5462,5334,5414,1125652,673836
42247,5418,5432,5368,5378,790530,669252
42248,5358,5432,5346,5392,655550,646856
42249,5376,5390,5322,5360,511128,650542
42254,5330,5350,5302,5322,296650,666814
42255,5342,5406,5328,5394,494498,695098
42256,5418,5436,5400,5404,650148,708216
42257,5414,5438,5362,5430,739842,726890
42258,5416,5456,5410,5416,673784,714822
42261,5394,5428,5346,5414,726362,715198
42262,5432,5474,5378,5388,900288,739530
42263,5378,5400,5346,5400,749764,742300
42264,5402,5410,5362,5362,602436,733986
42265,5354,5396,5348,5356,593104,748978
42268,5338,5366,5310,5360,540980,729782
42269,5368,5378,5296,5308,711728,767216
42270,5292,5316,5260,5280,755542,788080
42271,5304,5324,5272,5310,667798,765370
42272,5294,5410,5290,5386,1269568,734692
42275,5434,5444,5396,5420,459204,750496
42276,5436,5436,5316,5344,776174,710886
42277,5384,5400,5356,5386,435038,705924
42285,5384,5494,5356,5424,-55734,726100
42286,5426,5526,5420,5498,730336,804476
42289,5510,5626,5464,5604,1145264,787190
42290,5594,5640,5532,5622,1036230,840332
42291,5632,5644,5600,5610,816276,862892
42292,5646,5660,5604,5622,782392,885100
42293,5604,5628,5558,5606,912282,889104
42296,5592,5610,5556,5562,706652,877048
42297,5542,5562,5488,5508,404586,849780
42299,5540,5632,5532,5632,936274,910066
42300,5636,5642,5518,5562,1085872,880404
42303,5570,5580,5516,5538,380264,876550
